[2026-03-12T06:06:17-04:00] Compiling mod-5 GPU search binary.
/usr/bin/ld: /apps/software/2024a/software/GCCcore/13.3.0/lib/gcc/x86_64-pc-linux-gnu/13.3.0/libgcc.a(_muldi3.o): unable to initialize decompress status for section .debug_info
/usr/bin/ld: /apps/software/2024a/software/GCCcore/13.3.0/lib/gcc/x86_64-pc-linux-gnu/13.3.0/libgcc.a(_muldi3.o): unable to initialize decompress status for section .debug_info
/usr/bin/ld: /apps/software/2024a/software/GCCcore/13.3.0/lib/gcc/x86_64-pc-linux-gnu/13.3.0/libgcc.a(_muldi3.o): unable to initialize decompress status for section .debug_info
/usr/bin/ld: /apps/software/2024a/software/GCCcore/13.3.0/lib/gcc/x86_64-pc-linux-gnu/13.3.0/libgcc.a(_muldi3.o): unable to initialize decompress status for section .debug_info
/usr/bin/ld: /apps/software/2024a/software/GCCcore/13.3.0/lib/gcc/x86_64-pc-linux-gnu/13.3.0/libgcc.a(_muldi3.o): unable to initialize decompress status for section .debug_info
/usr/bin/ld: /apps/software/2024a/software/GCCcore/13.3.0/lib/gcc/x86_64-pc-linux-gnu/13.3.0/libgcc.a(_muldi3.o): unable to initialize decompress status for section .debug_info
/usr/bin/ld: /apps/software/2024a/software/GCCcore/13.3.0/lib/gcc/x86_64-pc-linux-gnu/13.3.0/libgcc.a(_muldi3.o): unable to initialize decompress status for section .debug_info
/usr/bin/ld: /apps/software/2024a/software/GCCcore/13.3.0/lib/gcc/x86_64-pc-linux-gnu/13.3.0/libgcc.a(_muldi3.o): unable to initialize decompress status for section .debug_info
[2026-03-12T06:06:18-04:00] Starting search on host a1128u05n01.mghpcc.ycrc.yale.edu from level 1 to 2000.
level=1 candidates=2 survivors=0 found=0
level=2 candidates=9 survivors=0 found=0
level=3 candidates=24 survivors=0 found=0
level=4 candidates=50 survivors=0 found=0
level=5 candidates=90 survivors=0 found=0
level=6 candidates=147 survivors=3 found=0
level=7 candidates=224 survivors=0 found=0
level=8 candidates=324 survivors=9 found=0
level=9 candidates=450 survivors=0 found=0
level=10 candidates=605 survivors=5 found=0
level=11 candidates=792 survivors=0 found=0
level=12 candidates=1014 survivors=16 found=0
level=13 candidates=1274 survivors=0 found=0
level=14 candidates=1575 survivors=10 found=0
level=15 candidates=1920 survivors=0 found=0
level=16 candidates=2312 survivors=40 found=0
level=17 candidates=2754 survivors=0 found=0
level=18 candidates=3249 survivors=40 found=0
level=19 candidates=3800 survivors=0 found=0
level=20 candidates=4410 survivors=116 found=0
level=21 candidates=5082 survivors=0 found=0
level=22 candidates=5819 survivors=59 found=0
level=23 candidates=6624 survivors=0 found=0
level=24 candidates=7500 survivors=102 found=0
level=25 candidates=8450 survivors=0 found=0
level=26 candidates=9477 survivors=87 found=0
level=27 candidates=10584 survivors=0 found=0
level=28 candidates=11774 survivors=124 found=0
level=29 candidates=13050 survivors=0 found=0
level=30 candidates=14415 survivors=138 found=0
level=31 candidates=15872 survivors=0 found=0
level=32 candidates=17424 survivors=188 found=0
level=33 candidates=19074 survivors=0 found=0
level=34 candidates=20825 survivors=202 found=0
level=35 candidates=22680 survivors=0 found=0
level=36 candidates=24642 survivors=252 found=0
level=37 candidates=26714 survivors=0 found=0
level=38 candidates=28899 survivors=297 found=0
level=39 candidates=31200 survivors=0 found=0
level=40 candidates=33620 survivors=657 found=0
level=41 candidates=36162 survivors=0 found=0
level=42 candidates=38829 survivors=329 found=0
level=43 candidates=41624 survivors=0 found=0
level=44 candidates=44550 survivors=434 found=0
level=45 candidates=47610 survivors=0 found=0
level=46 candidates=50807 survivors=438 found=0
level=47 candidates=54144 survivors=0 found=0
level=48 candidates=57624 survivors=568 found=0
level=49 candidates=61250 survivors=0 found=0
level=50 candidates=65025 survivors=587 found=0
level=51 candidates=68952 survivors=0 found=0
level=52 candidates=73034 survivors=690 found=0
level=53 candidates=77274 survivors=0 found=0
level=54 candidates=81675 survivors=649 found=0
level=55 candidates=86240 survivors=0 found=0
level=56 candidates=90972 survivors=931 found=0
level=57 candidates=95874 survivors=0 found=0
level=58 candidates=100949 survivors=856 found=0
level=59 candidates=106200 survivors=0 found=0
level=60 candidates=111630 survivors=1730 found=0
level=61 candidates=117242 survivors=0 found=0
level=62 candidates=123039 survivors=957 found=0
level=63 candidates=129024 survivors=0 found=0
level=64 candidates=135200 survivors=1276 found=0
level=65 candidates=141570 survivors=0 found=0
level=66 candidates=148137 survivors=1168 found=0
level=67 candidates=154904 survivors=0 found=0
level=68 candidates=161874 survivors=1477 found=0
level=69 candidates=169050 survivors=0 found=0
level=70 candidates=176435 survivors=1513 found=0
level=71 candidates=184032 survivors=0 found=0
level=72 candidates=191844 survivors=1714 found=0
level=73 candidates=199874 survivors=0 found=0
level=74 candidates=208125 survivors=1617 found=0
level=75 candidates=216600 survivors=0 found=0
level=76 candidates=225302 survivors=2007 found=0
level=77 candidates=234234 survivors=0 found=0
level=78 candidates=243399 survivors=1958 found=0
level=79 candidates=252800 survivors=0 found=0
level=80 candidates=262440 survivors=3650 found=0
level=81 candidates=272322 survivors=0 found=0
level=82 candidates=282449 survivors=2133 found=0
level=83 candidates=292824 survivors=0 found=0
level=84 candidates=303450 survivors=2642 found=0
level=85 candidates=314330 survivors=0 found=0
level=86 candidates=325467 survivors=2617 found=0
level=87 candidates=336864 survivors=0 found=0
level=88 candidates=348524 survivors=2963 found=0
level=89 candidates=360450 survivors=0 found=0
level=90 candidates=372645 survivors=2958 found=0
level=91 candidates=385112 survivors=0 found=0
level=92 candidates=397854 survivors=3429 found=0
level=93 candidates=410874 survivors=0 found=0
level=94 candidates=424175 survivors=3130 found=0
level=95 candidates=437760 survivors=0 found=0
level=96 candidates=451632 survivors=3902 found=0
level=97 candidates=465794 survivors=0 found=0
level=98 candidates=480249 survivors=3722 found=0
level=99 candidates=495000 survivors=0 found=0
level=100 candidates=510050 survivors=6242 found=0
level=101 candidates=525402 survivors=0 found=0
level=102 candidates=541059 survivors=3893 found=0
level=103 candidates=557024 survivors=0 found=0
level=104 candidates=573300 survivors=4835 found=0
level=105 candidates=589890 survivors=0 found=0
level=106 candidates=606797 survivors=4586 found=0
level=107 candidates=624024 survivors=0 found=0
level=108 candidates=641574 survivors=5068 found=0
level=109 candidates=659450 survivors=0 found=0
level=110 candidates=677655 survivors=5209 found=0
level=111 candidates=696192 survivors=0 found=0
level=112 candidates=715064 survivors=5871 found=0
level=113 candidates=734274 survivors=0 found=0
level=114 candidates=753825 survivors=5390 found=0
level=115 candidates=773720 survivors=0 found=0
level=116 candidates=793962 survivors=6481 found=0
level=117 candidates=814554 survivors=0 found=0
level=118 candidates=835499 survivors=6347 found=0
level=119 candidates=856800 survivors=0 found=0
level=120 candidates=878460 survivors=9700 found=0
level=121 candidates=900482 survivors=0 found=0
level=122 candidates=922869 survivors=6591 found=0
level=123 candidates=945624 survivors=0 found=0
level=124 candidates=968750 survivors=7635 found=0
level=125 candidates=992250 survivors=0 found=0
level=126 candidates=1016127 survivors=6863 found=0
level=127 candidates=1040384 survivors=0 found=0
level=128 candidates=1065024 survivors=8499 found=0
level=129 candidates=1090050 survivors=0 found=0
level=130 candidates=1115465 survivors=8766 found=0
level=131 candidates=1141272 survivors=0 found=0
level=132 candidates=1167474 survivors=8500 found=0
level=133 candidates=1194074 survivors=0 found=0
level=134 candidates=1221075 survivors=8899 found=0
level=135 candidates=1248480 survivors=0 found=0
level=136 candidates=1276292 survivors=10487 found=0
level=137 candidates=1304514 survivors=0 found=0
level=138 candidates=1333149 survivors=9358 found=0
level=139 candidates=1362200 survivors=0 found=0
level=140 candidates=1391670 survivors=14678 found=0
level=141 candidates=1421562 survivors=0 found=0
level=142 candidates=1451879 survivors=10303 found=0
level=143 candidates=1482624 survivors=0 found=0
level=144 candidates=1513800 survivors=11674 found=0
level=145 candidates=1545410 survivors=0 found=0
level=146 candidates=1577457 survivors=11038 found=0
level=147 candidates=1609944 survivors=0 found=0
level=148 candidates=1642874 survivors=12614 found=0
level=149 candidates=1676250 survivors=0 found=0
level=150 candidates=1710075 survivors=12300 found=0
level=151 candidates=1744352 survivors=0 found=0
level=152 candidates=1779084 survivors=13669 found=0
level=153 candidates=1814274 survivors=0 found=0
level=154 candidates=1849925 survivors=12861 found=0
level=155 candidates=1886040 survivors=0 found=0
level=156 candidates=1922622 survivors=14143 found=0
level=157 candidates=1959674 survivors=0 found=0
level=158 candidates=1997199 survivors=14312 found=0
level=159 candidates=2035200 survivors=0 found=0
level=160 candidates=2073680 survivors=21361 found=0
level=161 candidates=2112642 survivors=0 found=0
level=162 candidates=2152089 survivors=14322 found=0
level=163 candidates=2192024 survivors=0 found=0
level=164 candidates=2232450 survivors=16959 found=0
level=165 candidates=2273370 survivors=0 found=0
level=166 candidates=2314787 survivors=16129 found=0
level=167 candidates=2356704 survivors=0 found=0
level=168 candidates=2399124 survivors=17588 found=0
level=169 candidates=2442050 survivors=0 found=0
level=170 candidates=2485485 survivors=18116 found=0
level=171 candidates=2529432 survivors=0 found=0
level=172 candidates=2573894 survivors=18957 found=0
level=173 candidates=2618874 survivors=0 found=0
level=174 candidates=2664375 survivors=17231 found=0
level=175 candidates=2710400 survivors=0 found=0
level=176 candidates=2756952 survivors=20916 found=0
level=177 candidates=2804034 survivors=0 found=0
level=178 candidates=2851649 survivors=19978 found=0
level=179 candidates=2899800 survivors=0 found=0
level=180 candidates=2948490 survivors=27234 found=0
level=181 candidates=2997722 survivors=0 found=0
level=182 candidates=3047499 survivors=20536 found=0
level=183 candidates=3097824 survivors=0 found=0
level=184 candidates=3148700 survivors=23788 found=0
level=185 candidates=3200130 survivors=0 found=0
level=186 candidates=3252117 survivors=21034 found=0
level=187 candidates=3304664 survivors=0 found=0
level=188 candidates=3357774 survivors=24589 found=0
level=189 candidates=3411450 survivors=0 found=0
level=190 candidates=3465695 survivors=24845 found=0
level=191 candidates=3520512 survivors=0 found=0
level=192 candidates=3575904 survivors=25515 found=0
level=193 candidates=3631874 survivors=0 found=0
level=194 candidates=3688425 survivors=25088 found=0
level=195 candidates=3745560 survivors=0 found=0
level=196 candidates=3803282 survivors=28065 found=0
level=197 candidates=3861594 survivors=0 found=0
level=198 candidates=3920499 survivors=25572 found=0
level=199 candidates=3980000 survivors=0 found=0
level=200 candidates=4040100 survivors=38259 found=0
level=201 candidates=4100802 survivors=0 found=0
level=202 candidates=4162109 survivors=27780 found=0
level=203 candidates=4224024 survivors=0 found=0
level=204 candidates=4286550 survivors=29852 found=0
level=205 candidates=4349690 survivors=0 found=0
level=206 candidates=4413447 survivors=29397 found=0
level=207 candidates=4477824 survivors=0 found=0
level=208 candidates=4542824 survivors=33109 found=0
level=209 candidates=4608450 survivors=0 found=0
level=210 candidates=4674705 survivors=31552 found=0
level=211 candidates=4741592 survivors=0 found=0
level=212 candidates=4809114 survivors=34179 found=0
level=213 candidates=4877274 survivors=0 found=0
level=214 candidates=4946075 survivors=33037 found=0
level=215 candidates=5015520 survivors=0 found=0
level=216 candidates=5085612 survivors=36147 found=0
level=217 candidates=5156354 survivors=0 found=0
level=218 candidates=5227749 survivors=35385 found=0
level=219 candidates=5299800 survivors=0 found=0
level=220 candidates=5372510 survivors=48417 found=0
level=221 candidates=5445882 survivors=0 found=0
level=222 candidates=5519919 survivors=34385 found=0
level=223 candidates=5594624 survivors=0 found=0
level=224 candidates=5670000 survivors=40985 found=0
level=225 candidates=5746050 survivors=0 found=0
level=226 candidates=5822777 survivors=38576 found=0
level=227 candidates=5900184 survivors=0 found=0
level=228 candidates=5978274 survivors=40318 found=0
level=229 candidates=6057050 survivors=0 found=0
level=230 candidates=6136515 survivors=43209 found=0
level=231 candidates=6216672 survivors=0 found=0
level=232 candidates=6297524 survivors=44831 found=0
level=233 candidates=6379074 survivors=0 found=0
level=234 candidates=6461325 survivors=40559 found=0
level=235 candidates=6544280 survivors=0 found=0
level=236 candidates=6627942 survivors=47346 found=0
level=237 candidates=6712314 survivors=0 found=0
level=238 candidates=6797399 survivors=45258 found=0
level=239 candidates=6883200 survivors=0 found=0
level=240 candidates=6969720 survivors=59994 found=0
level=241 candidates=7056962 survivors=0 found=0
level=242 candidates=7144929 survivors=46653 found=0
level=243 candidates=7233624 survivors=0 found=0
level=244 candidates=7323050 survivors=51070 found=0
level=245 candidates=7413210 survivors=0 found=0
level=246 candidates=7504107 survivors=46570 found=0
level=247 candidates=7595744 survivors=0 found=0
level=248 candidates=7688124 survivors=54064 found=0
level=249 candidates=7781250 survivors=0 found=0
level=250 candidates=7875125 survivors=54760 found=0
level=251 candidates=7969752 survivors=0 found=0
level=252 candidates=8065134 survivors=53125 found=0
level=253 candidates=8161274 survivors=0 found=0
level=254 candidates=8258175 survivors=54201 found=0
level=255 candidates=8355840 survivors=0 found=0
level=256 candidates=8454272 survivors=60568 found=0
level=257 candidates=8553474 survivors=0 found=0
level=258 candidates=8653449 survivors=54890 found=0
level=259 candidates=8754200 survivors=0 found=0
level=260 candidates=8855730 survivors=76068 found=0
level=261 candidates=8958042 survivors=0 found=0
level=262 candidates=9061139 survivors=58732 found=0
level=263 candidates=9165024 survivors=0 found=0
level=264 candidates=9269700 survivors=62899 found=0
level=265 candidates=9375170 survivors=0 found=0
level=266 candidates=9481437 survivors=60762 found=0
level=267 candidates=9588504 survivors=0 found=0
level=268 candidates=9696374 survivors=66166 found=0
level=269 candidates=9805050 survivors=0 found=0
level=270 candidates=9914535 survivors=64427 found=0
level=271 candidates=10024832 survivors=0 found=0
level=272 candidates=10135944 survivors=70258 found=0
level=273 candidates=10247874 survivors=0 found=0
level=274 candidates=10360625 survivors=66956 found=0
level=275 candidates=10474200 survivors=0 found=0
level=276 candidates=10588602 survivors=69448 found=0
level=277 candidates=10703834 survivors=0 found=0
level=278 candidates=10819899 survivors=70383 found=0
level=279 candidates=10936800 survivors=0 found=0
level=280 candidates=11054540 survivors=94085 found=0
level=281 candidates=11173122 survivors=0 found=0
level=282 candidates=11292549 survivors=68566 found=0
level=283 candidates=11412824 survivors=0 found=0
level=284 candidates=11533950 survivors=78417 found=0
level=285 candidates=11655930 survivors=0 found=0
level=286 candidates=11778767 survivors=75040 found=0
level=287 candidates=11902464 survivors=0 found=0
level=288 candidates=12027024 survivors=79396 found=0
level=289 candidates=12152450 survivors=0 found=0
level=290 candidates=12278745 survivors=83116 found=0
level=291 candidates=12405912 survivors=0 found=0
level=292 candidates=12533954 survivors=84382 found=0
level=293 candidates=12662874 survivors=0 found=0
level=294 candidates=12792675 survivors=77022 found=0
level=295 candidates=12923360 survivors=0 found=0
level=296 candidates=13054932 survivors=90644 found=0
level=297 candidates=13187394 survivors=0 found=0
level=298 candidates=13320749 survivors=85593 found=0
level=299 candidates=13455000 survivors=0 found=0
level=300 candidates=13590150 survivors=106814 found=0
level=301 candidates=13726202 survivors=0 found=0
level=302 candidates=13863159 survivors=87483 found=0
level=303 candidates=14001024 survivors=0 found=0
level=304 candidates=14139800 survivors=97313 found=0
level=305 candidates=14279490 survivors=0 found=0
level=306 candidates=14420097 survivors=86637 found=0
level=307 candidates=14561624 survivors=0 found=0
level=308 candidates=14704074 survivors=97958 found=0
level=309 candidates=14847450 survivors=0 found=0
level=310 candidates=14991755 survivors=100419 found=0
level=311 candidates=15136992 survivors=0 found=0
level=312 candidates=15283164 survivors=98708 found=0
level=313 candidates=15430274 survivors=0 found=0
level=314 candidates=15578325 survivors=98501 found=0
level=315 candidates=15727320 survivors=0 found=0
level=316 candidates=15877262 survivors=106757 found=0
level=317 candidates=16028154 survivors=0 found=0
level=318 candidates=16179999 survivors=98607 found=0
level=319 candidates=16332800 survivors=0 found=0
level=320 candidates=16486560 survivors=135067 found=0
level=321 candidates=16641282 survivors=2 found=0
level=322 candidates=16796969 survivors=105489 found=0
level=323 candidates=16953624 survivors=0 found=0
level=324 candidates=17111250 survivors=109687 found=0
level=325 candidates=17269850 survivors=0 found=0
level=326 candidates=17429427 survivors=109202 found=0
level=327 candidates=17589984 survivors=0 found=0
level=328 candidates=17751524 survivors=119746 found=0
level=329 candidates=17914050 survivors=0 found=0
level=330 candidates=18077565 survivors=113784 found=0
level=331 candidates=18242072 survivors=0 found=0
level=332 candidates=18407574 survivors=121919 found=0
level=333 candidates=18574074 survivors=0 found=0
level=334 candidates=18741575 survivors=117986 found=0
level=335 candidates=18910080 survivors=0 found=0
level=336 candidates=19079592 survivors=124071 found=0
level=337 candidates=19250114 survivors=0 found=0
level=338 candidates=19421649 survivors=123223 found=0
level=339 candidates=19594200 survivors=0 found=0
level=340 candidates=19767770 survivors=156835 found=0
level=341 candidates=19942362 survivors=0 found=0
level=342 candidates=20117979 survivors=119077 found=0
level=343 candidates=20294624 survivors=0 found=0
level=344 candidates=20472300 survivors=137120 found=0
level=345 candidates=20651010 survivors=0 found=0
level=346 candidates=20830757 survivors=130200 found=0
level=347 candidates=21011544 survivors=0 found=0
level=348 candidates=21193374 survivors=132127 found=0
level=349 candidates=21376250 survivors=0 found=0
level=350 candidates=21560175 survivors=140445 found=0
level=351 candidates=21745152 survivors=0 found=0
level=352 candidates=21931184 survivors=146271 found=0
level=353 candidates=22118274 survivors=0 found=0
level=354 candidates=22306425 survivors=131702 found=0
level=355 candidates=22495640 survivors=0 found=0
level=356 candidates=22685922 survivors=149876 found=0
level=357 candidates=22877274 survivors=0 found=0
level=358 candidates=23069699 survivors=145221 found=0
level=359 candidates=23263200 survivors=0 found=0
level=360 candidates=23457780 survivors=177647 found=0
level=361 candidates=23653442 survivors=0 found=0
level=362 candidates=23850189 survivors=147731 found=0
level=363 candidates=24048024 survivors=1 found=0
level=364 candidates=24246950 survivors=158402 found=0
level=365 candidates=24446970 survivors=2 found=0
level=366 candidates=24648087 survivors=144481 found=0
level=367 candidates=24850304 survivors=2 found=0
level=368 candidates=25053624 survivors=164876 found=0
level=369 candidates=25258050 survivors=2 found=0
level=370 candidates=25463585 survivors=165319 found=0
level=371 candidates=25670232 survivors=0 found=0
level=372 candidates=25877994 survivors=159405 found=0
level=373 candidates=26086874 survivors=3 found=0
level=374 candidates=26296875 survivors=162630 found=0
level=375 candidates=26508000 survivors=0 found=0
level=376 candidates=26720252 survivors=178564 found=0
level=377 candidates=26933634 survivors=2 found=0
level=378 candidates=27148149 survivors=160627 found=0
level=379 candidates=27363800 survivors=1 found=0
level=380 candidates=27580590 survivors=212344 found=0
level=381 candidates=27798522 survivors=1 found=0
level=382 candidates=28017599 survivors=171675 found=0
level=383 candidates=28237824 survivors=0 found=0
level=384 candidates=28459200 survivors=180053 found=0
level=385 candidates=28681730 survivors=0 found=0
level=386 candidates=28905417 survivors=177443 found=0
level=387 candidates=29130264 survivors=1 found=0
level=388 candidates=29356274 survivors=189126 found=0
level=389 candidates=29583450 survivors=2 found=0
level=390 candidates=29811795 survivors=183190 found=0
level=391 candidates=30041312 survivors=0 found=0
level=392 candidates=30272004 survivors=196522 found=0
level=393 candidates=30503874 survivors=1 found=0
level=394 candidates=30736925 survivors=188452 found=0
level=395 candidates=30971160 survivors=1 found=0
level=396 candidates=31206582 survivors=193704 found=0
level=397 candidates=31443194 survivors=3 found=0
level=398 candidates=31680999 survivors=195523 found=0
level=399 candidates=31920000 survivors=1 found=0
level=400 candidates=32160200 survivors=248483 found=0
level=401 candidates=32401602 survivors=0 found=0
level=402 candidates=32644209 survivors=190220 found=0
level=403 candidates=32888024 survivors=1 found=0
level=404 candidates=33133050 survivors=213413 found=0
level=405 candidates=33379290 survivors=2 found=0
level=406 candidates=33626747 survivors=203717 found=0
level=407 candidates=33875424 survivors=0 found=0
level=408 candidates=34125324 survivors=210965 found=0
level=409 candidates=34376450 survivors=1 found=0
level=410 candidates=34628805 survivors=221775 found=0
level=411 candidates=34882392 survivors=5 found=0
level=412 candidates=35137214 survivors=224841 found=0
level=413 candidates=35393274 survivors=0 found=0
level=414 candidates=35650575 survivors=206220 found=0
level=415 candidates=35909120 survivors=3 found=0
level=416 candidates=36168912 survivors=236602 found=0
level=417 candidates=36429954 survivors=2 found=0
level=418 candidates=36692249 survivors=225378 found=0
level=419 candidates=36955800 survivors=5 found=0
level=420 candidates=37220610 survivors=266038 found=0
level=421 candidates=37486682 survivors=3 found=0
level=422 candidates=37754019 survivors=228895 found=0
level=423 candidates=38022624 survivors=2 found=0
level=424 candidates=38292500 survivors=247514 found=0
level=425 candidates=38563650 survivors=1 found=0
level=426 candidates=38836077 survivors=223064 found=0
level=427 candidates=39109784 survivors=4 found=0
level=428 candidates=39384774 survivors=250423 found=0
level=429 candidates=39661050 survivors=5 found=0
level=430 candidates=39938615 survivors=253779 found=0
level=431 candidates=40217472 survivors=1 found=0
level=432 candidates=40497624 survivors=247948 found=0
level=433 candidates=40779074 survivors=6 found=0
level=434 candidates=41061825 survivors=248407 found=0
level=435 candidates=41345880 survivors=5 found=0
level=436 candidates=41631242 survivors=266174 found=0
level=437 candidates=41917914 survivors=9 found=0
level=438 candidates=42205899 survivors=244759 found=0
level=439 candidates=42495200 survivors=1 found=0
level=440 candidates=42785820 survivors=320886 found=0
level=441 candidates=43077762 survivors=1 found=0
level=442 candidates=43371029 survivors=261264 found=0
level=443 candidates=43665624 survivors=6 found=0
level=444 candidates=43961550 survivors=267565 found=0
level=445 candidates=44258810 survivors=5 found=0
level=446 candidates=44557407 survivors=266931 found=0
level=447 candidates=44857344 survivors=1 found=0
level=448 candidates=45158624 survivors=287915 found=0
level=449 candidates=45461250 survivors=3 found=0
level=450 candidates=45765225 survivors=275168 found=0
level=451 candidates=46070552 survivors=8 found=0
level=452 candidates=46377234 survivors=292647 found=0
level=453 candidates=46685274 survivors=2 found=0
level=454 candidates=46994675 survivors=282087 found=0
level=455 candidates=47305440 survivors=3 found=0
level=456 candidates=47617572 survivors=292110 found=0
level=457 candidates=47931074 survivors=4 found=0
level=458 candidates=48245949 survivors=292281 found=0
level=459 candidates=48562200 survivors=8 found=0
level=460 candidates=48879830 survivors=359099 found=0
level=461 candidates=49198842 survivors=6 found=0
level=462 candidates=49519239 survivors=279102 found=0
level=463 candidates=49841024 survivors=8 found=0
level=464 candidates=50164200 survivors=320410 found=0
level=465 candidates=50488770 survivors=8 found=0
level=466 candidates=50814737 survivors=305403 found=0
level=467 candidates=51142104 survivors=5 found=0
level=468 candidates=51470874 survivors=306580 found=0
level=469 candidates=51801050 survivors=8 found=0
level=470 candidates=52132635 survivors=326840 found=0
level=471 candidates=52465632 survivors=9 found=0
level=472 candidates=52800044 survivors=334279 found=0
level=473 candidates=53135874 survivors=6 found=0
level=474 candidates=53473125 survivors=303105 found=0
level=475 candidates=53811800 survivors=11 found=0
level=476 candidates=54151902 survivors=340815 found=0
level=477 candidates=54493434 survivors=12 found=0
level=478 candidates=54836399 survivors=330047 found=0
level=479 candidates=55180800 survivors=6 found=0
level=480 candidates=55526640 survivors=390253 found=0
level=481 candidates=55873922 survivors=4 found=0
level=482 candidates=56222649 survivors=335468 found=0
level=483 candidates=56572824 survivors=9 found=0
level=484 candidates=56924450 survivors=356887 found=0
level=485 candidates=57277530 survivors=18 found=0
level=486 candidates=57632067 survivors=325221 found=0
level=487 candidates=57988064 survivors=8 found=0
level=488 candidates=58345524 survivors=368102 found=0
level=489 candidates=58704450 survivors=5 found=0
level=490 candidates=59064845 survivors=367599 found=0
level=491 candidates=59426712 survivors=15 found=0
level=492 candidates=59790054 survivors=354046 found=0
level=493 candidates=60154874 survivors=7 found=0
level=494 candidates=60521175 survivors=359844 found=0
level=495 candidates=60888960 survivors=9 found=0
level=496 candidates=61258232 survivors=387824 found=0
level=497 candidates=61628994 survivors=9 found=0
level=498 candidates=62001249 survivors=353682 found=0
level=499 candidates=62375000 survivors=11 found=0
level=500 candidates=62750250 survivors=453296 found=0
level=501 candidates=63127002 survivors=14 found=0
level=502 candidates=63505259 survivors=376140 found=0
level=503 candidates=63885024 survivors=12 found=0
level=504 candidates=64266300 survivors=385909 found=0
level=505 candidates=64649090 survivors=7 found=0
level=506 candidates=65033397 survivors=385118 found=0
level=507 candidates=65419224 survivors=22 found=0
level=508 candidates=65806574 survivors=408328 found=0
level=509 candidates=66195450 survivors=17 found=0
level=510 candidates=66585855 survivors=391883 found=0
level=511 candidates=66977792 survivors=9 found=0
level=512 candidates=67371264 survivors=422096 found=0
level=513 candidates=67766274 survivors=10 found=0
level=514 candidates=68162825 survivors=403890 found=0
level=515 candidates=68560920 survivors=14 found=0
level=516 candidates=68960562 survivors=410387 found=0
level=517 candidates=69361754 survivors=19 found=0
level=518 candidates=69764499 survivors=413501 found=0
level=519 candidates=70168800 survivors=16 found=0
level=520 candidates=70574660 survivors=508285 found=0
level=521 candidates=70982082 survivors=17 found=0
level=522 candidates=71391069 survivors=400907 found=0
level=523 candidates=71801624 survivors=17 found=0
level=524 candidates=72213750 survivors=449162 found=0
level=525 candidates=72627450 survivors=9 found=0
level=526 candidates=73042727 survivors=430414 found=0
level=527 candidates=73459584 survivors=27 found=0
level=528 candidates=73878024 survivors=438845 found=0
level=529 candidates=74298050 survivors=18 found=0
level=530 candidates=74719665 survivors=459977 found=0
level=531 candidates=75142872 survivors=18 found=0
level=532 candidates=75567674 survivors=463626 found=0
level=533 candidates=75994074 survivors=14 found=0
level=534 candidates=76422075 survivors=427355 found=0
level=535 candidates=76851680 survivors=24 found=0
level=536 candidates=77282892 survivors=484415 found=0
level=537 candidates=77715714 survivors=19 found=0
level=538 candidates=78150149 survivors=464020 found=0
level=539 candidates=78586200 survivors=18 found=0
level=540 candidates=79023870 survivors=533082 found=0
level=541 candidates=79463162 survivors=25 found=0
level=542 candidates=79904079 survivors=469369 found=0
level=543 candidates=80346624 survivors=24 found=0
level=544 candidates=80790800 survivors=503370 found=0
level=545 candidates=81236610 survivors=17 found=0
level=546 candidates=81684057 survivors=452367 found=0
level=547 candidates=82133144 survivors=15 found=0
level=548 candidates=82583874 survivors=506330 found=0
level=549 candidates=83036250 survivors=29 found=0
level=550 candidates=83490275 survivors=511250 found=0
level=551 candidates=83945952 survivors=19 found=0
level=552 candidates=84403284 survivors=496745 found=0
level=553 candidates=84862274 survivors=22 found=0
level=554 candidates=85322925 survivors=503271 found=0
level=555 candidates=85785240 survivors=24 found=0
level=556 candidates=86249222 survivors=531745 found=0
level=557 candidates=86714874 survivors=18 found=0
level=558 candidates=87182199 survivors=488801 found=0
level=559 candidates=87651200 survivors=23 found=0
level=560 candidates=88121880 survivors=622175 found=0
level=561 candidates=88594242 survivors=23 found=0
level=562 candidates=89068289 survivors=520649 found=0
level=563 candidates=89544024 survivors=27 found=0
level=564 candidates=90021450 survivors=526273 found=0
level=565 candidates=90500570 survivors=25 found=0
level=566 candidates=90981387 survivors=532447 found=0
level=567 candidates=91463904 survivors=21 found=0
level=568 candidates=91948124 survivors=566685 found=0
level=569 candidates=92434050 survivors=22 found=0
level=570 candidates=92921685 survivors=539949 found=0
level=571 candidates=93411032 survivors=34 found=0
level=572 candidates=93902094 survivors=570343 found=0
level=573 candidates=94394874 survivors=32 found=0
level=574 candidates=94889375 survivors=550926 found=0
level=575 candidates=95385600 survivors=20 found=0
level=576 candidates=95883552 survivors=569103 found=0
level=577 candidates=96383234 survivors=19 found=0
level=578 candidates=96884649 survivors=568998 found=0
level=579 candidates=97387800 survivors=42 found=0
level=580 candidates=97892690 survivors=680284 found=0
level=581 candidates=98399322 survivors=42 found=0
level=582 candidates=98907699 survivors=547716 found=0
level=583 candidates=99417824 survivors=29 found=0
level=584 candidates=99929700 survivors=617456 found=0
level=585 candidates=100443330 survivors=33 found=0
level=586 candidates=100958717 survivors=587239 found=0
level=587 candidates=101475864 survivors=38 found=0
level=588 candidates=101994774 survivors=586347 found=0
level=589 candidates=102515450 survivors=32 found=0
level=590 candidates=103037895 survivors=624291 found=0
level=591 candidates=103562112 survivors=34 found=0
level=592 candidates=104088104 survivors=635565 found=0
level=593 candidates=104615874 survivors=39 found=0
level=594 candidates=105145425 survivors=580141 found=0
level=595 candidates=105676760 survivors=29 found=0
level=596 candidates=106209882 survivors=648676 found=0
level=597 candidates=106744794 survivors=46 found=0
level=598 candidates=107281499 survivors=626082 found=0
level=599 candidates=107820000 survivors=44 found=0
level=600 candidates=108360300 survivors=720249 found=0
level=601 candidates=108902402 survivors=36 found=0
level=602 candidates=109446309 survivors=631671 found=0
level=603 candidates=109992024 survivors=44 found=0
level=604 candidates=110539550 survivors=671080 found=0
level=605 candidates=111088890 survivors=52 found=0
level=606 candidates=111640047 survivors=613477 found=0
level=607 candidates=112193024 survivors=31 found=0
level=608 candidates=112747824 survivors=685800 found=0
level=609 candidates=113304450 survivors=24 found=0
level=610 candidates=113862905 survivors=689307 found=0
level=611 candidates=114423192 survivors=45 found=0
level=612 candidates=114985314 survivors=658648 found=0
level=613 candidates=115549274 survivors=54 found=0
level=614 candidates=116115075 survivors=674700 found=0
level=615 candidates=116682720 survivors=38 found=0
level=616 candidates=117252212 survivors=718235 found=0
level=617 candidates=117823554 survivors=33 found=0
level=618 candidates=118396749 survivors=655773 found=0
level=619 candidates=118971800 survivors=48 found=0
level=620 candidates=119548710 survivors=820043 found=0
level=621 candidates=120127482 survivors=55 found=0
level=622 candidates=120708119 survivors=696066 found=0
level=623 candidates=121290624 survivors=39 found=0
level=624 candidates=121875000 survivors=710355 found=0
level=625 candidates=122461250 survivors=33 found=0
level=626 candidates=123049377 survivors=709709 found=0
level=627 candidates=123639384 survivors=41 found=0
level=628 candidates=124231274 survivors=747155 found=0
level=629 candidates=124825050 survivors=65 found=0
level=630 candidates=125420715 survivors=714805 found=0
level=631 candidates=126018272 survivors=58 found=0
level=632 candidates=126617724 survivors=766278 found=0
level=633 candidates=127219074 survivors=45 found=0
level=634 candidates=127822325 survivors=738718 found=0
level=635 candidates=128427480 survivors=69 found=0
level=636 candidates=129034542 survivors=743326 found=0
level=637 candidates=129643514 survivors=63 found=0
level=638 candidates=130254399 survivors=753064 found=0
level=639 candidates=130867200 survivors=56 found=0
level=640 candidates=131481920 survivors=903924 found=0
level=641 candidates=132098562 survivors=61 found=0
level=642 candidates=132717129 survivors=726285 found=0
level=643 candidates=133337624 survivors=53 found=0
level=644 candidates=133960050 survivors=801620 found=0
level=645 candidates=134584410 survivors=73 found=0
level=646 candidates=135210707 survivors=775718 found=0
level=647 candidates=135838944 survivors=63 found=0
level=648 candidates=136469124 survivors=786374 found=0
level=649 candidates=137101250 survivors=65 found=0
level=650 candidates=137735325 survivors=822283 found=0
level=651 candidates=138371352 survivors=73 found=0
level=652 candidates=139009334 survivors=829157 found=0
level=653 candidates=139649274 survivors=64 found=0
level=654 candidates=140291175 survivors=766600 found=0
level=655 candidates=140935040 survivors=77 found=0
level=656 candidates=141580872 survivors=860487 found=0
level=657 candidates=142228674 survivors=49 found=0
level=658 candidates=142878449 survivors=822496 found=0
level=659 candidates=143530200 survivors=83 found=0
level=660 candidates=144183930 survivors=929476 found=0
level=661 candidates=144839642 survivors=107 found=0
level=662 candidates=145497339 survivors=833006 found=0
level=663 candidates=146157024 survivors=56 found=0
level=664 candidates=146818700 survivors=886730 found=0
level=665 candidates=147482370 survivors=66 found=0
level=666 candidates=148148037 survivors=806167 found=0
level=667 candidates=148815704 survivors=78 found=0
level=668 candidates=149485374 survivors=889363 found=0
level=669 candidates=150157050 survivors=80 found=0
level=670 candidates=150830735 survivors=899735 found=0
level=671 candidates=151506432 survivors=81 found=0
level=672 candidates=152184144 survivors=864574 found=0
level=673 candidates=152863874 survivors=73 found=0
level=674 candidates=153545625 survivors=881009 found=0
level=675 candidates=154229400 survivors=74 found=0
level=676 candidates=154915202 survivors=927099 found=0
level=677 candidates=155603034 survivors=81 found=0
level=678 candidates=156292899 survivors=853113 found=0
level=679 candidates=156984800 survivors=85 found=0
level=680 candidates=157678740 survivors=1067301 found=0
level=681 candidates=158374722 survivors=75 found=0
level=682 candidates=159072749 survivors=907556 found=0
level=683 candidates=159772824 survivors=70 found=0
level=684 candidates=160474950 survivors=914547 found=0
level=685 candidates=161179130 survivors=91 found=0
level=686 candidates=161885367 survivors=918456 found=0
level=687 candidates=162593664 survivors=72 found=0
level=688 candidates=163304024 survivors=976963 found=0
level=689 candidates=164016450 survivors=85 found=0
level=690 candidates=164730945 survivors=930138 found=0
level=691 candidates=165447512 survivors=116 found=0
level=692 candidates=166166154 survivors=985839 found=0
level=693 candidates=166886874 survivors=97 found=0
level=694 candidates=167609675 survivors=957855 found=0
level=695 candidates=168334560 survivors=86 found=0
level=696 candidates=169061532 survivors=970261 found=0
level=697 candidates=169790594 survivors=103 found=0
level=698 candidates=170521749 survivors=976672 found=0
level=699 candidates=171255000 survivors=96 found=0
level=700 candidates=171990350 survivors=1143515 found=0
level=701 candidates=172727802 survivors=117 found=0
level=702 candidates=173467359 survivors=938074 found=0
level=703 candidates=174209024 survivors=88 found=0
level=704 candidates=174952800 survivors=1048396 found=0
level=705 candidates=175698690 survivors=72 found=0
level=706 candidates=176446697 survivors=1003641 found=0
level=707 candidates=177196824 survivors=133 found=0
level=708 candidates=177949074 survivors=999623 found=0
level=709 candidates=178703450 survivors=126 found=0
level=710 candidates=179459955 survivors=1060608 found=0
level=711 candidates=180218592 survivors=97 found=0
level=712 candidates=180979364 survivors=1079307 found=0
level=713 candidates=181742274 survivors=106 found=0
level=714 candidates=182507325 survivors=981809 found=0
level=715 candidates=183274520 survivors=129 found=0
level=716 candidates=184043862 survivors=1097034 found=0
level=717 candidates=184815354 survivors=110 found=0
level=718 candidates=185588999 survivors=1059906 found=0
level=719 candidates=186364800 survivors=97 found=0
level=720 candidates=187142760 survivors=1197154 found=0
level=721 candidates=187922882 survivors=122 found=0
level=722 candidates=188705169 survivors=1072068 found=0
level=723 candidates=189489624 survivors=95 found=0
level=724 candidates=190276250 survivors=1129133 found=0
level=725 candidates=191065050 survivors=119 found=0
level=726 candidates=191856027 survivors=1031784 found=0
level=727 candidates=192649184 survivors=115 found=0
level=728 candidates=193444524 survivors=1143449 found=0
level=729 candidates=194242050 survivors=136 found=0
level=730 candidates=195041765 survivors=1150367 found=0
level=731 candidates=195843672 survivors=135 found=0
level=732 candidates=196647774 survivors=1098932 found=0
level=733 candidates=197454074 survivors=128 found=0
level=734 candidates=198262575 survivors=1125968 found=0
level=735 candidates=199073280 survivors=117 found=0
level=736 candidates=199886192 survivors=1195782 found=0
level=737 candidates=200701314 survivors=112 found=0
level=738 candidates=201518649 survivors=1092659 found=0
level=739 candidates=202338200 survivors=154 found=0
level=740 candidates=203159970 survivors=1338899 found=0
level=741 candidates=203983962 survivors=149 found=0
level=742 candidates=204810179 survivors=1154505 found=0
level=743 candidates=205638624 survivors=115 found=0
level=744 candidates=206469300 survivors=1171913 found=0
level=745 candidates=207302210 survivors=123 found=0
level=746 candidates=208137357 survivors=1174643 found=0
level=747 candidates=208974744 survivors=127 found=0
level=748 candidates=209814374 survivors=1228753 found=0
level=749 candidates=210656250 survivors=156 found=0
level=750 candidates=211500375 survivors=1182168 found=0
level=751 candidates=212346752 survivors=160 found=0
level=752 candidates=213195384 survivors=1258650 found=0
level=753 candidates=214046274 survivors=130 found=0
level=754 candidates=214899425 survivors=1214626 found=0
level=755 candidates=215754840 survivors=171 found=0
level=756 candidates=216612522 survivors=1212437 found=0
level=757 candidates=217472474 survivors=144 found=0
level=758 candidates=218334699 survivors=1240584 found=0
level=759 candidates=219199200 survivors=124 found=0
level=760 candidates=220065980 survivors=1456064 found=0
level=761 candidates=220935042 survivors=159 found=0
level=762 candidates=221806389 survivors=1186050 found=0
level=763 candidates=222680024 survivors=169 found=0
level=764 candidates=223555950 survivors=1313629 found=0
level=765 candidates=224434170 survivors=145 found=0
level=766 candidates=225314687 survivors=1268115 found=0
level=767 candidates=226197504 survivors=139 found=0
level=768 candidates=227082624 survivors=1276522 found=0
level=769 candidates=227970050 survivors=156 found=0
level=770 candidates=228859785 survivors=1332924 found=0
level=771 candidates=229751832 survivors=154 found=0
level=772 candidates=230646194 survivors=1346546 found=0
level=773 candidates=231542874 survivors=172 found=0
level=774 candidates=232441875 survivors=1243224 found=0
level=775 candidates=233343200 survivors=171 found=0
level=776 candidates=234246852 survivors=1385763 found=0
level=777 candidates=235152834 survivors=158 found=0
level=778 candidates=236061149 survivors=1335618 found=0
level=779 candidates=236971800 survivors=207 found=0
level=780 candidates=237884790 survivors=1481029 found=0
level=781 candidates=238800122 survivors=194 found=0
level=782 candidates=239717799 survivors=1344362 found=0
level=783 candidates=240637824 survivors=140 found=0
level=784 candidates=241560200 survivors=1421219 found=0
level=785 candidates=242484930 survivors=163 found=0
level=786 candidates=243412017 survivors=1300545 found=0
level=787 candidates=244341464 survivors=200 found=0
level=788 candidates=245273274 survivors=1430426 found=0
level=789 candidates=246207450 survivors=219 found=0
level=790 candidates=247143995 survivors=1442456 found=0
level=791 candidates=248082912 survivors=205 found=0
level=792 candidates=249024204 survivors=1386925 found=0
level=793 candidates=249967874 survivors=184 found=0
level=794 candidates=250913925 survivors=1411527 found=0
level=795 candidates=251862360 survivors=197 found=0
level=796 candidates=252813182 survivors=1479646 found=0
level=797 candidates=253766394 survivors=197 found=0
level=798 candidates=254721999 survivors=1357773 found=0
level=799 candidates=255680000 survivors=215 found=0
level=800 candidates=256640400 survivors=1679166 found=0
level=801 candidates=257603202 survivors=164 found=0
level=802 candidates=258568409 survivors=1449014 found=0
level=803 candidates=259536024 survivors=220 found=0
level=804 candidates=260506050 survivors=1448234 found=0
level=805 candidates=261478490 survivors=215 found=0
level=806 candidates=262453347 survivors=1469495 found=0
level=807 candidates=263430624 survivors=201 found=0
level=808 candidates=264410324 survivors=1545111 found=0
level=809 candidates=265392450 survivors=220 found=0
level=810 candidates=266377005 survivors=1474690 found=0
level=811 candidates=267363992 survivors=245 found=0
level=812 candidates=268353414 survivors=1549059 found=0
level=813 candidates=269345274 survivors=225 found=0
level=814 candidates=270339575 survivors=1510522 found=0
level=815 candidates=271336320 survivors=211 found=0
level=816 candidates=272335512 survivors=1527678 found=0
level=817 candidates=273337154 survivors=231 found=0
level=818 candidates=274341249 survivors=1541395 found=0
level=819 candidates=275347800 survivors=247 found=0
level=820 candidates=276356810 survivors=1783858 found=0
level=821 candidates=277368282 survivors=260 found=0
level=822 candidates=278382219 survivors=1476818 found=0
level=823 candidates=279398624 survivors=247 found=0
level=824 candidates=280417500 survivors=1643181 found=0
level=825 candidates=281438850 survivors=215 found=0
level=826 candidates=282462677 survivors=1570971 found=0
level=827 candidates=283488984 survivors=278 found=0
level=828 candidates=284517774 survivors=1564130 found=0
level=829 candidates=285549050 survivors=258 found=0
level=830 candidates=286582815 survivors=1658790 found=0
level=831 candidates=287619072 survivors=227 found=0
level=832 candidates=288657824 survivors=1680657 found=0
level=833 candidates=289699074 survivors=240 found=0
level=834 candidates=290742825 survivors=1543077 found=0
level=835 candidates=291789080 survivors=256 found=0
level=836 candidates=292837842 survivors=1699134 found=0
level=837 candidates=293889114 survivors=255 found=0
level=838 candidates=294942899 survivors=1650597 found=0
level=839 candidates=295999200 survivors=241 found=0
level=840 candidates=297058020 survivors=1827943 found=0
level=841 candidates=298119362 survivors=285 found=0
level=842 candidates=299183229 survivors=1662766 found=0
level=843 candidates=300249624 survivors=264 found=0
level=844 candidates=301318550 survivors=1746898 found=0
level=845 candidates=302390010 survivors=303 found=0
level=846 candidates=303464007 survivors=1605144 found=0
level=847 candidates=304540544 survivors=260 found=0
level=848 candidates=305619624 survivors=1776625 found=0
level=849 candidates=306701250 survivors=250 found=0
level=850 candidates=307785425 survivors=1777601 found=0
level=851 candidates=308872152 survivors=282 found=0
level=852 candidates=309961434 survivors=1697450 found=0
level=853 candidates=311053274 survivors=293 found=0
level=854 candidates=312147675 survivors=1735099 found=0
level=855 candidates=313244640 survivors=251 found=0
level=856 candidates=314344172 survivors=1835790 found=0
level=857 candidates=315446274 survivors=260 found=0
level=858 candidates=316550949 survivors=1677585 found=0
level=859 candidates=317658200 survivors=323 found=0
level=860 candidates=318768030 survivors=2040970 found=0
level=861 candidates=319880442 survivors=286 found=0
level=862 candidates=320995439 survivors=1784869 found=0
level=863 candidates=322113024 survivors=251 found=0
level=864 candidates=323233200 survivors=1798531 found=0
level=865 candidates=324355970 survivors=299 found=0
level=866 candidates=325481337 survivors=1805515 found=0
level=867 candidates=326609304 survivors=289 found=0
level=868 candidates=327739874 survivors=1874364 found=0
level=869 candidates=328873050 survivors=345 found=0
level=870 candidates=330008835 survivors=1806852 found=0
level=871 candidates=331147232 survivors=294 found=0
level=872 candidates=332288244 survivors=1921829 found=0
level=873 candidates=333431874 survivors=306 found=0
level=874 candidates=334578125 survivors=1857020 found=0
level=875 candidates=335727000 survivors=330 found=0
level=876 candidates=336878502 survivors=1851170 found=0
level=877 candidates=338032634 survivors=353 found=0
level=878 candidates=339189399 survivors=1889176 found=0
level=879 candidates=340348800 survivors=293 found=0
level=880 candidates=341510840 survivors=2189579 found=0
level=881 candidates=342675522 survivors=350 found=0
level=882 candidates=343842849 survivors=1805652 found=0
level=883 candidates=345012824 survivors=366 found=0
level=884 candidates=346185450 survivors=1993229 found=0
level=885 candidates=347360730 survivors=328 found=0
level=886 candidates=348538667 survivors=1933167 found=0
level=887 candidates=349719264 survivors=331 found=0
level=888 candidates=350902524 survivors=1926577 found=0
level=889 candidates=352088450 survivors=349 found=0
level=890 candidates=353277045 survivors=2027218 found=0
level=891 candidates=354468312 survivors=315 found=0
level=892 candidates=355662254 survivors=2036245 found=0
level=893 candidates=356858874 survivors=374 found=0
level=894 candidates=358058175 survivors=1882702 found=0
level=895 candidates=359260160 survivors=347 found=0
level=896 candidates=360464832 survivors=2087270 found=0
level=897 candidates=361672194 survivors=336 found=0
level=898 candidates=362882249 survivors=2015675 found=0
level=899 candidates=364095000 survivors=395 found=0
level=900 candidates=365310450 survivors=2211629 found=0
level=901 candidates=366528602 survivors=375 found=0
level=902 candidates=367749459 survivors=2025593 found=0
level=903 candidates=368973024 survivors=322 found=0
level=904 candidates=370199300 survivors=2141047 found=0
level=905 candidates=371428290 survivors=370 found=0
level=906 candidates=372659997 survivors=1953936 found=0
level=907 candidates=373894424 survivors=399 found=0
level=908 candidates=375131574 survivors=2144938 found=0
level=909 candidates=376371450 survivors=383 found=0
level=910 candidates=377614055 survivors=2150314 found=0
level=911 candidates=378859392 survivors=383 found=0
level=912 candidates=380107464 survivors=2079624 found=0
level=913 candidates=381358274 survivors=385 found=0
level=914 candidates=382611825 survivors=2116776 found=0
level=915 candidates=383868120 survivors=369 found=0
level=916 candidates=385127162 survivors=2213703 found=0
level=917 candidates=386388954 survivors=409 found=0
level=918 candidates=387653499 survivors=2041033 found=0
level=919 candidates=388920800 survivors=419 found=0
level=920 candidates=390190860 survivors=2481724 found=0
level=921 candidates=391463682 survivors=383 found=0
level=922 candidates=392739269 survivors=2163752 found=0
level=923 candidates=394017624 survivors=420 found=0
level=924 candidates=395298750 survivors=2148586 found=0
level=925 candidates=396582650 survivors=468 found=0
level=926 candidates=397869327 survivors=2190101 found=0
level=927 candidates=399158784 survivors=401 found=0
level=928 candidates=400451024 survivors=2298807 found=0
level=929 candidates=401746050 survivors=450 found=0
level=930 candidates=403043865 survivors=2191902 found=0
level=931 candidates=404344472 survivors=486 found=0
level=932 candidates=405647874 survivors=2306607 found=0
level=933 candidates=406954074 survivors=452 found=0
level=934 candidates=408263075 survivors=2252254 found=0
level=935 candidates=409574880 survivors=437 found=0
level=936 candidates=410889492 survivors=2259504 found=0
level=937 candidates=412206914 survivors=430 found=0
level=938 candidates=413527149 survivors=2275237 found=0
level=939 candidates=414850200 survivors=504 found=0
level=940 candidates=416176070 survivors=2620516 found=0
level=941 candidates=417504762 survivors=493 found=0
level=942 candidates=418836279 survivors=2188233 found=0
level=943 candidates=420170624 survivors=463 found=0
level=944 candidates=421507800 survivors=2426282 found=0
level=945 candidates=422847810 survivors=425 found=0
level=946 candidates=424190657 survivors=2331071 found=0
level=947 candidates=425536344 survivors=523 found=0
level=948 candidates=426884874 survivors=2307651 found=0
level=949 candidates=428236250 survivors=537 found=0
level=950 candidates=429590475 survivors=2441169 found=0
level=951 candidates=430947552 survivors=389 found=0
level=952 candidates=432307484 survivors=2460374 found=0
level=953 candidates=433670274 survivors=503 found=0
level=954 candidates=435035925 survivors=2274111 found=0
level=955 candidates=436404440 survivors=544 found=0
level=956 candidates=437775822 survivors=2500110 found=0
level=957 candidates=439150074 survivors=519 found=0
level=958 candidates=440527199 survivors=2427634 found=0
level=959 candidates=441907200 survivors=527 found=0
level=960 candidates=443290080 survivors=2665594 found=0
level=961 candidates=444675842 survivors=496 found=0
level=962 candidates=446064489 survivors=2445586 found=0
level=963 candidates=447456024 survivors=489 found=0
level=964 candidates=448850450 survivors=2552471 found=0
level=965 candidates=450247770 survivors=554 found=0
level=966 candidates=451647987 survivors=2340285 found=0
level=967 candidates=453051104 survivors=520 found=0
level=968 candidates=454457124 survivors=2589846 found=0
level=969 candidates=455866050 survivors=501 found=0
level=970 candidates=457277885 survivors=2593680 found=0
level=971 candidates=458692632 survivors=571 found=0
level=972 candidates=460110294 survivors=2478879 found=0
level=973 candidates=461530874 survivors=551 found=0
level=974 candidates=462954375 survivors=2540579 found=0
level=975 candidates=464380800 survivors=445 found=0
level=976 candidates=465810152 survivors=2673558 found=0
level=977 candidates=467242434 survivors=546 found=0
level=978 candidates=468677649 survivors=2448282 found=0
level=979 candidates=470115800 survivors=638 found=0
level=980 candidates=471556890 survivors=2931438 found=0
level=981 candidates=473000922 survivors=553 found=0
level=982 candidates=474447899 survivors=2595125 found=0
level=983 candidates=475897824 survivors=568 found=0
level=984 candidates=477350700 survivors=2602187 found=0
level=985 candidates=478806530 survivors=642 found=0
level=986 candidates=480265317 survivors=2623222 found=0
level=987 candidates=481727064 survivors=581 found=0
level=988 candidates=483191774 survivors=2728109 found=0
level=989 candidates=484659450 survivors=602 found=0
level=990 candidates=486130095 survivors=2615892 found=0
level=991 candidates=487603712 survivors=612 found=0
level=992 candidates=489080304 survivors=2783700 found=0
level=993 candidates=490559874 survivors=546 found=0
level=994 candidates=492042425 survivors=2686737 found=0
level=995 candidates=493527960 survivors=702 found=0
level=996 candidates=495016482 survivors=2675407 found=0
level=997 candidates=496507994 survivors=633 found=0
level=998 candidates=498002499 survivors=2733897 found=0
level=999 candidates=499500000 survivors=605 found=0
level=1000 candidates=501000500 survivors=3133330 found=0
level=1001 candidates=502504002 survivors=604 found=0
level=1002 candidates=504010509 survivors=2617294 found=0
level=1003 candidates=505520024 survivors=657 found=0
level=1004 candidates=507032550 survivors=2871580 found=0
level=1005 candidates=508548090 survivors=619 found=0
level=1006 candidates=510066647 survivors=2782346 found=0
level=1007 candidates=511588224 survivors=643 found=0
level=1008 candidates=513112824 survivors=2767190 found=0
level=1009 candidates=514640450 survivors=665 found=0
level=1010 candidates=516171105 survivors=2913729 found=0
level=1011 candidates=517704792 survivors=600 found=0
level=1012 candidates=519241514 survivors=2924054 found=0
level=1013 candidates=520781274 survivors=726 found=0
level=1014 candidates=522324075 survivors=2707165 found=0
level=1015 candidates=523869920 survivors=624 found=0
level=1016 candidates=525418812 survivors=2996207 found=0
level=1017 candidates=526970754 survivors=598 found=0
level=1018 candidates=528525749 survivors=2889761 found=0
level=1019 candidates=530083800 survivors=767 found=0
level=1020 candidates=531644910 survivors=3133221 found=0
level=1021 candidates=533209082 survivors=729 found=0
level=1022 candidates=534776319 survivors=2897337 found=0
level=1023 candidates=536346624 survivors=582 found=0
level=1024 candidates=537920000 survivors=3059317 found=0
level=1025 candidates=539496450 survivors=666 found=0
level=1026 candidates=541075977 survivors=2800511 found=0
level=1027 candidates=542658584 survivors=705 found=0
level=1028 candidates=544244274 survivors=3060393 found=0
level=1029 candidates=545833050 survivors=707 found=0
level=1030 candidates=547424915 survivors=3083338 found=0
level=1031 candidates=549019872 survivors=719 found=0
level=1032 candidates=550617924 survivors=2961407 found=0
level=1033 candidates=552219074 survivors=725 found=0
level=1034 candidates=553823325 survivors=3015466 found=0
level=1035 candidates=555430680 survivors=684 found=0
level=1036 candidates=557041142 survivors=3136781 found=0
level=1037 candidates=558654714 survivors=788 found=0
level=1038 candidates=560271399 survivors=2907228 found=0
level=1039 candidates=561891200 survivors=758 found=0
level=1040 candidates=563514120 survivors=3494347 found=0
level=1041 candidates=565140162 survivors=703 found=0
level=1042 candidates=566769329 survivors=3082487 found=0
level=1043 candidates=568401624 survivors=761 found=0
level=1044 candidates=570037050 survivors=3061099 found=0
level=1045 candidates=571675610 survivors=782 found=0
level=1046 candidates=573317307 survivors=3117318 found=0
level=1047 candidates=574962144 survivors=711 found=0
level=1048 candidates=576610124 survivors=3256154 found=0
level=1049 candidates=578261250 survivors=774 found=0
level=1050 candidates=579915525 survivors=3089165 found=0
level=1051 candidates=581572952 survivors=833 found=0
level=1052 candidates=583233534 survivors=3267039 found=0
level=1053 candidates=584897274 survivors=767 found=0
level=1054 candidates=586564175 survivors=3187089 found=0
level=1055 candidates=588234240 survivors=803 found=0
level=1056 candidates=589907472 survivors=3185188 found=0
level=1057 candidates=591583874 survivors=813 found=0
level=1058 candidates=593263449 survivors=3232070 found=0
level=1059 candidates=594946200 survivors=787 found=0
level=1060 candidates=596632130 survivors=3670502 found=0
level=1061 candidates=598321242 survivors=859 found=0
level=1062 candidates=600013539 survivors=3094229 found=0
level=1063 candidates=601709024 survivors=868 found=0
level=1064 candidates=603407700 survivors=3399864 found=0
level=1065 candidates=605109570 survivors=735 found=0
level=1066 candidates=606814637 survivors=3288424 found=0
level=1067 candidates=608522904 survivors=948 found=0
level=1068 candidates=610234374 survivors=3247992 found=0
level=1069 candidates=611949050 survivors=960 found=0
level=1070 candidates=613666935 survivors=3435192 found=0
level=1071 candidates=615388032 survivors=846 found=0
level=1072 candidates=617112344 survivors=3468999 found=0
level=1073 candidates=618839874 survivors=863 found=0
level=1074 candidates=620570625 survivors=3201641 found=0
level=1075 candidates=622304600 survivors=954 found=0
level=1076 candidates=624041802 survivors=3510708 found=0
level=1077 candidates=625782234 survivors=884 found=0
level=1078 candidates=627525899 survivors=3392878 found=0
level=1079 candidates=629272800 survivors=817 found=0
level=1080 candidates=631022940 survivors=3712131 found=0
level=1081 candidates=632776322 survivors=896 found=0
level=1082 candidates=634532949 survivors=3433725 found=0
level=1083 candidates=636292824 survivors=866 found=0
level=1084 candidates=638055950 survivors=3576770 found=0
level=1085 candidates=639822330 survivors=928 found=0
level=1086 candidates=641591967 survivors=3293141 found=0
level=1087 candidates=643364864 survivors=926 found=0
level=1088 candidates=645141024 survivors=3622577 found=0
level=1089 candidates=646920450 survivors=904 found=0
level=1090 candidates=648703145 survivors=3624802 found=0
level=1091 candidates=650489112 survivors=972 found=0
level=1092 candidates=652278354 survivors=3444800 found=0
level=1093 candidates=654070874 survivors=963 found=0
level=1094 candidates=655866675 survivors=3550090 found=0
level=1095 candidates=657665760 survivors=853 found=0
level=1096 candidates=659468132 survivors=3726976 found=0
level=1097 candidates=661273794 survivors=951 found=0
level=1098 candidates=663082749 survivors=3422074 found=0
level=1099 candidates=664895000 survivors=1083 found=0
level=1100 candidates=666710550 survivors=4066478 found=0
level=1101 candidates=668529402 survivors=938 found=0
level=1102 candidates=670351559 survivors=3617496 found=0
level=1103 candidates=672177024 survivors=1018 found=0
level=1104 candidates=674005800 survivors=3618164 found=0
level=1105 candidates=675837890 survivors=957 found=0
level=1106 candidates=677673297 survivors=3644832 found=0
level=1107 candidates=679512024 survivors=1044 found=0
level=1108 candidates=681354074 survivors=3791441 found=0
level=1109 candidates=683199450 survivors=1107 found=0
level=1110 candidates=685048155 survivors=3641146 found=0
level=1111 candidates=686900192 survivors=1025 found=0
level=1112 candidates=688755564 survivors=3856972 found=0
level=1113 candidates=690614274 survivors=994 found=0
level=1114 candidates=692476325 survivors=3741318 found=0
level=1115 candidates=694341720 survivors=1067 found=0
level=1116 candidates=696210462 survivors=3708825 found=0
level=1117 candidates=698082554 survivors=1072 found=0
level=1118 candidates=699957999 survivors=3784179 found=0
level=1119 candidates=701836800 survivors=960 found=0
level=1120 candidates=703718960 survivors=4297464 found=0
level=1121 candidates=705604482 survivors=1080 found=0
level=1122 candidates=707493369 survivors=3620128 found=0
level=1123 candidates=709385624 survivors=1135 found=0
level=1124 candidates=711281250 survivors=3967949 found=0
level=1125 candidates=713180250 survivors=1075 found=0
level=1126 candidates=715082627 survivors=3853230 found=0
level=1127 candidates=716988384 survivors=1066 found=0
level=1128 candidates=718897524 survivors=3826649 found=0
level=1129 candidates=720810050 survivors=1121 found=0
level=1130 candidates=722725965 survivors=4020320 found=0
level=1131 candidates=724645272 survivors=1093 found=0
level=1132 candidates=726567974 survivors=4032935 found=0
level=1133 candidates=728494074 survivors=1206 found=0
level=1134 candidates=730423575 survivors=3727444 found=0
level=1135 candidates=732356480 survivors=1140 found=0
level=1136 candidates=734292792 survivors=4128306 found=0
level=1137 candidates=736232514 survivors=1020 found=0
level=1138 candidates=738175649 survivors=3985738 found=0
level=1139 candidates=740122200 survivors=1265 found=0
level=1140 candidates=742072170 survivors=4284632 found=0
level=1141 candidates=744025562 survivors=1186 found=0
level=1142 candidates=745982379 survivors=4010162 found=0
level=1143 candidates=747942624 survivors=1071 found=0
level=1144 candidates=749906300 survivors=4195884 found=0
level=1145 candidates=751873410 survivors=1139 found=0
level=1146 candidates=753843957 survivors=3856325 found=0
level=1147 candidates=755817944 survivors=1263 found=0
level=1148 candidates=757795374 survivors=4183270 found=0
level=1149 candidates=759776250 survivors=1196 found=0
level=1150 candidates=761760575 survivors=4224857 found=0
level=1151 candidates=763748352 survivors=1198 found=0
level=1152 candidates=765739584 survivors=4065569 found=0
level=1153 candidates=767734274 survivors=1227 found=0
level=1154 candidates=769732425 survivors=4143442 found=0
level=1155 candidates=771734040 survivors=1210 found=0
level=1156 candidates=773739122 survivors=4304959 found=0
level=1157 candidates=775747674 survivors=1296 found=0
level=1158 candidates=777759699 survivors=3986594 found=0
level=1159 candidates=779775200 survivors=1238 found=0
level=1160 candidates=781794180 survivors=4751360 found=0
level=1161 candidates=783816642 survivors=1209 found=0
level=1162 candidates=785842589 survivors=4206154 found=0
level=1163 candidates=787872024 survivors=1237 found=0
level=1164 candidates=789904950 survivors=4182145 found=0
level=1165 candidates=791941370 survivors=1380 found=0
level=1166 candidates=793981287 survivors=4254092 found=0
level=1167 candidates=796024704 survivors=1200 found=0
level=1168 candidates=798071624 survivors=4441030 found=0
level=1169 candidates=800122050 survivors=1303 found=0
level=1170 candidates=802175985 survivors=4232030 found=0
level=1171 candidates=804233432 survivors=1363 found=0
level=1172 candidates=806294394 survivors=4455862 found=0
level=1173 candidates=808358874 survivors=1329 found=0
level=1174 candidates=810426875 survivors=4354701 found=0
level=1175 candidates=812498400 survivors=1340 found=0
level=1176 candidates=814573452 survivors=4321800 found=0
level=1177 candidates=816652034 survivors=1321 found=0
level=1178 candidates=818734149 survivors=4405129 found=0
level=1179 candidates=820819800 survivors=1316 found=0
level=1180 candidates=822908990 survivors=4958692 found=0
level=1181 candidates=825001722 survivors=1471 found=0
level=1182 candidates=827097999 survivors=4210243 found=0
level=1183 candidates=829197824 survivors=1303 found=0
level=1184 candidates=831301200 survivors=4642194 found=0
level=1185 candidates=833408130 survivors=1268 found=0
level=1186 candidates=835518617 survivors=4478917 found=0
level=1187 candidates=837632664 survivors=1541 found=0
level=1188 candidates=839750274 survivors=4407361 found=0
level=1189 candidates=841871450 survivors=1502 found=0
level=1190 candidates=843996195 survivors=4646782 found=0
level=1191 candidates=846124512 survivors=1268 found=0
level=1192 candidates=848256404 survivors=4705542 found=0
level=1193 candidates=850391874 survivors=1491 found=0
level=1194 candidates=852530925 survivors=4343760 found=0
level=1195 candidates=854673560 survivors=1529 found=0
level=1196 candidates=856819782 survivors=4742871 found=0
level=1197 candidates=858969594 survivors=1418 found=0
level=1198 candidates=861122999 survivors=4623146 found=0
level=1199 candidates=863280000 survivors=1464 found=0
level=1200 candidates=865440600 survivors=4993320 found=0
level=1201 candidates=867604802 survivors=1501 found=0
level=1202 candidates=869772609 survivors=4648285 found=0
level=1203 candidates=871944024 survivors=1461 found=0
level=1204 candidates=874119050 survivors=4817739 found=0
level=1205 candidates=876297690 survivors=1581 found=0
level=1206 candidates=878479947 survivors=4466008 found=0
level=1207 candidates=880665824 survivors=1560 found=0
level=1208 candidates=882855324 survivors=4892375 found=0
level=1209 candidates=885048450 survivors=1471 found=0
level=1210 candidates=887245205 survivors=4890979 found=0
level=1211 candidates=889445592 survivors=1635 found=0
level=1212 candidates=891649614 survivors=4666043 found=0
level=1213 candidates=893857274 survivors=1549 found=0
level=1214 candidates=896068575 survivors=4801394 found=0
level=1215 candidates=898283520 survivors=1398 found=0
level=1216 candidates=900502112 survivors=5020267 found=0
level=1217 candidates=902724354 survivors=1609 found=0
level=1218 candidates=904950249 survivors=4595446 found=0
level=1219 candidates=907179800 survivors=1701 found=0
level=1220 candidates=909413010 survivors=5446447 found=0
level=1221 candidates=911649882 survivors=1587 found=0
level=1222 candidates=913890419 survivors=4872344 found=0
level=1223 candidates=916134624 survivors=1534 found=0
level=1224 candidates=918382500 survivors=4854253 found=0
level=1225 candidates=920634050 survivors=1561 found=0
level=1226 candidates=922889277 survivors=4929360 found=0
level=1227 candidates=925148184 survivors=1650 found=0
level=1228 candidates=927410774 survivors=5093965 found=0
level=1229 candidates=929677050 survivors=1775 found=0
level=1230 candidates=931947015 survivors=4885139 found=0
level=1231 candidates=934220672 survivors=1650 found=0
level=1232 candidates=936498024 survivors=5154566 found=0
level=1233 candidates=938779074 survivors=1630 found=0
level=1234 candidates=941063825 survivors=5025570 found=0
level=1235 candidates=943352280 survivors=1751 found=0
level=1236 candidates=945644442 survivors=4975183 found=0
level=1237 candidates=947940314 survivors=1800 found=0
level=1238 candidates=950239899 survivors=5084730 found=0
level=1239 candidates=952543200 survivors=1578 found=0
level=1240 candidates=954850220 survivors=5729728 found=0
level=1241 candidates=957160962 survivors=1790 found=0
level=1242 candidates=959475429 survivors=4866562 found=0
level=1243 candidates=961793624 survivors=1849 found=0
level=1244 candidates=964115550 survivors=5309871 found=0
level=1245 candidates=966441210 survivors=1660 found=0
level=1246 candidates=968770607 survivors=5140873 found=0
level=1247 candidates=971103744 survivors=1726 found=0
level=1248 candidates=973440624 survivors=5111348 found=0
level=1249 candidates=975781250 survivors=1846 found=0
level=1250 candidates=978125625 survivors=5378310 found=0
level=1251 candidates=980473752 survivors=1802 found=0
level=1252 candidates=982825634 survivors=5387421 found=0
level=1253 candidates=985181274 survivors=1902 found=0
level=1254 candidates=987540675 survivors=4995752 found=0
level=1255 candidates=989903840 survivors=1810 found=0
level=1256 candidates=992270772 survivors=5498015 found=0
level=1257 candidates=994641474 survivors=1727 found=0
level=1258 candidates=997015949 survivors=5320717 found=0
level=1259 candidates=999394200 survivors=1964 found=0
level=1260 candidates=1001776230 survivors=5669798 found=0
level=1261 candidates=1004162042 survivors=1955 found=0
level=1262 candidates=1006551639 survivors=5348490 found=0
level=1263 candidates=1008945024 survivors=1686 found=0
level=1264 candidates=1011342200 survivors=5590186 found=0
level=1265 candidates=1013743170 survivors=1888 found=0
level=1266 candidates=1016147937 survivors=5135739 found=0
level=1267 candidates=1018556504 survivors=2020 found=0
level=1268 candidates=1020968874 survivors=5587003 found=0
level=1269 candidates=1023385050 survivors=1894 found=0
level=1270 candidates=1025805035 survivors=5628623 found=0
level=1271 candidates=1028228832 survivors=1871 found=0
level=1272 candidates=1030656444 survivors=5397062 found=0
level=1273 candidates=1033087874 survivors=1911 found=0
level=1274 candidates=1035523125 survivors=5489955 found=0
level=1275 candidates=1037962200 survivors=1889 found=0
level=1276 candidates=1040405102 survivors=5717968 found=0
level=1277 candidates=1042851834 survivors=1970 found=0
level=1278 candidates=1045302399 survivors=5295323 found=0
level=1279 candidates=1047756800 survivors=2046 found=0
level=1280 candidates=1050215040 survivors=6275207 found=0
level=1281 candidates=1052677122 survivors=1838 found=0
level=1282 candidates=1055143049 survivors=5608440 found=0
level=1283 candidates=1057612824 survivors=2099 found=0
level=1284 candidates=1060086450 survivors=5541574 found=0
level=1285 candidates=1062563930 survivors=2136 found=0
level=1286 candidates=1065045267 survivors=5653602 found=0
level=1287 candidates=1067530464 survivors=1952 found=0
level=1288 candidates=1070019524 survivors=5856500 found=0
level=1289 candidates=1072512450 survivors=2074 found=0
level=1290 candidates=1075009245 survivors=5601040 found=0
level=1291 candidates=1077509912 survivors=2180 found=0
level=1292 candidates=1080014454 survivors=5894370 found=0
level=1293 candidates=1082522874 survivors=2111 found=0
level=1294 candidates=1085035175 survivors=5761093 found=0
level=1295 candidates=1087551360 survivors=2066 found=0
level=1296 candidates=1090071432 survivors=5737667 found=0
level=1297 candidates=1092595394 survivors=2011 found=0
level=1298 candidates=1095123249 survivors=5821033 found=0
level=1299 candidates=1097655000 survivors=2157 found=0
level=1300 candidates=1100190650 survivors=6518826 found=0
level=1301 candidates=1102730202 survivors=2321 found=0
level=1302 candidates=1105273659 survivors=5546097 found=0
level=1303 candidates=1107821024 survivors=2203 found=0
level=1304 candidates=1110372300 survivors=6114518 found=0
level=1305 candidates=1112927490 survivors=2033 found=0
level=1306 candidates=1115486597 survivors=5913047 found=0
level=1307 candidates=1118049624 survivors=2284 found=0
level=1308 candidates=1120616574 survivors=5814760 found=0
level=1309 candidates=1123187450 survivors=2408 found=0
level=1310 candidates=1125762255 survivors=6148434 found=0
level=1311 candidates=1128340992 survivors=2159 found=0
level=1312 candidates=1130923664 survivors=6198918 found=0
level=1313 candidates=1133510274 survivors=2251 found=0
level=1314 candidates=1136100825 survivors=5733084 found=0
level=1315 candidates=1138695320 survivors=2281 found=0
level=1316 candidates=1141293762 survivors=6232260 found=0
level=1317 candidates=1143896154 survivors=2236 found=0
level=1318 candidates=1146502499 survivors=6089100 found=0
level=1319 candidates=1149112800 survivors=2345 found=0
level=1320 candidates=1151727060 survivors=6512678 found=0
level=1321 candidates=1154345282 survivors=2353 found=0
level=1322 candidates=1156967469 survivors=6113083 found=0
level=1323 candidates=1159593624 survivors=2335 found=0
level=1324 candidates=1162223750 survivors=6349476 found=0
level=1325 candidates=1164857850 survivors=2488 found=0
level=1326 candidates=1167495927 survivors=5870105 found=0
level=1327 candidates=1170137984 survivors=2294 found=0
level=1328 candidates=1172784024 survivors=6420615 found=0
level=1329 candidates=1175434050 survivors=2310 found=0
level=1330 candidates=1178088065 survivors=6405419 found=0
level=1331 candidates=1180746072 survivors=2588 found=0
level=1332 candidates=1183408074 survivors=6128426 found=0
level=1333 candidates=1186074074 survivors=2503 found=0
level=1334 candidates=1188744075 survivors=6298611 found=0
level=1335 candidates=1191418080 survivors=2240 found=0
level=1336 candidates=1194096092 survivors=6566077 found=0
level=1337 candidates=1196778114 survivors=2443 found=0
level=1338 candidates=1199464149 survivors=6051323 found=0
level=1339 candidates=1202154200 survivors=2652 found=0
level=1340 candidates=1204848270 survivors=7095504 found=0
level=1341 candidates=1207546362 survivors=2555 found=0
level=1342 candidates=1210248479 survivors=6388809 found=0
level=1343 candidates=1212954624 survivors=2575 found=0
level=1344 candidates=1215664800 survivors=6335528 found=0
level=1345 candidates=1218379010 survivors=2603 found=0
level=1346 candidates=1221097257 survivors=6448820 found=0
level=1347 candidates=1223819544 survivors=2469 found=0
level=1348 candidates=1226545874 survivors=6661119 found=0
level=1349 candidates=1229276250 survivors=2679 found=0
level=1350 candidates=1232010675 survivors=6383966 found=0
level=1351 candidates=1234749152 survivors=2507 found=0
level=1352 candidates=1237491684 survivors=6754466 found=0
level=1353 candidates=1240238274 survivors=2388 found=0
level=1354 candidates=1242988925 survivors=6575305 found=0
level=1355 candidates=1245743640 survivors=2747 found=0
level=1356 candidates=1248502422 survivors=6483754 found=0
level=1357 candidates=1251265274 survivors=2734 found=0
level=1358 candidates=1254032199 survivors=6610281 found=0
level=1359 candidates=1256803200 survivors=2428 found=0
level=1360 candidates=1259578280 survivors=7442479 found=0
level=1361 candidates=1262357442 survivors=2618 found=0
level=1362 candidates=1265140689 survivors=6348553 found=0
level=1363 candidates=1267928024 survivors=2715 found=0
level=1364 candidates=1270719450 survivors=6911827 found=0
level=1365 candidates=1273514970 survivors=2623 found=0
level=1366 candidates=1276314587 survivors=6735872 found=0
level=1367 candidates=1279118304 survivors=2721 found=0
level=1368 candidates=1281926124 survivors=6664821 found=0
level=1369 candidates=1284738050 survivors=2704 found=0
level=1370 candidates=1287554085 survivors=6990407 found=0
level=1371 candidates=1290374232 survivors=2717 found=0
level=1372 candidates=1293198494 survivors=6982387 found=0
level=1373 candidates=1296026874 survivors=2837 found=0
level=1374 candidates=1298859375 survivors=6515523 found=0
level=1375 candidates=1301696000 survivors=2850 found=0
level=1376 candidates=1304536752 survivors=7146465 found=0
level=1377 candidates=1307381634 survivors=2590 found=0
level=1378 candidates=1310230649 survivors=6917634 found=0
level=1379 candidates=1313083800 survivors=2917 found=0
level=1380 candidates=1315941090 survivors=7346916 found=0
level=1381 candidates=1318802522 survivors=3029 found=0
level=1382 candidates=1321668099 survivors=6958350 found=0
level=1383 candidates=1324537824 survivors=2620 found=0
level=1384 candidates=1327411700 survivors=7263009 found=0
level=1385 candidates=1330289730 survivors=2815 found=0
level=1386 candidates=1333171917 survivors=6646901 found=0
level=1387 candidates=1336058264 survivors=3045 found=0
level=1388 candidates=1338948774 survivors=7252506 found=0
level=1389 candidates=1341843450 survivors=2863 found=0
level=1390 candidates=1344742295 survivors=7293141 found=0
level=1391 candidates=1347645312 survivors=2858 found=0
level=1392 candidates=1350552504 survivors=6996075 found=0
level=1393 candidates=1353463874 survivors=2879 found=0
level=1394 candidates=1356379425 survivors=7149692 found=0
level=1395 candidates=1359299160 survivors=2868 found=0
level=1396 candidates=1362223082 survivors=7402873 found=0
level=1397 candidates=1365151194 survivors=3086 found=0
level=1398 candidates=1368083499 survivors=6863471 found=0
level=1399 candidates=1371020000 survivors=3074 found=0
level=1400 candidates=1373960700 survivors=8042229 found=0
level=1401 candidates=1376905602 survivors=2888 found=0
level=1402 candidates=1379854709 survivors=7257013 found=0
level=1403 candidates=1382808024 survivors=3059 found=0
level=1404 candidates=1385765550 survivors=7159839 found=0
level=1405 candidates=1388727290 survivors=3207 found=0
level=1406 candidates=1391693247 survivors=7311982 found=0
level=1407 candidates=1394663424 survivors=2872 found=0
level=1408 candidates=1397637824 survivors=7591508 found=0
level=1409 candidates=1400616450 survivors=3148 found=0
level=1410 candidates=1403599305 survivors=7233454 found=0
level=1411 candidates=1406586392 survivors=3230 found=0
level=1412 candidates=1409577714 survivors=7608684 found=0
level=1413 candidates=1412573274 survivors=3065 found=0
level=1414 candidates=1415573075 survivors=7421636 found=0
level=1415 candidates=1418577120 survivors=3184 found=0
level=1416 candidates=1421585412 survivors=7388620 found=0
level=1417 candidates=1424597954 survivors=3177 found=0
level=1418 candidates=1427614749 survivors=7522445 found=0
level=1419 candidates=1430635800 survivors=3198 found=0
level=1420 candidates=1433661110 survivors=8355219 found=0
level=1421 candidates=1436690682 survivors=3410 found=0
level=1422 candidates=1439724519 survivors=7189352 found=0
level=1423 candidates=1442762624 survivors=3193 found=0
level=1424 candidates=1445805000 survivors=7877124 found=0
level=1425 candidates=1448851650 survivors=3132 found=0
level=1426 candidates=1451902577 survivors=7621527 found=0
level=1427 candidates=1454957784 survivors=3371 found=0
level=1428 candidates=1458017274 survivors=7455028 found=0
level=1429 candidates=1461081050 survivors=3430 found=0
level=1430 candidates=1464149115 survivors=7901542 found=0
level=1431 candidates=1467221472 survivors=3077 found=0
level=1432 candidates=1470298124 survivors=7968035 found=0
level=1433 candidates=1473379074 survivors=3379 found=0
level=1434 candidates=1476464325 survivors=7377073 found=0
level=1435 candidates=1479553880 survivors=3408 found=0
level=1436 candidates=1482647742 survivors=8028447 found=0
level=1437 candidates=1485745914 survivors=3299 found=0
level=1438 candidates=1488848399 survivors=7825935 found=0
level=1439 candidates=1491955200 survivors=3373 found=0
level=1440 candidates=1495066320 survivors=8350552 found=0
level=1441 candidates=1498181762 survivors=3435 found=0
level=1442 candidates=1501301529 survivors=7841262 found=0
level=1443 candidates=1504425624 survivors=3268 found=0
level=1444 candidates=1507554050 survivors=8152293 found=0
level=1445 candidates=1510686810 survivors=3746 found=0
level=1446 candidates=1513823907 survivors=7546546 found=0
level=1447 candidates=1516965344 survivors=3543 found=0
level=1448 candidates=1520111124 survivors=8227227 found=0
level=1449 candidates=1523261250 survivors=3393 found=0
level=1450 candidates=1526415725 survivors=8229865 found=0
level=1451 candidates=1529574552 survivors=3755 found=0
level=1452 candidates=1532737734 survivors=7846788 found=0
level=1453 candidates=1535905274 survivors=3612 found=0
level=1454 candidates=1539077175 survivors=8079855 found=0
level=1455 candidates=1542253440 survivors=3391 found=0
level=1456 candidates=1545434072 survivors=8371333 found=0
level=1457 candidates=1548619074 survivors=3665 found=0
level=1458 candidates=1551808449 survivors=7754593 found=0
level=1459 candidates=1555002200 survivors=3859 found=0
level=1460 candidates=1558200330 survivors=9047180 found=0
level=1461 candidates=1561402842 survivors=3578 found=0
level=1462 candidates=1564609739 survivors=8184407 found=0
level=1463 candidates=1567821024 survivors=3645 found=0
level=1464 candidates=1571036700 survivors=8114881 found=0
level=1465 candidates=1574256770 survivors=3718 found=0
level=1466 candidates=1577481237 survivors=8256824 found=0
level=1467 candidates=1580710104 survivors=3721 found=0
level=1468 candidates=1583943374 survivors=8512285 found=0
level=1469 candidates=1587181050 survivors=3895 found=0
level=1470 candidates=1590423135 survivors=8124701 found=0
level=1471 candidates=1593669632 survivors=3623 found=0
level=1472 candidates=1596920544 survivors=8625273 found=0
level=1473 candidates=1600175874 survivors=3588 found=0
level=1474 candidates=1603435625 survivors=8391682 found=0
level=1475 candidates=1606699800 survivors=3967 found=0
level=1476 candidates=1609968402 survivors=8271456 found=0
level=1477 candidates=1613241434 survivors=3964 found=0
level=1478 candidates=1616518899 survivors=8474292 found=0
level=1479 candidates=1619800800 survivors=3616 found=0
level=1480 candidates=1623087140 survivors=9456094 found=0
level=1481 candidates=1626377922 survivors=3971 found=0
level=1482 candidates=1629673149 survivors=8097259 found=0
level=1483 candidates=1632972824 survivors=4093 found=0
level=1484 candidates=1636276950 survivors=8780725 found=0
level=1485 candidates=1639585530 survivors=3791 found=0
level=1486 candidates=1642898567 survivors=8588455 found=0
level=1487 candidates=1646216064 survivors=3931 found=0
level=1488 candidates=1649538024 survivors=8471452 found=0
level=1489 candidates=1652864450 survivors=4141 found=0
level=1490 candidates=1656195345 survivors=8899931 found=0
level=1491 candidates=1659530712 survivors=3897 found=0
level=1492 candidates=1662870554 survivors=8921041 found=0
level=1493 candidates=1666214874 survivors=4109 found=0
level=1494 candidates=1669563675 survivors=8301752 found=0
level=1495 candidates=1672916960 survivors=4085 found=0
level=1496 candidates=1676274732 survivors=9071965 found=0
level=1497 candidates=1679636994 survivors=3836 found=0
level=1498 candidates=1683003749 survivors=8778912 found=0
level=1499 candidates=1686375000 survivors=4319 found=0
level=1500 candidates=1689750750 survivors=9308714 found=0
level=1501 candidates=1693131002 survivors=4325 found=0
level=1502 candidates=1696515759 survivors=8849139 found=0
level=1503 candidates=1699905024 survivors=3969 found=0
level=1504 candidates=1703298800 survivors=9206034 found=0
level=1505 candidates=1706697090 survivors=4099 found=0
level=1506 candidates=1710099897 survivors=8490774 found=0
level=1507 candidates=1713507224 survivors=4357 found=0
level=1508 candidates=1716919074 survivors=9195073 found=0
level=1509 candidates=1720335450 survivors=4222 found=0
level=1510 candidates=1723756355 survivors=9254780 found=0
level=1511 candidates=1727181792 survivors=4199 found=0
level=1512 candidates=1730611764 survivors=8839584 found=0
level=1513 candidates=1734046274 survivors=4377 found=0
level=1514 candidates=1737485325 survivors=9073941 found=0
level=1515 candidates=1740928920 survivors=4204 found=0
level=1516 candidates=1744377062 survivors=9395666 found=0
level=1517 candidates=1747829754 survivors=4338 found=0
level=1518 candidates=1751286999 survivors=8698833 found=0
level=1519 candidates=1754748800 survivors=4496 found=0
level=1520 candidates=1758215160 survivors=10179951 found=0
level=1521 candidates=1761686082 survivors=4225 found=0
level=1522 candidates=1765161569 survivors=9201782 found=0
level=1523 candidates=1768641624 survivors=4565 found=0
level=1524 candidates=1772126250 survivors=9076459 found=0
level=1525 candidates=1775615450 survivors=4620 found=0
level=1526 candidates=1779109227 survivors=9231219 found=0
level=1527 candidates=1782607584 survivors=4155 found=0
level=1528 candidates=1786110524 survivors=9607892 found=0
level=1529 candidates=1789618050 survivors=4501 found=0
level=1530 candidates=1793130165 survivors=9156867 found=0
level=1531 candidates=1796646872 survivors=4751 found=0
level=1532 candidates=1800168174 survivors=9626762 found=0
level=1533 candidates=1803694074 survivors=4407 found=0
level=1534 candidates=1807224575 survivors=9424237 found=0
level=1535 candidates=1810759680 survivors=4525 found=0
level=1536 candidates=1814299392 survivors=9336061 found=0
level=1537 candidates=1817843714 survivors=4449 found=0
level=1538 candidates=1821392649 survivors=9509717 found=0
level=1539 candidates=1824946200 survivors=4592 found=0
level=1540 candidates=1828504370 survivors=10469111 found=0
level=1541 candidates=1832067162 survivors=4836 found=0
level=1542 candidates=1835634579 survivors=9086121 found=0
level=1543 candidates=1839206624 survivors=4760 found=0
level=1544 candidates=1842783300 survivors=9932850 found=0
level=1545 candidates=1846364610 survivors=4491 found=0
level=1546 candidates=1849950557 survivors=9632279 found=0
level=1547 candidates=1853541144 survivors=4819 found=0
level=1548 candidates=1857136374 survivors=9446359 found=0
level=1549 candidates=1860736250 survivors=4944 found=0
level=1550 candidates=1864340775 survivors=9974667 found=0
level=1551 candidates=1867949952 survivors=4474 found=0
level=1552 candidates=1871563784 survivors=10050740 found=0
level=1553 candidates=1875182274 survivors=4777 found=0
level=1554 candidates=1878805425 survivors=9272784 found=0
level=1555 candidates=1882433240 survivors=5148 found=0
level=1556 candidates=1886065722 survivors=10112965 found=0
level=1557 candidates=1889702874 survivors=4721 found=0
level=1558 candidates=1893344699 survivors=9861401 found=0
level=1559 candidates=1896991200 survivors=4950 found=0
level=1560 candidates=1900642380 survivors=10448175 found=0
level=1561 candidates=1904298242 survivors=4866 found=0
level=1562 candidates=1907958789 survivors=9904753 found=0
level=1563 candidates=1911624024 survivors=4789 found=0
level=1564 candidates=1915293950 survivors=10248265 found=0
level=1565 candidates=1918968570 survivors=5139 found=0
level=1566 candidates=1922647887 survivors=9506082 found=0
level=1567 candidates=1926331904 survivors=5106 found=0
level=1568 candidates=1930020624 survivors=10315437 found=0
level=1569 candidates=1933714050 survivors=4762 found=0
slurmstepd: error: *** JOB 5758045 ON a1128u05n01 CANCELLED AT 2026-03-12T10:40:11 DUE TO PREEMPTION ***
[2026-03-12T10:42:19-04:00] Starting search on host a1128u08n01.mghpcc.ycrc.yale.edu from level 1570 to 2000.
level=1570 candidates=1937412185 survivors=10346401 found=0
level=1571 candidates=1941115032 survivors=5323 found=0
level=1572 candidates=1944822594 survivors=9863698 found=0
level=1573 candidates=1948534874 survivors=5297 found=0
level=1574 candidates=1952251875 survivors=10147852 found=0
level=1575 candidates=1955973600 survivors=4793 found=0
slurmstepd: error: *** JOB 5758045 ON a1128u08n01 CANCELLED AT 2026-03-12T10:47:41 DUE TO PREEMPTION ***
[2026-03-12T11:03:25-04:00] Starting search on host a1128u44n01.mghpcc.ycrc.yale.edu from level 1576 to 2000.
level=1576 candidates=1959700052 survivors=10544253 found=0
level=1577 candidates=1963431234 survivors=5257 found=0
level=1578 candidates=1967167149 survivors=9747494 found=0
slurmstepd: error: *** JOB 5758045 ON a1128u44n01 CANCELLED AT 2026-03-12T11:06:13 DUE TO PREEMPTION ***
[2026-03-12T12:41:56-04:00] Starting search on host a1118u18n01.mghpcc.ycrc.yale.edu from level 1579 to 2000.
level=1579 candidates=1970907800 survivors=5473 found=0
level=1580 candidates=1974653190 survivors=11311063 found=0
level=1581 candidates=1978403322 survivors=5151 found=0
level=1582 candidates=1982158199 survivors=10247731 found=0
level=1583 candidates=1985917824 survivors=5282 found=0
level=1584 candidates=1989682200 survivors=10183450 found=0
level=1585 candidates=1993451330 survivors=5324 found=0
level=1586 candidates=1997225217 survivors=10358198 found=0
level=1587 candidates=2001003864 survivors=5110 found=0
level=1588 candidates=2004787274 survivors=10670992 found=0
level=1589 candidates=2008575450 survivors=5622 found=0
level=1590 candidates=2012368395 survivors=10216289 found=0
level=1591 candidates=2016166112 survivors=5384 found=0
level=1592 candidates=2019968604 survivors=10803176 found=0
level=1593 candidates=2023775874 survivors=5152 found=0
level=1594 candidates=2027587925 survivors=10529300 found=0
level=1595 candidates=2031404760 survivors=5685 found=0
level=1596 candidates=2035226382 survivors=10335764 found=0
level=1597 candidates=2039052794 survivors=5563 found=0
level=1598 candidates=2042883999 survivors=10610904 found=0
level=1599 candidates=2046720000 survivors=5348 found=0
level=1600 candidates=2050560800 survivors=11785166 found=0
level=1601 candidates=2054406402 survivors=5478 found=0
level=1602 candidates=2058256809 survivors=10148641 found=0
level=1603 candidates=2062112024 survivors=5831 found=0
level=1604 candidates=2065972050 survivors=11022682 found=0
level=1605 candidates=2069836890 survivors=5353 found=0
level=1606 candidates=2073706547 survivors=10745058 found=0
level=1607 candidates=2077581024 survivors=5760 found=0
level=1608 candidates=2081460324 survivors=10599386 found=0
level=1609 candidates=2085344450 survivors=5753 found=0
level=1610 candidates=2089233405 survivors=11083770 found=0
level=1611 candidates=2093127192 survivors=5539 found=0
level=1612 candidates=2097025814 survivors=11132629 found=0
level=1613 candidates=2100929274 survivors=5913 found=0
level=1614 candidates=2104837575 survivors=10379391 found=0
level=1615 candidates=2108750720 survivors=5716 found=0
level=1616 candidates=2112668712 survivors=11331820 found=0
level=1617 candidates=2116591554 survivors=5494 found=0
level=1618 candidates=2120519249 survivors=11006051 found=0
level=1619 candidates=2124451800 survivors=5972 found=0
level=1620 candidates=2128389210 survivors=11578091 found=0
level=1621 candidates=2132331482 survivors=6089 found=0
level=1622 candidates=2136278619 survivors=11054022 found=0
level=1623 candidates=2140230624 survivors=5430 found=0
level=1624 candidates=2144187500 survivors=11444421 found=0
level=1625 candidates=2148149250 survivors=5854 found=0
level=1626 candidates=2152115877 survivors=10597821 found=0
level=1627 candidates=2156087384 survivors=6088 found=0
level=1628 candidates=2160063774 survivors=11455265 found=0
level=1629 candidates=2164045050 survivors=5732 found=0
level=1630 candidates=2168031215 survivors=11529092 found=0
level=1631 candidates=2172022272 survivors=6037 found=0
level=1632 candidates=2176018224 survivors=11048888 found=0
level=1633 candidates=2180019074 survivors=5922 found=0
level=1634 candidates=2184024825 survivors=11317890 found=0
level=1635 candidates=2188035480 survivors=5917 found=0
level=1636 candidates=2192051042 survivors=11691697 found=0
level=1637 candidates=2196071514 survivors=6346 found=0
level=1638 candidates=2200096899 survivors=10808066 found=0
level=1639 candidates=2204127200 survivors=6232 found=0
level=1640 candidates=2208162420 survivors=12634180 found=0
level=1641 candidates=2212202562 survivors=5870 found=0
level=1642 candidates=2216247629 survivors=11462728 found=0
level=1643 candidates=2220297624 survivors=6340 found=0
level=1644 candidates=2224352550 survivors=11274487 found=0
level=1645 candidates=2228412410 survivors=6407 found=0
level=1646 candidates=2232477207 survivors=11537685 found=0
level=1647 candidates=2236546944 survivors=5813 found=0
level=1648 candidates=2240621624 survivors=11936682 found=0
level=1649 candidates=2244701250 survivors=6210 found=0
level=1650 candidates=2248785825 survivors=11368109 found=0
level=1651 candidates=2252875352 survivors=6663 found=0
level=1652 candidates=2256969834 survivors=11917445 found=0
level=1653 candidates=2261069274 survivors=6296 found=0
level=1654 candidates=2265173675 survivors=11713412 found=0
level=1655 candidates=2269283040 survivors=6358 found=0
level=1656 candidates=2273397372 survivors=11596200 found=0
level=1657 candidates=2277516674 survivors=6447 found=0
level=1658 candidates=2281640949 survivors=11814472 found=0
level=1659 candidates=2285770200 survivors=6277 found=0
level=1660 candidates=2289904430 survivors=13014761 found=0
level=1661 candidates=2294043642 survivors=6853 found=0
level=1662 candidates=2298187839 survivors=11282526 found=0
level=1663 candidates=2302337024 survivors=6581 found=0
level=1664 candidates=2306491200 survivors=12308409 found=0
level=1665 candidates=2310650370 survivors=6202 found=0
level=1666 candidates=2314814537 survivors=11907781 found=0
level=1667 candidates=2318983704 survivors=6823 found=0
level=1668 candidates=2323157874 survivors=11711360 found=0
level=1669 candidates=2327337050 survivors=6939 found=0
level=1670 candidates=2331521235 survivors=12363398 found=0
level=1671 candidates=2335710432 survivors=6252 found=0
level=1672 candidates=2339904644 survivors=12427332 found=0
level=1673 candidates=2344103874 survivors=6547 found=0
level=1674 candidates=2348308125 survivors=11544627 found=0
level=1675 candidates=2352517400 survivors=6871 found=0
level=1676 candidates=2356731702 survivors=12534228 found=0
level=1677 candidates=2360951034 survivors=6727 found=0
level=1678 candidates=2365175399 survivors=12219285 found=0
level=1679 candidates=2369404800 survivors=6828 found=0
level=1680 candidates=2373639240 survivors=12856442 found=0
level=1681 candidates=2377878722 survivors=6842 found=0
level=1682 candidates=2382123249 survivors=12284497 found=0
slurmstepd: error: *** JOB 5758045 ON a1118u18n01 CANCELLED AT 2026-03-12T14:00:28 DUE TO PREEMPTION ***
[2026-03-12T16:52:25-04:00] Starting search on host a1128u05n01.mghpcc.ycrc.yale.edu from level 1683 to 2000.
level=1683 candidates=2386372824 survivors=6591 found=0
level=1684 candidates=2390627450 survivors=12681407 found=0
level=1685 candidates=2394887130 survivors=7170 found=0
level=1686 candidates=2399151867 survivors=11765571 found=0
level=1687 candidates=2403421664 survivors=6861 found=0
slurmstepd: error: *** JOB 5758045 ON a1128u05n01 CANCELLED AT 2026-03-12T16:58:27 DUE TO PREEMPTION ***
[2026-03-12T17:07:26-04:00] Starting search on host a1128u44n01.mghpcc.ycrc.yale.edu from level 1688 to 2000.
level=1688 candidates=2407696524 survivors=12794975 found=0
level=1689 candidates=2411976450 survivors=6647 found=0
level=1690 candidates=2416261445 survivors=12796298 found=0
level=1691 candidates=2420551512 survivors=7277 found=0
level=1692 candidates=2424846654 survivors=12192731 found=0
level=1693 candidates=2429146874 survivors=7242 found=0
level=1694 candidates=2433452175 survivors=12505518 found=0
level=1695 candidates=2437762560 survivors=6746 found=0
level=1696 candidates=2442078032 survivors=13031085 found=0
level=1697 candidates=2446398594 survivors=7073 found=0
level=1698 candidates=2450724249 survivors=12045137 found=0
level=1699 candidates=2455055000 survivors=7357 found=0
level=1700 candidates=2459390850 survivors=13907392 found=0
level=1701 candidates=2463731802 survivors=7137 found=0
level=1702 candidates=2468077859 survivors=12706762 found=0
level=1703 candidates=2472429024 survivors=7226 found=0
level=1704 candidates=2476785300 survivors=12568372 found=0
level=1705 candidates=2481146690 survivors=7217 found=0
level=1706 candidates=2485513197 survivors=12801286 found=0
level=1707 candidates=2489884824 survivors=7054 found=0
level=1708 candidates=2494261574 survivors=13120248 found=0
level=1709 candidates=2498643450 survivors=7597 found=0
level=1710 candidates=2503030455 survivors=12606374 found=0
level=1711 candidates=2507422592 survivors=7344 found=0
level=1712 candidates=2511819864 survivors=13325364 found=0
level=1713 candidates=2516222274 survivors=6991 found=0
level=1714 candidates=2520629825 survivors=12987589 found=0
level=1715 candidates=2525042520 survivors=7625 found=0
level=1716 candidates=2529460362 survivors=12750091 found=0
level=1717 candidates=2533883354 survivors=7659 found=0
level=1718 candidates=2538311499 survivors=13094778 found=0
level=1719 candidates=2542744800 survivors=7245 found=0
level=1720 candidates=2547183260 survivors=14458662 found=0
level=1721 candidates=2551626882 survivors=7620 found=0
level=1722 candidates=2556075669 survivors=12463397 found=0
level=1723 candidates=2560529624 survivors=8019 found=0
level=1724 candidates=2564988750 survivors=13578226 found=0
level=1725 candidates=2569453050 survivors=7394 found=0
level=1726 candidates=2573922527 survivors=13242580 found=0
level=1727 candidates=2578397184 survivors=7767 found=0
level=1728 candidates=2582877024 survivors=13042589 found=0
level=1729 candidates=2587362050 survivors=7812 found=0
level=1730 candidates=2591852265 survivors=13686028 found=0
level=1731 candidates=2596347672 survivors=7542 found=0
level=1732 candidates=2600848274 survivors=13706539 found=0
level=1733 candidates=2605354074 survivors=7923 found=0
level=1734 candidates=2609865075 survivors=12774451 found=0
level=1735 candidates=2614381280 survivors=7823 found=0
level=1736 candidates=2618902692 survivors=13874959 found=0
level=1737 candidates=2623429314 survivors=7369 found=0
level=1738 candidates=2627961149 survivors=13517687 found=0
level=1739 candidates=2632498200 survivors=8386 found=0
level=1740 candidates=2637040470 survivors=14173309 found=0
level=1741 candidates=2641587962 survivors=8304 found=0
level=1742 candidates=2646140679 survivors=13566696 found=0
level=1743 candidates=2650698624 survivors=7553 found=0
level=1744 candidates=2655261800 survivors=14092743 found=0
level=1745 candidates=2659830210 survivors=8048 found=0
level=1746 candidates=2664403857 survivors=13028694 found=0
level=1747 candidates=2668982744 survivors=8324 found=0
slurmstepd: error: *** JOB 5758045 ON a1128u44n01 CANCELLED AT 2026-03-12T18:21:05 DUE TO PREEMPTION ***
[2026-03-12T18:31:29-04:00] Starting search on host a1128u08n01.mghpcc.ycrc.yale.edu from level 1748 to 2000.
level=1748 candidates=2673566874 survivors=14072549 found=0
level=1749 candidates=2678156250 survivors=7928 found=0
level=1750 candidates=2682750875 survivors=14097812 found=0
level=1751 candidates=2687350752 survivors=8157 found=0
slurmstepd: error: *** JOB 5758045 ON a1128u08n01 CANCELLED AT 2026-03-12T18:37:37 DUE TO PREEMPTION ***
[2026-03-12T18:53:32-04:00] Starting search on host a1128u08n01.mghpcc.ycrc.yale.edu from level 1752 to 2000.
level=1752 candidates=2691955884 survivors=13549289 found=0
level=1753 candidates=2696566274 survivors=8089 found=0
level=1754 candidates=2701181925 survivors=13897181 found=0
level=1755 candidates=2705802840 survivors=7884 found=0
level=1756 candidates=2710429022 survivors=14319565 found=0
level=1757 candidates=2715060474 survivors=8461 found=0
level=1758 candidates=2719697199 survivors=13309247 found=0
level=1759 candidates=2724339200 survivors=8294 found=0
level=1760 candidates=2728986480 survivors=15423979 found=0
level=1761 candidates=2733639042 survivors=8079 found=0
level=1762 candidates=2738296889 survivors=14049393 found=0
level=1763 candidates=2742960024 survivors=8589 found=0
level=1764 candidates=2747628450 survivors=13769597 found=0
level=1765 candidates=2752302170 survivors=8532 found=0
level=1766 candidates=2756981187 survivors=14145050 found=0
level=1767 candidates=2761665504 survivors=8022 found=0
level=1768 candidates=2766355124 survivors=14603626 found=0
level=1769 candidates=2771050050 survivors=8498 found=0
level=1770 candidates=2775750285 survivors=13925063 found=0
level=1771 candidates=2780455832 survivors=8909 found=0
level=1772 candidates=2785166694 survivors=14632204 found=0
level=1773 candidates=2789882874 survivors=8629 found=0
level=1774 candidates=2794604375 survivors=14346542 found=0
level=1775 candidates=2799331200 survivors=8642 found=0
level=1776 candidates=2804063352 survivors=14171206 found=0
level=1777 candidates=2808800834 survivors=8905 found=0
level=1778 candidates=2813543649 survivors=14400181 found=0
level=1779 candidates=2818291800 survivors=8507 found=0
level=1780 candidates=2823045290 survivors=15867200 found=0
level=1781 candidates=2827804122 survivors=9189 found=0
level=1782 candidates=2832568299 survivors=13802034 found=0
level=1783 candidates=2837337824 survivors=8913 found=0
level=1784 candidates=2842112700 survivors=15047816 found=0
level=1785 candidates=2846892930 survivors=8139 found=0
level=1786 candidates=2851678517 survivors=14611057 found=0
level=1787 candidates=2856469464 survivors=9175 found=0
level=1788 candidates=2861265774 survivors=14297109 found=0
level=1789 candidates=2866067450 survivors=9322 found=0
level=1790 candidates=2870874495 survivors=15101831 found=0
slurmstepd: error: *** JOB 5758045 ON a1128u08n01 CANCELLED AT 2026-03-12T19:48:17 DUE TO PREEMPTION ***
[2026-03-12T19:51:27-04:00] Starting search on host a1128u08n01.mghpcc.ycrc.yale.edu from level 1791 to 2000.
level=1791 candidates=2875686912 survivors=8497 found=0
level=1792 candidates=2880504704 survivors=15135750 found=0
level=1793 candidates=2885327874 survivors=9180 found=0
level=1794 candidates=2890156425 survivors=14090279 found=0
slurmstepd: error: *** JOB 5758045 ON a1128u08n01 CANCELLED AT 2026-03-12T19:57:17 DUE TO PREEMPTION ***
[2026-03-12T20:01:27-04:00] Starting search on host a1128u44n01.mghpcc.ycrc.yale.edu from level 1795 to 2000.
level=1795 candidates=2894990360 survivors=9464 found=0
level=1796 candidates=2899829682 survivors=15278675 found=0
level=1797 candidates=2904674394 survivors=8966 found=0
level=1798 candidates=2909524499 survivors=14931182 found=0
level=1799 candidates=2914380000 survivors=9297 found=0
level=1800 candidates=2919240900 survivors=15687376 found=0
level=1801 candidates=2924107202 survivors=9385 found=0
level=1802 candidates=2928978909 survivors=14985159 found=0
level=1803 candidates=2933856024 survivors=9078 found=0
level=1804 candidates=2938738550 survivors=15445142 found=0
level=1805 candidates=2943626490 survivors=9453 found=0
level=1806 candidates=2948519847 survivors=14307899 found=0
level=1807 candidates=2953418624 survivors=9505 found=0
level=1808 candidates=2958322824 survivors=15587372 found=0
level=1809 candidates=2963232450 survivors=8933 found=0
level=1810 candidates=2968147505 survivors=15584616 found=0
level=1811 candidates=2973067992 survivors=9837 found=0
level=1812 candidates=2977993914 survivors=14860907 found=0
level=1813 candidates=2982925274 survivors=9759 found=0
level=1814 candidates=2987862075 survivors=15307809 found=0
level=1815 candidates=2992804320 survivors=8792 found=0
level=1816 candidates=2997752012 survivors=15863803 found=0
level=1817 candidates=3002705154 survivors=9519 found=0
level=1818 candidates=3007663749 survivors=14675323 found=0
level=1819 candidates=3012627800 survivors=9988 found=0
level=1820 candidates=3017597310 survivors=16816792 found=0
level=1821 candidates=3022572282 survivors=9382 found=0
level=1822 candidates=3027552719 survivors=15480222 found=0
level=1823 candidates=3032538624 survivors=9733 found=0
level=1824 candidates=3037530000 survivors=15292787 found=0
level=1825 candidates=3042526850 survivors=10000 found=0
level=1826 candidates=3047529177 survivors=15569326 found=0
level=1827 candidates=3052536984 survivors=9609 found=0
level=1828 candidates=3057550274 survivors=16011344 found=0
level=1829 candidates=3062569050 survivors=10372 found=0
level=1830 candidates=3067593315 survivors=15336212 found=0
level=1831 candidates=3072623072 survivors=10068 found=0
level=1832 candidates=3077658324 survivors=16183752 found=0
level=1833 candidates=3082699074 survivors=9351 found=0
level=1834 candidates=3087745325 survivors=15737145 found=0
level=1835 candidates=3092797080 survivors=10351 found=0
level=1836 candidates=3097854342 survivors=15511140 found=0
level=1837 candidates=3102917114 survivors=10202 found=0
level=1838 candidates=3107985399 survivors=15910049 found=0
level=1839 candidates=3113059200 survivors=9691 found=0
level=1840 candidates=3118138520 survivors=17503624 found=0
level=1841 candidates=3123223362 survivors=10118 found=0
level=1842 candidates=3128313729 survivors=15204453 found=0
level=1843 candidates=3133409624 survivors=10400 found=0
level=1844 candidates=3138511050 survivors=16480540 found=0
level=1845 candidates=3143618010 survivors=9990 found=0
level=1846 candidates=3148730507 survivors=16072852 found=0
level=1847 candidates=3153848544 survivors=10377 found=0
level=1848 candidates=3158972124 survivors=15746558 found=0
level=1849 candidates=3164101250 survivors=10485 found=0
level=1850 candidates=3169235925 survivors=16597790 found=0
level=1851 candidates=3174376152 survivors=10160 found=0
level=1852 candidates=3179521934 survivors=16627833 found=0
level=1853 candidates=3184673274 survivors=10743 found=0
level=1854 candidates=3189830175 survivors=15507824 found=0
level=1855 candidates=3194992640 survivors=10512 found=0
level=1856 candidates=3200160672 survivors=16870740 found=0
level=1857 candidates=3205334274 survivors=9930 found=0
level=1858 candidates=3210513449 survivors=16413884 found=0
level=1859 candidates=3215698200 survivors=10902 found=0
level=1860 candidates=3220888530 survivors=17137646 found=0
level=1861 candidates=3226084442 survivors=11130 found=0
level=1862 candidates=3231285939 survivors=16415162 found=0
level=1863 candidates=3236493024 survivors=10073 found=0
level=1864 candidates=3241705700 survivors=17066469 found=0
level=1865 candidates=3246923970 survivors=10613 found=0
level=1866 candidates=3252147837 survivors=15785996 found=0
level=1867 candidates=3257377304 survivors=11243 found=0
level=1868 candidates=3262612374 survivors=17037324 found=0
level=1869 candidates=3267853050 survivors=10627 found=0
level=1870 candidates=3273099335 survivors=17102605 found=0
level=1871 candidates=3278351232 survivors=10912 found=0
level=1872 candidates=3283608744 survivors=16406181 found=0
level=1873 candidates=3288871874 survivors=10923 found=0
level=1874 candidates=3294140625 survivors=16825086 found=0
level=1875 candidates=3299415000 survivors=10636 found=0
level=1876 candidates=3304695002 survivors=17269144 found=0
level=1877 candidates=3309980634 survivors=11547 found=0
level=1878 candidates=3315271899 survivors=16115598 found=0
level=1879 candidates=3320568800 survivors=11354 found=0
level=1880 candidates=3325871340 survivors=18600410 found=0
level=1881 candidates=3331179522 survivors=10690 found=0
level=1882 candidates=3336493349 survivors=17003897 found=0
level=1883 candidates=3341812824 survivors=11405 found=0
level=1884 candidates=3347137950 survivors=16696588 found=0
level=1885 candidates=3352468730 survivors=11680 found=0
level=1886 candidates=3357805167 survivors=17101610 found=0
level=1887 candidates=3363147264 survivors=10599 found=0
level=1888 candidates=3368495024 survivors=17665515 found=0
level=1889 candidates=3373848450 survivors=11361 found=0
level=1890 candidates=3379207545 survivors=16770520 found=0
level=1891 candidates=3384572312 survivors=11840 found=0
level=1892 candidates=3389942754 survivors=17665829 found=0
level=1893 candidates=3395318874 survivors=11228 found=0
level=1894 candidates=3400700675 survivors=17338738 found=0
level=1895 candidates=3406088160 survivors=11364 found=0
level=1896 candidates=3411481332 survivors=17099154 found=0
level=1897 candidates=3416880194 survivors=11508 found=0
level=1898 candidates=3422284749 survivors=17440990 found=0
level=1899 candidates=3427695000 survivors=11493 found=0
level=1900 candidates=3433110950 survivors=19079348 found=0
level=1901 candidates=3438532602 survivors=12211 found=0
level=1902 candidates=3443959959 survivors=16683384 found=0
level=1903 candidates=3449393024 survivors=11774 found=0
level=1904 candidates=3454831800 survivors=18074405 found=0
level=1905 candidates=3460276290 survivors=11232 found=0
level=1906 candidates=3465726497 survivors=17651376 found=0
level=1907 candidates=3471182424 survivors=12133 found=0
level=1908 candidates=3476644074 survivors=17255656 found=0
level=1909 candidates=3482111450 survivors=12193 found=0
level=1910 candidates=3487584555 survivors=18198915 found=0
level=1911 candidates=3493063392 survivors=11223 found=0
level=1912 candidates=3498547964 survivors=18299732 found=0
level=1913 candidates=3504038274 survivors=11885 found=0
level=1914 candidates=3509534325 survivors=16992009 found=0
level=1915 candidates=3515036120 survivors=12470 found=0
level=1916 candidates=3520543662 survivors=18414589 found=0
level=1917 candidates=3526056954 survivors=11759 found=0
level=1918 candidates=3531575999 survivors=17925852 found=0
level=1919 candidates=3537100800 survivors=12131 found=0
level=1920 candidates=3542631360 survivors=18838145 found=0
level=1921 candidates=3548167682 survivors=12285 found=0
level=1922 candidates=3553709769 survivors=18062077 found=0
level=1923 candidates=3559257624 survivors=11898 found=0
level=1924 candidates=3564811250 survivors=18600453 found=0
level=1925 candidates=3570370650 survivors=12592 found=0
level=1926 candidates=3575935827 survivors=17306110 found=0
level=1927 candidates=3581506784 survivors=12384 found=0
level=1928 candidates=3587083524 survivors=18751569 found=0
level=1929 candidates=3592666050 survivors=11706 found=0
level=1930 candidates=3598254365 survivors=18759085 found=0
level=1931 candidates=3603848472 survivors=12934 found=0
level=1932 candidates=3609448374 survivors=17817982 found=0
level=1933 candidates=3615054074 survivors=12963 found=0
level=1934 candidates=3620665575 survivors=18425883 found=0
level=1935 candidates=3626282880 survivors=11839 found=0
level=1936 candidates=3631905992 survivors=19042557 found=0
level=1937 candidates=3637534914 survivors=12902 found=0
level=1938 candidates=3643169649 survivors=17643384 found=0
level=1939 candidates=3648810200 survivors=13041 found=0
level=1940 candidates=3654456570 survivors=20259375 found=0
level=1941 candidates=3660108762 survivors=12659 found=0
level=1942 candidates=3665766779 survivors=18619074 found=0
level=1943 candidates=3671430624 survivors=12815 found=0
level=1944 candidates=3677100300 survivors=18371305 found=0
level=1945 candidates=3682775810 survivors=12955 found=0
level=1946 candidates=3688457157 survivors=18667700 found=0
slurmstepd: error: *** JOB 5758045 ON a1128u44n01 CANCELLED AT 2026-03-13T00:25:20 DUE TO PREEMPTION ***
[2026-03-13T00:30:33-04:00] Starting search on host a1122u02n01.mghpcc.ycrc.yale.edu from level 1947 to 2000.
level=1947 candidates=3694144344 survivors=12571 found=0
level=1948 candidates=3699837374 survivors=19233270 found=0
level=1949 candidates=3705536250 survivors=13299 found=0
level=1950 candidates=3711240975 survivors=18392814 found=0
slurmstepd: error: *** JOB 5758045 ON a1122u02n01 CANCELLED AT 2026-03-13T00:39:23 DUE TO PREEMPTION ***
[2026-03-13T00:42:34-04:00] Starting search on host a1128u05n01.mghpcc.ycrc.yale.edu from level 1951 to 2000.
level=1951 candidates=3716951552 survivors=13204 found=0
level=1952 candidates=3722667984 survivors=19432978 found=0
level=1953 candidates=3728390274 survivors=12447 found=0
level=1954 candidates=3734118425 survivors=18983432 found=0
level=1955 candidates=3739852440 survivors=13603 found=0
level=1956 candidates=3745592322 survivors=18618098 found=0
level=1957 candidates=3751338074 survivors=13673 found=0
level=1958 candidates=3757089699 survivors=19076385 found=0
level=1959 candidates=3762847200 survivors=12633 found=0
level=1960 candidates=3768610580 survivors=20865726 found=0
level=1961 candidates=3774379842 survivors=13318 found=0
level=1962 candidates=3780154989 survivors=18252778 found=0
level=1963 candidates=3785936024 survivors=13837 found=0
level=1964 candidates=3791722950 survivors=19767001 found=0
level=1965 candidates=3797515770 survivors=12967 found=0
level=1966 candidates=3803314487 survivors=19302683 found=0
level=1967 candidates=3809119104 survivors=13302 found=0
level=1968 candidates=3814929624 survivors=18955550 found=0
level=1969 candidates=3820746050 survivors=13622 found=0
level=1970 candidates=3826568385 survivors=19912926 found=0
level=1971 candidates=3832396632 survivors=13258 found=0
level=1972 candidates=3838230794 survivors=19914394 found=0
level=1973 candidates=3844070874 survivors=13880 found=0
level=1974 candidates=3849916875 survivors=18536581 found=0
level=1975 candidates=3855768800 survivors=13678 found=0
level=1976 candidates=3861626652 survivors=20200431 found=0
level=1977 candidates=3867490434 survivors=13231 found=0
level=1978 candidates=3873360149 survivors=19668141 found=0
level=1979 candidates=3879235800 survivors=14188 found=0
level=1980 candidates=3885117390 survivors=20450772 found=0
level=1981 candidates=3891004922 survivors=14324 found=0
level=1982 candidates=3896898399 survivors=19747829 found=0
level=1983 candidates=3902797824 survivors=13091 found=0
level=1984 candidates=3908703200 survivors=20445016 found=0
level=1985 candidates=3914614530 survivors=13898 found=0
level=1986 candidates=3920531817 survivors=18910114 found=0
level=1987 candidates=3926455064 survivors=14708 found=0
level=1988 candidates=3932384274 survivors=20315528 found=0
level=1989 candidates=3938319450 survivors=13894 found=0
level=1990 candidates=3944260595 survivors=20490303 found=0
level=1991 candidates=3950207712 survivors=14558 found=0
level=1992 candidates=3956160804 survivors=19622744 found=0
level=1993 candidates=3962119874 survivors=14218 found=0
level=1994 candidates=3968084925 survivors=20126893 found=0
level=1995 candidates=3974055960 survivors=13903 found=0
level=1996 candidates=3980032982 survivors=20707830 found=0
level=1997 candidates=3986015994 survivors=14747 found=0
level=1998 candidates=3992004999 survivors=19276562 found=0
level=1999 candidates=3998000000 survivors=14650 found=0
level=2000 candidates=4004001000 survivors=22185491 found=0
[2026-03-13T02:29:36-04:00] Search reached level 2000 without a recorded hit.
[2026-03-13T02:32:33-04:00] Search already completed through level 2000 with no recorded hit.
