Starting A3 torch search with p= 7 caps 40000 40000 totalcaps 200000 150000 FIRST_STEPS 20 base_point 1 device cuda
We have 6 atoms and 14 dual simples
Initialized step 1 with spreads: {1: 2}
Starting step 2
Analyzing 2 states in spread 1
Finished step 2, minimal spread 2, max spread 2, got 0 drops
Total number of curves 8
Starting step 3
Analyzing 8 states in spread 2
Finished step 3, minimal spread 3, max spread 3, got 0 drops
Total number of curves 36
Starting step 4
Analyzing 36 states in spread 3
Finished step 4, minimal spread 4, max spread 4, got 0 drops
Total number of curves 170
Starting step 5
Analyzing 170 states in spread 4
Finished step 5, minimal spread 5, max spread 5, got 0 drops
Total number of curves 816
Starting step 6
Analyzing 816 states in spread 5
Finished step 6, minimal spread 5, max spread 6, got 0 drops
Total number of curves 3938
Starting step 7
Analyzing 2 states in spread 5
Analyzing 3936 states in spread 6
Finished step 7, minimal spread 5, max spread 7, got 0 drops
Total number of curves 19040
Starting step 8
Analyzing 2 states in spread 5
Analyzing 38 states in spread 6
Analyzing 19000 states in spread 7
Finished step 8, minimal spread 6, max spread 8, got 0 drops
Total number of curves 40452
Starting step 9
Analyzing 37 states in spread 6
Analyzing 415 states in spread 7
Analyzing 40000 states in spread 8
Finished step 9, minimal spread 6, max spread 9, got 0 drops
Total number of curves 43035
Starting step 10
Analyzing 5 states in spread 6
Analyzing 372 states in spread 7
Analyzing 2658 states in spread 8
Analyzing 40000 states in spread 9
Finished step 10, minimal spread 7, max spread 10, got 0 drops
Total number of curves 56146
Starting step 11
Analyzing 84 states in spread 7
Analyzing 2421 states in spread 8
Analyzing 13641 states in spread 9
Analyzing 40000 states in spread 10
Finished step 11, minimal spread 7, max spread 11, got 0 drops
Total number of curves 93623
Starting step 12
Analyzing 11 states in spread 7
Analyzing 712 states in spread 8
Analyzing 12900 states in spread 9
Analyzing 40000 states in spread 10
Analyzing 40000 states in spread 11
Finished step 12, minimal spread 7, max spread 12, got 0 drops
Total number of curves 124814
Starting step 13
Analyzing 6 states in spread 7
Analyzing 188 states in spread 8
Analyzing 4620 states in spread 9
Analyzing 40000 states in spread 10
Analyzing 40000 states in spread 11
Analyzing 40000 states in spread 12
Finished step 13, minimal spread 7, max spread 13, got 0 drops
Total number of curves 146521
Starting step 14
Analyzing 5 states in spread 7
Analyzing 85 states in spread 8
Analyzing 1747 states in spread 9
Analyzing 24684 states in spread 10
Analyzing 40000 states in spread 11
Analyzing 40000 states in spread 12
Analyzing 40000 states in spread 13
Finished step 14, minimal spread 7, max spread 14, got 0 drops
Total number of curves 172182
Starting step 15
Analyzing 1 states in spread 7
Analyzing 56 states in spread 8
Analyzing 765 states in spread 9
Analyzing 11360 states in spread 10
Analyzing 40000 states in spread 11
Analyzing 40000 states in spread 12
Analyzing 40000 states in spread 13
Analyzing 40000 states in spread 14
Finished step 15, minimal spread 7, max spread 15, got 0 drops
Total number of curves 205627
Starting step 16
Analyzing 1 states in spread 7
Analyzing 21 states in spread 8
Analyzing 458 states in spread 9
Analyzing 5147 states in spread 10
Analyzing 40000 states in spread 11
Analyzing 40000 states in spread 12
Analyzing 40000 states in spread 13
Analyzing 40000 states in spread 14
Analyzing 40000 states in spread 15
Finished step 16, minimal spread 7, max spread 16, got 0 drops
Total number of curves 230499
Starting step 17
Analyzing 1 states in spread 7
Analyzing 22 states in spread 8
Analyzing 229 states in spread 9
Analyzing 3026 states in spread 10
Analyzing 27221 states in spread 11
Analyzing 40000 states in spread 12
Analyzing 40000 states in spread 13
Analyzing 40000 states in spread 14
Analyzing 40000 states in spread 15
Analyzing 40000 states in spread 16
Finished step 17, minimal spread 7, max spread 17, got 2 drops
Total number of curves 258748
Starting step 18
Analyzing 1 states in spread 7
Analyzing 19 states in spread 8
Analyzing 213 states in spread 9
Analyzing 1736 states in spread 10
Analyzing 16779 states in spread 11
Analyzing 40000 states in spread 12
Analyzing 40000 states in spread 13
Analyzing 40000 states in spread 14
Analyzing 40000 states in spread 15
Analyzing 40000 states in spread 16
Finished step 18, minimal spread 7, max spread 17, got 2 drops
Total number of curves 252304
Starting step 19
Analyzing 1 states in spread 7
Analyzing 14 states in spread 8
Analyzing 161 states in spread 9
Analyzing 1476 states in spread 10
Analyzing 10652 states in spread 11
Analyzing 40000 states in spread 12
Analyzing 40000 states in spread 13
Analyzing 40000 states in spread 14
Analyzing 40000 states in spread 15
Analyzing 40000 states in spread 16
Finished step 19, minimal spread 7, max spread 17, got 4 drops
Total number of curves 250015
Starting step 20
Analyzing 1 states in spread 7
Analyzing 12 states in spread 8
Analyzing 99 states in spread 9
Analyzing 1115 states in spread 10
Analyzing 8788 states in spread 11
Analyzing 40000 states in spread 12
Analyzing 40000 states in spread 13
Analyzing 40000 states in spread 14
Analyzing 40000 states in spread 15
Finished step 20, minimal spread 6, max spread 16, got 4 drops
Total number of curves 207591
Starting step 21
Analyzing 1 states in spread 6
Analyzing 2 states in spread 7
Analyzing 10 states in spread 8
Analyzing 77 states in spread 9
Analyzing 637 states in spread 10
Analyzing 6864 states in spread 11
Analyzing 40000 states in spread 12
Analyzing 40000 states in spread 13
Analyzing 40000 states in spread 14
Analyzing 40000 states in spread 15
Finished step 21, minimal spread 6, max spread 16, got 1 drops
Total number of curves 201433
Starting step 22
Analyzing 1 states in spread 6
Analyzing 8 states in spread 7
Analyzing 11 states in spread 8
Analyzing 69 states in spread 9
Analyzing 486 states in spread 10
Analyzing 3908 states in spread 11
Analyzing 36950 states in spread 12
Analyzing 40000 states in spread 13
Analyzing 40000 states in spread 14
Analyzing 40000 states in spread 15
Finished step 22, minimal spread 6, max spread 16, got 2 drops
Total number of curves 185614
Starting step 23
Analyzing 1 states in spread 6
Analyzing 9 states in spread 7
Analyzing 42 states in spread 8
Analyzing 63 states in spread 9
Analyzing 424 states in spread 10
Analyzing 2994 states in spread 11
Analyzing 22081 states in spread 12
Analyzing 40000 states in spread 13
Analyzing 40000 states in spread 14
Analyzing 40000 states in spread 15
Analyzing 40000 states in spread 16
Finished step 23, minimal spread 6, max spread 17, got 1 drops
Total number of curves 220423
Starting step 24
Analyzing 1 states in spread 6
Analyzing 8 states in spread 7
Analyzing 55 states in spread 8
Analyzing 207 states in spread 9
Analyzing 359 states in spread 10
Analyzing 2505 states in spread 11
Analyzing 17288 states in spread 12
Analyzing 40000 states in spread 13
Analyzing 40000 states in spread 14
Analyzing 40000 states in spread 15
Analyzing 40000 states in spread 16
Finished step 24, minimal spread 7, max spread 17, got 3 drops
Total number of curves 217593
Starting step 25
Analyzing 9 states in spread 7
Analyzing 44 states in spread 8
Analyzing 304 states in spread 9
Analyzing 1023 states in spread 10
Analyzing 2047 states in spread 11
Analyzing 14166 states in spread 12
Analyzing 40000 states in spread 13
Analyzing 40000 states in spread 14
Analyzing 40000 states in spread 15
Analyzing 40000 states in spread 16
Finished step 25, minimal spread 8, max spread 17, got 5 drops
Total number of curves 218395
Starting step 26
Analyzing 52 states in spread 8
Analyzing 237 states in spread 9
Analyzing 1586 states in spread 10
Analyzing 5112 states in spread 11
Analyzing 11408 states in spread 12
Analyzing 40000 states in spread 13
Analyzing 40000 states in spread 14
Analyzing 40000 states in spread 15
Analyzing 40000 states in spread 16
Finished step 26, minimal spread 8, max spread 17, got 3 drops
Total number of curves 235317
Starting step 27
Analyzing 2 states in spread 8
Analyzing 279 states in spread 9
Analyzing 1246 states in spread 10
Analyzing 8062 states in spread 11
Analyzing 25728 states in spread 12
Analyzing 40000 states in spread 13
Analyzing 40000 states in spread 14
Analyzing 40000 states in spread 15
Finished step 27, minimal spread 8, max spread 16, got 3 drops
Total number of curves 207935
Starting step 28
Analyzing 1 states in spread 8
Analyzing 26 states in spread 9
Analyzing 1453 states in spread 10
Analyzing 6455 states in spread 11
Analyzing 40000 states in spread 12
Analyzing 40000 states in spread 13
Analyzing 40000 states in spread 14
Analyzing 40000 states in spread 15
Finished step 28, minimal spread 9, max spread 16, got 3 drops
Total number of curves 200762
Starting step 29
Analyzing 13 states in spread 9
Analyzing 205 states in spread 10
Analyzing 7457 states in spread 11
Analyzing 33087 states in spread 12
Analyzing 40000 states in spread 13
Analyzing 40000 states in spread 14
Analyzing 40000 states in spread 15
Finished step 29, minimal spread 9, max spread 16, got 0 drops
Total number of curves 199488
Starting step 30
Analyzing 3 states in spread 9
Analyzing 103 states in spread 10
Analyzing 1394 states in spread 11
Analyzing 37988 states in spread 12
Analyzing 40000 states in spread 13
Analyzing 40000 states in spread 14
Analyzing 40000 states in spread 15
Finished step 30, minimal spread 10, max spread 16, got 0 drops
Total number of curves 169530
Starting step 31
Analyzing 38 states in spread 10
Analyzing 728 states in spread 11
Analyzing 8764 states in spread 12
Analyzing 40000 states in spread 13
Analyzing 40000 states in spread 14
Analyzing 40000 states in spread 15
Analyzing 40000 states in spread 16
Finished step 31, minimal spread 10, max spread 17, got 1 drops
Total number of curves 205148
Starting step 32
Analyzing 11 states in spread 10
Analyzing 338 states in spread 11
Analyzing 4799 states in spread 12
Analyzing 40000 states in spread 13
Analyzing 40000 states in spread 14
Analyzing 40000 states in spread 15
Analyzing 40000 states in spread 16
Finished step 32, minimal spread 10, max spread 17, got 0 drops
Total number of curves 188713
Starting step 33
Analyzing 5 states in spread 10
Analyzing 163 states in spread 11
Analyzing 2493 states in spread 12
Analyzing 26052 states in spread 13
Analyzing 40000 states in spread 14
Analyzing 40000 states in spread 15
Analyzing 40000 states in spread 16
Analyzing 40000 states in spread 17
Finished step 33, minimal spread 10, max spread 18, got 1 drops
Total number of curves 216214
Starting step 34
Analyzing 2 states in spread 10
Analyzing 79 states in spread 11
Analyzing 1411 states in spread 12
Analyzing 14722 states in spread 13
Analyzing 40000 states in spread 14
Analyzing 40000 states in spread 15
Analyzing 40000 states in spread 16
Analyzing 40000 states in spread 17
Finished step 34, minimal spread 10, max spread 18, got 2 drops
Total number of curves 209972
Starting step 35
Analyzing 2 states in spread 10
Analyzing 38 states in spread 11
Analyzing 714 states in spread 12
Analyzing 9218 states in spread 13
Analyzing 40000 states in spread 14
Analyzing 40000 states in spread 15
Analyzing 40000 states in spread 16
Analyzing 40000 states in spread 17
Finished step 35, minimal spread 10, max spread 18, got 2 drops
Total number of curves 205402
Starting step 36
Analyzing 2 states in spread 10
Analyzing 31 states in spread 11
Analyzing 378 states in spread 12
Analyzing 4991 states in spread 13
Analyzing 40000 states in spread 14
Analyzing 40000 states in spread 15
Analyzing 40000 states in spread 16
Analyzing 40000 states in spread 17
Finished step 36, minimal spread 10, max spread 18, got 0 drops
Total number of curves 190693
Starting step 37
Analyzing 3 states in spread 10
Analyzing 18 states in spread 11
Analyzing 285 states in spread 12
Analyzing 2810 states in spread 13
Analyzing 27577 states in spread 14
Analyzing 40000 states in spread 15
Analyzing 40000 states in spread 16
Analyzing 40000 states in spread 17
Finished step 37, minimal spread 10, max spread 18, got 0 drops
Total number of curves 179125
Starting step 38
Analyzing 1 states in spread 10
Analyzing 29 states in spread 11
Analyzing 135 states in spread 12
Analyzing 2075 states in spread 13
Analyzing 16885 states in spread 14
Analyzing 40000 states in spread 15
Analyzing 40000 states in spread 16
Analyzing 40000 states in spread 17
Analyzing 40000 states in spread 18
Finished step 38, minimal spread 10, max spread 19, got 2 drops
Total number of curves 213828
Starting step 39
Analyzing 1 states in spread 10
Analyzing 10 states in spread 11
Analyzing 190 states in spread 12
Analyzing 985 states in spread 13
Analyzing 12642 states in spread 14
Analyzing 40000 states in spread 15
Analyzing 40000 states in spread 16
Analyzing 40000 states in spread 17
Analyzing 40000 states in spread 18
Finished step 39, minimal spread 10, max spread 19, got 4 drops
Total number of curves 207632
Starting step 40
Analyzing 1 states in spread 10
Analyzing 12 states in spread 11
Analyzing 68 states in spread 12
Analyzing 1180 states in spread 13
Analyzing 6371 states in spread 14
Analyzing 40000 states in spread 15
Analyzing 40000 states in spread 16
Analyzing 40000 states in spread 17
Analyzing 40000 states in spread 18
Finished step 40, minimal spread 10, max spread 19, got 7 drops
Total number of curves 200596
Starting step 41
Analyzing 1 states in spread 10
Analyzing 11 states in spread 11
Analyzing 75 states in spread 12
Analyzing 469 states in spread 13
Analyzing 6994 states in spread 14
Analyzing 33046 states in spread 15
Analyzing 40000 states in spread 16
Analyzing 40000 states in spread 17
Analyzing 40000 states in spread 18
Finished step 41, minimal spread 10, max spread 19, got 3 drops
Total number of curves 200665
Starting step 42
Analyzing 2 states in spread 10
Analyzing 8 states in spread 11
Analyzing 75 states in spread 12
Analyzing 457 states in spread 13
Analyzing 3059 states in spread 14
Analyzing 37064 states in spread 15
Analyzing 40000 states in spread 16
Analyzing 40000 states in spread 17
Analyzing 40000 states in spread 18
Finished step 42, minimal spread 10, max spread 19, got 5 drops
Total number of curves 181019
Starting step 43
Analyzing 3 states in spread 10
Analyzing 14 states in spread 11
Analyzing 50 states in spread 12
Analyzing 466 states in spread 13
Analyzing 2676 states in spread 14
Analyzing 17810 states in spread 15
Analyzing 40000 states in spread 16
Analyzing 40000 states in spread 17
Analyzing 40000 states in spread 18
Analyzing 40000 states in spread 19
Finished step 43, minimal spread 10, max spread 20, got 4 drops
Total number of curves 217989
Starting step 44
Analyzing 1 states in spread 10
Analyzing 29 states in spread 11
Analyzing 76 states in spread 12
Analyzing 304 states in spread 13
Analyzing 2704 states in spread 14
Analyzing 14875 states in spread 15
Analyzing 40000 states in spread 16
Analyzing 40000 states in spread 17
Analyzing 40000 states in spread 18
Analyzing 40000 states in spread 19
Finished step 44, minimal spread 10, max spread 20, got 3 drops
Total number of curves 217270
Starting step 45
Analyzing 1 states in spread 10
Analyzing 8 states in spread 11
Analyzing 182 states in spread 12
Analyzing 410 states in spread 13
Analyzing 1764 states in spread 14
Analyzing 14905 states in spread 15
Analyzing 40000 states in spread 16
Analyzing 40000 states in spread 17
Analyzing 40000 states in spread 18
Analyzing 40000 states in spread 19
Finished step 45, minimal spread 11, max spread 20, got 0 drops
Total number of curves 213150
Starting step 46
Analyzing 10 states in spread 11
Analyzing 48 states in spread 12
Analyzing 998 states in spread 13
Analyzing 2186 states in spread 14
Analyzing 9908 states in spread 15
Analyzing 40000 states in spread 16
Analyzing 40000 states in spread 17
Analyzing 40000 states in spread 18
Analyzing 40000 states in spread 19
Finished step 46, minimal spread 11, max spread 20, got 0 drops
Total number of curves 217078
Starting step 47
Analyzing 3 states in spread 11
Analyzing 65 states in spread 12
Analyzing 282 states in spread 13
Analyzing 5178 states in spread 14
Analyzing 11550 states in spread 15
Analyzing 40000 states in spread 16
Analyzing 40000 states in spread 17
Analyzing 40000 states in spread 18
Analyzing 40000 states in spread 19
Finished step 47, minimal spread 11, max spread 20, got 0 drops
Total number of curves 228286
Starting step 48
Analyzing 4 states in spread 11
Analyzing 31 states in spread 12
Analyzing 373 states in spread 13
Analyzing 1628 states in spread 14
Analyzing 26250 states in spread 15
Analyzing 40000 states in spread 16
Analyzing 40000 states in spread 17
Analyzing 40000 states in spread 18
Analyzing 40000 states in spread 19
Finished step 48, minimal spread 11, max spread 20, got 0 drops
Total number of curves 211477
Starting step 49
Analyzing 4 states in spread 11
Analyzing 33 states in spread 12
Analyzing 212 states in spread 13
Analyzing 2043 states in spread 14
Analyzing 9185 states in spread 15
Analyzing 40000 states in spread 16
Analyzing 40000 states in spread 17
Analyzing 40000 states in spread 18
Analyzing 40000 states in spread 19
Finished step 49, minimal spread 11, max spread 20, got 0 drops
Total number of curves 212427
Starting step 50
Analyzing 1 states in spread 11
Analyzing 38 states in spread 12
Analyzing 194 states in spread 13
Analyzing 1265 states in spread 14
Analyzing 10929 states in spread 15
Analyzing 40000 states in spread 16
Analyzing 40000 states in spread 17
Analyzing 40000 states in spread 18
Analyzing 40000 states in spread 19
Finished step 50, minimal spread 11, max spread 20, got 4 drops
Total number of curves 208458
Starting step 51
Analyzing 1 states in spread 11
Analyzing 10 states in spread 12
Analyzing 238 states in spread 13
Analyzing 1086 states in spread 14
Analyzing 7123 states in spread 15
Analyzing 40000 states in spread 16
Analyzing 40000 states in spread 17
Analyzing 40000 states in spread 18
Analyzing 40000 states in spread 19
Finished step 51, minimal spread 11, max spread 20, got 4 drops
Total number of curves 203180
Starting step 52
Analyzing 1 states in spread 11
Analyzing 11 states in spread 12
Analyzing 75 states in spread 13
Analyzing 1326 states in spread 14
Analyzing 5958 states in spread 15
Analyzing 35809 states in spread 16
Analyzing 40000 states in spread 17
Analyzing 40000 states in spread 18
Analyzing 40000 states in spread 19
Finished step 52, minimal spread 12, max spread 20, got 4 drops
Total number of curves 198307
Starting step 53
Analyzing 11 states in spread 12
Analyzing 82 states in spread 13
Analyzing 470 states in spread 14
Analyzing 7085 states in spread 15
Analyzing 30659 states in spread 16
Analyzing 40000 states in spread 17
Analyzing 40000 states in spread 18
Analyzing 40000 states in spread 19
Finished step 53, minimal spread 12, max spread 20, got 2 drops
Total number of curves 199886
Starting step 54
Analyzing 2 states in spread 12
Analyzing 75 states in spread 13
Analyzing 506 states in spread 14
Analyzing 2814 states in spread 15
Analyzing 36489 states in spread 16
Analyzing 40000 states in spread 17
Analyzing 40000 states in spread 18
Analyzing 40000 states in spread 19
Finished step 54, minimal spread 12, max spread 20, got 3 drops
Total number of curves 179317
Starting step 55
Analyzing 3 states in spread 12
Analyzing 27 states in spread 13
Analyzing 439 states in spread 14
Analyzing 2894 states in spread 15
Analyzing 15954 states in spread 16
Analyzing 40000 states in spread 17
Analyzing 40000 states in spread 18
Analyzing 40000 states in spread 19
Analyzing 40000 states in spread 20
Finished step 55, minimal spread 12, max spread 21, got 3 drops
Total number of curves 218558
Starting step 56
Analyzing 1 states in spread 12
Analyzing 34 states in spread 13
Analyzing 211 states in spread 14
Analyzing 2411 states in spread 15
Analyzing 15901 states in spread 16
Analyzing 40000 states in spread 17
Analyzing 40000 states in spread 18
Analyzing 40000 states in spread 19
Analyzing 40000 states in spread 20
Finished step 56, minimal spread 13, max spread 21, got 4 drops
Total number of curves 214552
Starting step 57
Analyzing 9 states in spread 13
Analyzing 249 states in spread 14
Analyzing 1400 states in spread 15
Analyzing 12894 states in spread 16
Analyzing 40000 states in spread 17
Analyzing 40000 states in spread 18
Analyzing 40000 states in spread 19
Analyzing 40000 states in spread 20
Finished step 57, minimal spread 14, max spread 21, got 5 drops
Total number of curves 209940
Starting step 58
Analyzing 79 states in spread 14
Analyzing 1547 states in spread 15
Analyzing 8314 states in spread 16
Analyzing 40000 states in spread 17
Analyzing 40000 states in spread 18
Analyzing 40000 states in spread 19
Analyzing 40000 states in spread 20
Finished step 58, minimal spread 14, max spread 21, got 3 drops
Total number of curves 209391
Starting step 59
Analyzing 15 states in spread 14
Analyzing 585 states in spread 15
Analyzing 8791 states in spread 16
Analyzing 40000 states in spread 17
Analyzing 40000 states in spread 18
Analyzing 40000 states in spread 19
Analyzing 40000 states in spread 20
Finished step 59, minimal spread 14, max spread 21, got 2 drops
Total number of curves 203993
Starting step 60
Analyzing 7 states in spread 14
Analyzing 190 states in spread 15
Analyzing 3796 states in spread 16
Analyzing 40000 states in spread 17
Analyzing 40000 states in spread 18
Analyzing 40000 states in spread 19
Analyzing 40000 states in spread 20
Finished step 60, minimal spread 14, max spread 21, got 3 drops
Total number of curves 183002
Starting step 61
Analyzing 4 states in spread 14
Analyzing 97 states in spread 15
Analyzing 1554 states in spread 16
Analyzing 21347 states in spread 17
Analyzing 40000 states in spread 18
Analyzing 40000 states in spread 19
Analyzing 40000 states in spread 20
Analyzing 40000 states in spread 21
Finished step 61, minimal spread 14, max spread 22, got 2 drops
Total number of curves 210992
Starting step 62
Analyzing 3 states in spread 14
Analyzing 49 states in spread 15
Analyzing 854 states in spread 16
Analyzing 10086 states in spread 17
Analyzing 40000 states in spread 18
Analyzing 40000 states in spread 19
Analyzing 40000 states in spread 20
Analyzing 40000 states in spread 21
Finished step 62, minimal spread 14, max spread 22, got 2 drops
Total number of curves 206412
Starting step 63
Analyzing 1 states in spread 14
Analyzing 35 states in spread 15
Analyzing 466 states in spread 16
Analyzing 5910 states in spread 17
Analyzing 40000 states in spread 18
Analyzing 40000 states in spread 19
Analyzing 40000 states in spread 20
Analyzing 40000 states in spread 21
Finished step 63, minimal spread 14, max spread 22, got 7 drops
Total number of curves 195518
Starting step 64
Analyzing 1 states in spread 14
Analyzing 22 states in spread 15
Analyzing 308 states in spread 16
Analyzing 3453 states in spread 17
Analyzing 31734 states in spread 18
Analyzing 40000 states in spread 19
Analyzing 40000 states in spread 20
Analyzing 40000 states in spread 21
Finished step 64, minimal spread 13, max spread 22, got 4 drops
Total number of curves 182514
Starting step 65
Analyzing 1 states in spread 13
Analyzing 3 states in spread 14
Analyzing 15 states in spread 15
Analyzing 213 states in spread 16
Analyzing 2176 states in spread 17
Analyzing 20106 states in spread 18
Analyzing 40000 states in spread 19
Analyzing 40000 states in spread 20
Analyzing 40000 states in spread 21
Analyzing 40000 states in spread 22
Finished step 65, minimal spread 13, max spread 23, got 3 drops
Total number of curves 214604
Starting step 66
Analyzing 1 states in spread 13
Analyzing 8 states in spread 14
Analyzing 21 states in spread 15
Analyzing 134 states in spread 16
Analyzing 1537 states in spread 17
Analyzing 12903 states in spread 18
Analyzing 40000 states in spread 19
Analyzing 40000 states in spread 20
Analyzing 40000 states in spread 21
Analyzing 40000 states in spread 22
Finished step 66, minimal spread 14, max spread 23, got 2 drops
Total number of curves 210578
Starting step 67
Analyzing 8 states in spread 14
Analyzing 42 states in spread 15
Analyzing 140 states in spread 16
Analyzing 951 states in spread 17
Analyzing 9437 states in spread 18
Analyzing 40000 states in spread 19
Analyzing 40000 states in spread 20
Analyzing 40000 states in spread 21
Analyzing 40000 states in spread 22
Finished step 67, minimal spread 14, max spread 23, got 2 drops
Total number of curves 207087
Starting step 68
Analyzing 1 states in spread 14
Analyzing 49 states in spread 15
Analyzing 221 states in spread 16
Analyzing 881 states in spread 17
Analyzing 5935 states in spread 18
Analyzing 40000 states in spread 19
Analyzing 40000 states in spread 20
Analyzing 40000 states in spread 21
Analyzing 40000 states in spread 22
Finished step 68, minimal spread 15, max spread 23, got 2 drops
Total number of curves 198375
Starting step 69
Analyzing 16 states in spread 15
Analyzing 265 states in spread 16
Analyzing 1181 states in spread 17
Analyzing 5204 states in spread 18
Analyzing 31709 states in spread 19
Analyzing 40000 states in spread 20
Analyzing 40000 states in spread 21
Analyzing 40000 states in spread 22
Finished step 69, minimal spread 15, max spread 23, got 2 drops
Total number of curves 196191
Starting step 70
Analyzing 6 states in spread 15
Analyzing 130 states in spread 16
Analyzing 1373 states in spread 17
Analyzing 6299 states in spread 18
Analyzing 28383 states in spread 19
Analyzing 40000 states in spread 20
Analyzing 40000 states in spread 21
Analyzing 40000 states in spread 22
Finished step 70, minimal spread 15, max spread 23, got 1 drops
Total number of curves 200913
Starting step 71
Analyzing 6 states in spread 15
Analyzing 65 states in spread 16
Analyzing 830 states in spread 17
Analyzing 7037 states in spread 18
Analyzing 32975 states in spread 19
Analyzing 40000 states in spread 20
Analyzing 40000 states in spread 21
Analyzing 40000 states in spread 22
Finished step 71, minimal spread 15, max spread 23, got 0 drops
Total number of curves 201146
Starting step 72
Analyzing 4 states in spread 15
Analyzing 57 states in spread 16
Analyzing 454 states in spread 17
Analyzing 4761 states in spread 18
Analyzing 35870 states in spread 19
Analyzing 40000 states in spread 20
Analyzing 40000 states in spread 21
Analyzing 40000 states in spread 22
Finished step 72, minimal spread 15, max spread 23, got 0 drops
Total number of curves 188957
Starting step 73
Analyzing 1 states in spread 15
Analyzing 37 states in spread 16
Analyzing 379 states in spread 17
Analyzing 2736 states in spread 18
Analyzing 25804 states in spread 19
Analyzing 40000 states in spread 20
Analyzing 40000 states in spread 21
Analyzing 40000 states in spread 22
Analyzing 40000 states in spread 23
Finished step 73, minimal spread 16, max spread 24, got 4 drops
Total number of curves 217989
Starting step 74
Analyzing 13 states in spread 16
Analyzing 240 states in spread 17
Analyzing 2289 states in spread 18
Analyzing 15447 states in spread 19
Analyzing 40000 states in spread 20
Analyzing 40000 states in spread 21
Analyzing 40000 states in spread 22
Analyzing 40000 states in spread 23
Finished step 74, minimal spread 16, max spread 24, got 1 drops
Total number of curves 214595
Starting step 75
Analyzing 5 states in spread 16
Analyzing 111 states in spread 17
Analyzing 1460 states in spread 18
Analyzing 13019 states in spread 19
Analyzing 40000 states in spread 20
Analyzing 40000 states in spread 21
Analyzing 40000 states in spread 22
Analyzing 40000 states in spread 23
Finished step 75, minimal spread 16, max spread 24, got 1 drops
Total number of curves 209384
Starting step 76
Analyzing 2 states in spread 16
Analyzing 60 states in spread 17
Analyzing 811 states in spread 18
Analyzing 8511 states in spread 19
Analyzing 40000 states in spread 20
Analyzing 40000 states in spread 21
Analyzing 40000 states in spread 22
Analyzing 40000 states in spread 23
Finished step 76, minimal spread 16, max spread 24, got 3 drops
Total number of curves 205788
Starting step 77
Analyzing 1 states in spread 16
Analyzing 29 states in spread 17
Analyzing 458 states in spread 18
Analyzing 5300 states in spread 19
Analyzing 40000 states in spread 20
Analyzing 40000 states in spread 21
Analyzing 40000 states in spread 22
Analyzing 40000 states in spread 23
Finished step 77, minimal spread 16, max spread 24, got 2 drops
Total number of curves 192128
Starting step 78
Analyzing 1 states in spread 16
Analyzing 16 states in spread 17
Analyzing 255 states in spread 18
Analyzing 3028 states in spread 19
Analyzing 28828 states in spread 20
Analyzing 40000 states in spread 21
Analyzing 40000 states in spread 22
Analyzing 40000 states in spread 23
Finished step 78, minimal spread 16, max spread 24, got 1 drops
Total number of curves 179354
Starting step 79
Analyzing 1 states in spread 16
Analyzing 9 states in spread 17
Analyzing 153 states in spread 18
Analyzing 1838 states in spread 19
Analyzing 17353 states in spread 20
Analyzing 40000 states in spread 21
Analyzing 40000 states in spread 22
Analyzing 40000 states in spread 23
Analyzing 40000 states in spread 24
Finished step 79, minimal spread 17, max spread 25, got 1 drops
Total number of curves 212566
Starting step 80
Analyzing 9 states in spread 17
Analyzing 82 states in spread 18
Analyzing 1189 states in spread 19
Analyzing 11286 states in spread 20
Analyzing 40000 states in spread 21
Analyzing 40000 states in spread 22
Analyzing 40000 states in spread 23
Analyzing 40000 states in spread 24
Finished step 80, minimal spread 17, max spread 25, got 1 drops
Total number of curves 208448
Starting step 81
Analyzing 1 states in spread 17
Analyzing 67 states in spread 18
Analyzing 654 states in spread 19
Analyzing 7726 states in spread 20
Analyzing 40000 states in spread 21
Analyzing 40000 states in spread 22
Analyzing 40000 states in spread 23
Analyzing 40000 states in spread 24
Finished step 81, minimal spread 17, max spread 25, got 2 drops
Total number of curves 204950
Starting step 82
Analyzing 1 states in spread 17
Analyzing 19 states in spread 18
Analyzing 479 states in spread 19
Analyzing 4451 states in spread 20
Analyzing 40000 states in spread 21
Analyzing 40000 states in spread 22
Analyzing 40000 states in spread 23
Analyzing 40000 states in spread 24
Finished step 82, minimal spread 17, max spread 25, got 6 drops
Total number of curves 188521
Starting step 83
Analyzing 2 states in spread 17
Analyzing 15 states in spread 18
Analyzing 198 states in spread 19
Analyzing 3160 states in spread 20
Analyzing 25146 states in spread 21
Analyzing 40000 states in spread 22
Analyzing 40000 states in spread 23
Analyzing 40000 states in spread 24
Analyzing 40000 states in spread 25
Finished step 83, minimal spread 17, max spread 26, got 5 drops
Total number of curves 220192
Starting step 84
Analyzing 1 states in spread 17
Analyzing 22 states in spread 18
Analyzing 129 states in spread 19
Analyzing 1584 states in spread 20
Analyzing 18456 states in spread 21
Analyzing 40000 states in spread 22
Analyzing 40000 states in spread 23
Analyzing 40000 states in spread 24
Analyzing 40000 states in spread 25
Finished step 84, minimal spread 18, max spread 26, got 1 drops
Total number of curves 211597
Starting step 85
Analyzing 9 states in spread 18
Analyzing 153 states in spread 19
Analyzing 974 states in spread 20
Analyzing 10461 states in spread 21
Analyzing 40000 states in spread 22
Analyzing 40000 states in spread 23
Analyzing 40000 states in spread 24
Analyzing 40000 states in spread 25
Finished step 85, minimal spread 18, max spread 26, got 1 drops
Total number of curves 207502
Starting step 86
Analyzing 2 states in spread 18
Analyzing 69 states in spread 19
Analyzing 963 states in spread 20
Analyzing 6468 states in spread 21
Analyzing 40000 states in spread 22
Analyzing 40000 states in spread 23
Analyzing 40000 states in spread 24
Analyzing 40000 states in spread 25
Finished step 86, minimal spread 19, max spread 26, got 4 drops
Total number of curves 201163
Starting step 87
Analyzing 30 states in spread 19
Analyzing 498 states in spread 20
Analyzing 5768 states in spread 21
Analyzing 34867 states in spread 22
Analyzing 40000 states in spread 23
Analyzing 40000 states in spread 24
Analyzing 40000 states in spread 25
Finished step 87, minimal spread 18, max spread 26, got 4 drops
Total number of curves 194827
Starting step 88
Analyzing 1 states in spread 18
Analyzing 13 states in spread 19
Analyzing 270 states in spread 20
Analyzing 3287 states in spread 21
Analyzing 31256 states in spread 22
Analyzing 40000 states in spread 23
Analyzing 40000 states in spread 24
Analyzing 40000 states in spread 25
Finished step 88, minimal spread 17, max spread 26, got 5 drops
Total number of curves 181375
Starting step 89
Analyzing 1 states in spread 17
Analyzing 3 states in spread 18
Analyzing 16 states in spread 19
Analyzing 156 states in spread 20
Analyzing 1960 states in spread 21
Analyzing 19239 states in spread 22
Analyzing 40000 states in spread 23
Analyzing 40000 states in spread 24
Analyzing 40000 states in spread 25
Analyzing 40000 states in spread 26
Finished step 89, minimal spread 17, max spread 27, got 0 drops
Total number of curves 213612
Starting step 90
Analyzing 1 states in spread 17
Analyzing 8 states in spread 18
Analyzing 25 states in spread 19
Analyzing 138 states in spread 20
Analyzing 1251 states in spread 21
Analyzing 12189 states in spread 22
Analyzing 40000 states in spread 23
Analyzing 40000 states in spread 24
Analyzing 40000 states in spread 25
Analyzing 40000 states in spread 26
Finished step 90, minimal spread 18, max spread 27, got 4 drops
Total number of curves 209389
Starting step 91
Analyzing 9 states in spread 18
Analyzing 47 states in spread 19
Analyzing 169 states in spread 20
Analyzing 971 states in spread 21
Analyzing 8193 states in spread 22
Analyzing 40000 states in spread 23
Analyzing 40000 states in spread 24
Analyzing 40000 states in spread 25
Analyzing 40000 states in spread 26
Finished step 91, minimal spread 19, max spread 27, got 6 drops
Total number of curves 207448
Starting step 92
Analyzing 55 states in spread 19
Analyzing 263 states in spread 20
Analyzing 1030 states in spread 21
Analyzing 6100 states in spread 22
Analyzing 40000 states in spread 23
Analyzing 40000 states in spread 24
Analyzing 40000 states in spread 25
Analyzing 40000 states in spread 26
Finished step 92, minimal spread 19, max spread 27, got 4 drops
Total number of curves 200707
Starting step 93
Analyzing 4 states in spread 19
Analyzing 299 states in spread 20
Analyzing 1420 states in spread 21
Analyzing 6029 states in spread 22
Analyzing 32955 states in spread 23
Analyzing 40000 states in spread 24
Analyzing 40000 states in spread 25
Analyzing 40000 states in spread 26
Finished step 93, minimal spread 19, max spread 27, got 12 drops
Total number of curves 202135
Starting step 94
Analyzing 3 states in spread 19
Analyzing 47 states in spread 20
Analyzing 1567 states in spread 21
Analyzing 7630 states in spread 22
Analyzing 32888 states in spread 23
Analyzing 40000 states in spread 24
Analyzing 40000 states in spread 25
Analyzing 40000 states in spread 26
Finished step 94, minimal spread 19, max spread 27, got 6 drops
Total number of curves 208548
Starting step 95
Analyzing 1 states in spread 19
Analyzing 34 states in spread 20
Analyzing 347 states in spread 21
Analyzing 8184 states in spread 22
Analyzing 39982 states in spread 23
Analyzing 40000 states in spread 24
Analyzing 40000 states in spread 25
Analyzing 40000 states in spread 26
Finished step 95, minimal spread 19, max spread 27, got 8 drops
Total number of curves 202524
Starting step 96
Analyzing 1 states in spread 19
Analyzing 12 states in spread 20
Analyzing 251 states in spread 21
Analyzing 2260 states in spread 22
Analyzing 40000 states in spread 23
Analyzing 40000 states in spread 24
Analyzing 40000 states in spread 25
Analyzing 40000 states in spread 26
Finished step 96, minimal spread 19, max spread 27, got 7 drops
Total number of curves 175258
Starting step 97
Analyzing 1 states in spread 19
Analyzing 9 states in spread 20
Analyzing 100 states in spread 21
Analyzing 1628 states in spread 22
Analyzing 13520 states in spread 23
Analyzing 40000 states in spread 24
Analyzing 40000 states in spread 25
Analyzing 40000 states in spread 26
Analyzing 40000 states in spread 27
Finished step 97, minimal spread 20, max spread 28, got 2 drops
Total number of curves 210596
Starting step 98
Analyzing 7 states in spread 20
Analyzing 60 states in spread 21
Analyzing 729 states in spread 22
Analyzing 9800 states in spread 23
Analyzing 40000 states in spread 24
Analyzing 40000 states in spread 25
Analyzing 40000 states in spread 26
Analyzing 40000 states in spread 27
Finished step 98, minimal spread 20, max spread 28, got 4 drops
Total number of curves 205277
Starting step 99
Analyzing 1 states in spread 20
Analyzing 46 states in spread 21
Analyzing 413 states in spread 22
Analyzing 4817 states in spread 23
Analyzing 40000 states in spread 24
Analyzing 40000 states in spread 25
Analyzing 40000 states in spread 26
Analyzing 40000 states in spread 27
Finished step 99, minimal spread 21, max spread 28, got 0 drops
Total number of curves 189332
Starting step 100
Analyzing 18 states in spread 21
Analyzing 299 states in spread 22
Analyzing 2721 states in spread 23
Analyzing 26294 states in spread 24
Analyzing 40000 states in spread 25
Analyzing 40000 states in spread 26
Analyzing 40000 states in spread 27
Analyzing 40000 states in spread 28
Finished step 100, minimal spread 21, max spread 29, got 6 drops
Total number of curves 217775
Starting step 101
Analyzing 6 states in spread 21
Analyzing 172 states in spread 22
Analyzing 1908 states in spread 23
Analyzing 15689 states in spread 24
Analyzing 40000 states in spread 25
Analyzing 40000 states in spread 26
Analyzing 40000 states in spread 27
Analyzing 40000 states in spread 28
Finished step 101, minimal spread 21, max spread 29, got 3 drops
Total number of curves 212489
Starting step 102
Analyzing 5 states in spread 21
Analyzing 84 states in spread 22
Analyzing 1264 states in spread 23
Analyzing 11136 states in spread 24
Analyzing 40000 states in spread 25
Analyzing 40000 states in spread 26
Analyzing 40000 states in spread 27
Analyzing 40000 states in spread 28
Finished step 102, minimal spread 21, max spread 29, got 5 drops
Total number of curves 208679
Starting step 103
Analyzing 4 states in spread 21
Analyzing 61 states in spread 22
Analyzing 713 states in spread 23
Analyzing 7901 states in spread 24
Analyzing 40000 states in spread 25
Analyzing 40000 states in spread 26
Analyzing 40000 states in spread 27
Analyzing 40000 states in spread 28
Finished step 103, minimal spread 21, max spread 29, got 4 drops
Total number of curves 205386
Starting step 104
Analyzing 2 states in spread 21
Analyzing 44 states in spread 22
Analyzing 492 states in spread 23
Analyzing 4848 states in spread 24
Analyzing 40000 states in spread 25
Analyzing 40000 states in spread 26
Analyzing 40000 states in spread 27
Analyzing 40000 states in spread 28
Finished step 104, minimal spread 22, max spread 29, got 6 drops
Total number of curves 190937
Starting step 105
Analyzing 22 states in spread 22
Analyzing 340 states in spread 23
Analyzing 3357 states in spread 24
Analyzing 27218 states in spread 25
Analyzing 40000 states in spread 26
Analyzing 40000 states in spread 27
Analyzing 40000 states in spread 28
Finished step 105, minimal spread 22, max spread 29, got 5 drops
Total number of curves 182089
Starting step 106
Analyzing 9 states in spread 22
Analyzing 190 states in spread 23
Analyzing 2264 states in spread 24
Analyzing 19626 states in spread 25
Analyzing 40000 states in spread 26
Analyzing 40000 states in spread 27
Analyzing 40000 states in spread 28
Analyzing 40000 states in spread 29
Finished step 106, minimal spread 22, max spread 30, got 2 drops
Total number of curves 214898
Starting step 107
Analyzing 7 states in spread 22
Analyzing 102 states in spread 23
Analyzing 1373 states in spread 24
Analyzing 13416 states in spread 25
Analyzing 40000 states in spread 26
Analyzing 40000 states in spread 27
Analyzing 40000 states in spread 28
Analyzing 40000 states in spread 29
Finished step 107, minimal spread 22, max spread 30, got 4 drops
Total number of curves 209556
Starting step 108
Analyzing 2 states in spread 22
Analyzing 81 states in spread 23
Analyzing 823 states in spread 24
Analyzing 8650 states in spread 25
Analyzing 40000 states in spread 26
Analyzing 40000 states in spread 27
Analyzing 40000 states in spread 28
Analyzing 40000 states in spread 29
Finished step 108, minimal spread 22, max spread 30, got 2 drops
Total number of curves 206208
Starting step 109
Analyzing 1 states in spread 22
Analyzing 28 states in spread 23
Analyzing 624 states in spread 24
Analyzing 5555 states in spread 25
Analyzing 40000 states in spread 26
Analyzing 40000 states in spread 27
Analyzing 40000 states in spread 28
Analyzing 40000 states in spread 29
Finished step 109, minimal spread 23, max spread 30, got 2 drops
Total number of curves 194688
Starting step 110
Analyzing 17 states in spread 23
Analyzing 255 states in spread 24
Analyzing 4078 states in spread 25
Analyzing 30338 states in spread 26
Analyzing 40000 states in spread 27
Analyzing 40000 states in spread 28
Analyzing 40000 states in spread 29
Finished step 110, minimal spread 24, max spread 30, got 1 drops
Total number of curves 185099
Starting step 111
Analyzing 168 states in spread 24
Analyzing 1904 states in spread 25
Analyzing 23027 states in spread 26
Analyzing 40000 states in spread 27
Analyzing 40000 states in spread 28
Analyzing 40000 states in spread 29
Analyzing 40000 states in spread 30
Finished step 111, minimal spread 24, max spread 31, got 4 drops
Total number of curves 213297
Starting step 112
Analyzing 24 states in spread 24
Analyzing 1282 states in spread 25
Analyzing 11991 states in spread 26
Analyzing 40000 states in spread 27
Analyzing 40000 states in spread 28
Analyzing 40000 states in spread 29
Analyzing 40000 states in spread 30
Finished step 112, minimal spread 24, max spread 31, got 4 drops
Total number of curves 208673
Starting step 113
Analyzing 13 states in spread 24
Analyzing 358 states in spread 25
Analyzing 8302 states in spread 26
Analyzing 40000 states in spread 27
Analyzing 40000 states in spread 28
Analyzing 40000 states in spread 29
Analyzing 40000 states in spread 30
Finished step 113, minimal spread 24, max spread 31, got 1 drops
Total number of curves 203283
Starting step 114
Analyzing 7 states in spread 24
Analyzing 203 states in spread 25
Analyzing 3073 states in spread 26
Analyzing 40000 states in spread 27
Analyzing 40000 states in spread 28
Analyzing 40000 states in spread 29
Analyzing 40000 states in spread 30
Finished step 114, minimal spread 24, max spread 31, got 1 drops
Total number of curves 179911
Starting step 115
Analyzing 4 states in spread 24
Analyzing 122 states in spread 25
Analyzing 1773 states in spread 26
Analyzing 18012 states in spread 27
Analyzing 40000 states in spread 28
Analyzing 40000 states in spread 29
Analyzing 40000 states in spread 30
Analyzing 40000 states in spread 31
Finished step 115, minimal spread 24, max spread 32, got 2 drops
Total number of curves 212267
Starting step 116
Analyzing 3 states in spread 24
Analyzing 64 states in spread 25
Analyzing 1139 states in spread 26
Analyzing 11061 states in spread 27
Analyzing 40000 states in spread 28
Analyzing 40000 states in spread 29
Analyzing 40000 states in spread 30
Analyzing 40000 states in spread 31
Finished step 116, minimal spread 23, max spread 32, got 10 drops
Total number of curves 208278
Starting step 117
Analyzing 1 states in spread 23
Analyzing 5 states in spread 24
Analyzing 51 states in spread 25
Analyzing 620 states in spread 26
Analyzing 7601 states in spread 27
Analyzing 40000 states in spread 28
Analyzing 40000 states in spread 29
Analyzing 40000 states in spread 30
Analyzing 40000 states in spread 31
Finished step 117, minimal spread 24, max spread 32, got 4 drops
Total number of curves 204780
Starting step 118
Analyzing 12 states in spread 24
Analyzing 53 states in spread 25
Analyzing 469 states in spread 26
Analyzing 4374 states in spread 27
Analyzing 39872 states in spread 28
Analyzing 40000 states in spread 29
Analyzing 40000 states in spread 30
Analyzing 40000 states in spread 31
Finished step 118, minimal spread 24, max spread 32, got 4 drops
Total number of curves 188631
Starting step 119
Analyzing 2 states in spread 24
Analyzing 86 states in spread 25
Analyzing 404 states in spread 26
Analyzing 3226 states in spread 27
Analyzing 24913 states in spread 28
Analyzing 40000 states in spread 29
Analyzing 40000 states in spread 30
Analyzing 40000 states in spread 31
Analyzing 40000 states in spread 32
Finished step 119, minimal spread 25, max spread 33, got 5 drops
Total number of curves 222048
Starting step 120
Analyzing 27 states in spread 25
Analyzing 535 states in spread 26
Analyzing 2611 states in spread 27
Analyzing 18875 states in spread 28
Analyzing 40000 states in spread 29
Analyzing 40000 states in spread 30
Analyzing 40000 states in spread 31
Analyzing 40000 states in spread 32
Finished step 120, minimal spread 25, max spread 33, got 1 drops
Total number of curves 218686
Starting step 121
Analyzing 8 states in spread 25
Analyzing 223 states in spread 26
Analyzing 3079 states in spread 27
Analyzing 15376 states in spread 28
Analyzing 40000 states in spread 29
Analyzing 40000 states in spread 30
Analyzing 40000 states in spread 31
Analyzing 40000 states in spread 32
Finished step 121, minimal spread 25, max spread 33, got 1 drops
Total number of curves 218584
Starting step 122
Analyzing 5 states in spread 25
Analyzing 97 states in spread 26
Analyzing 1482 states in spread 27
Analyzing 17000 states in spread 28
Analyzing 40000 states in spread 29
Analyzing 40000 states in spread 30
Analyzing 40000 states in spread 31
Analyzing 40000 states in spread 32
Finished step 122, minimal spread 25, max spread 33, got 1 drops
Total number of curves 209796
Starting step 123
Analyzing 3 states in spread 25
Analyzing 60 states in spread 26
Analyzing 738 states in spread 27
Analyzing 8995 states in spread 28
Analyzing 40000 states in spread 29
Analyzing 40000 states in spread 30
Analyzing 40000 states in spread 31
Analyzing 40000 states in spread 32
Finished step 123, minimal spread 25, max spread 33, got 1 drops
Total number of curves 205414
Starting step 124
Analyzing 2 states in spread 25
Analyzing 34 states in spread 26
Analyzing 475 states in spread 27
Analyzing 4903 states in spread 28
Analyzing 40000 states in spread 29
Analyzing 40000 states in spread 30
Analyzing 40000 states in spread 31
Analyzing 40000 states in spread 32
Finished step 124, minimal spread 25, max spread 33, got 1 drops
Total number of curves 190280
Starting step 125
Analyzing 1 states in spread 25
Analyzing 24 states in spread 26
Analyzing 262 states in spread 27
Analyzing 3265 states in spread 28
Analyzing 26728 states in spread 29
Analyzing 40000 states in spread 30
Analyzing 40000 states in spread 31
Analyzing 40000 states in spread 32
Finished step 125, minimal spread 25, max spread 33, got 2 drops
Total number of curves 180994
Starting step 126
Analyzing 2 states in spread 25
Analyzing 10 states in spread 26
Analyzing 177 states in spread 27
Analyzing 1844 states in spread 28
Analyzing 18961 states in spread 29
Analyzing 40000 states in spread 30
Analyzing 40000 states in spread 31
Analyzing 40000 states in spread 32
Analyzing 40000 states in spread 33
Finished step 126, minimal spread 25, max spread 34, got 4 drops
Total number of curves 212665
Starting step 127
Analyzing 1 states in spread 25
Analyzing 15 states in spread 26
Analyzing 82 states in spread 27
Analyzing 1224 states in spread 28
Analyzing 11343 states in spread 29
Analyzing 40000 states in spread 30
Analyzing 40000 states in spread 31
Analyzing 40000 states in spread 32
Analyzing 40000 states in spread 33
Finished step 127, minimal spread 26, max spread 34, got 4 drops
Total number of curves 208395
Starting step 128
Analyzing 7 states in spread 26
Analyzing 96 states in spread 27
Analyzing 652 states in spread 28
Analyzing 7640 states in spread 29
Analyzing 40000 states in spread 30
Analyzing 40000 states in spread 31
Analyzing 40000 states in spread 32
Analyzing 40000 states in spread 33
Finished step 128, minimal spread 27, max spread 34, got 3 drops
Total number of curves 204660
Starting step 129
Analyzing 54 states in spread 27
Analyzing 607 states in spread 28
Analyzing 4440 states in spread 29
Analyzing 39559 states in spread 30
Analyzing 40000 states in spread 31
Analyzing 40000 states in spread 32
Analyzing 40000 states in spread 33
Finished step 129, minimal spread 27, max spread 34, got 3 drops
Total number of curves 189193
Starting step 130
Analyzing 7 states in spread 27
Analyzing 393 states in spread 28
Analyzing 3643 states in spread 29
Analyzing 25150 states in spread 30
Analyzing 40000 states in spread 31
Analyzing 40000 states in spread 32
Analyzing 40000 states in spread 33
Analyzing 40000 states in spread 34
Finished step 130, minimal spread 27, max spread 35, got 3 drops
Total number of curves 222900
Starting step 131
Analyzing 2 states in spread 27
Analyzing 103 states in spread 28
Analyzing 2534 states in spread 29
Analyzing 20261 states in spread 30
Analyzing 40000 states in spread 31
Analyzing 40000 states in spread 32
Analyzing 40000 states in spread 33
Analyzing 40000 states in spread 34
Finished step 131, minimal spread 27, max spread 35, got 3 drops
Total number of curves 215683
Starting step 132
Analyzing 1 states in spread 27
Analyzing 50 states in spread 28
Analyzing 893 states in spread 29
Analyzing 14739 states in spread 30
Analyzing 40000 states in spread 31
Analyzing 40000 states in spread 32
Analyzing 40000 states in spread 33
Analyzing 40000 states in spread 34
Finished step 132, minimal spread 27, max spread 35, got 2 drops
Total number of curves 206639
Starting step 133
Analyzing 1 states in spread 27
Analyzing 24 states in spread 28
Analyzing 513 states in spread 29
Analyzing 6101 states in spread 30
Analyzing 40000 states in spread 31
Analyzing 40000 states in spread 32
Analyzing 40000 states in spread 33
Analyzing 40000 states in spread 34
Finished step 133, minimal spread 27, max spread 35, got 4 drops
Total number of curves 195310
Starting step 134
Analyzing 1 states in spread 27
Analyzing 17 states in spread 28
Analyzing 255 states in spread 29
Analyzing 3819 states in spread 30
Analyzing 31218 states in spread 31
Analyzing 40000 states in spread 32
Analyzing 40000 states in spread 33
Analyzing 40000 states in spread 34
Finished step 134, minimal spread 28, max spread 35, got 4 drops
Total number of curves 183869
Starting step 135
Analyzing 10 states in spread 28
Analyzing 177 states in spread 29
Analyzing 2037 states in spread 30
Analyzing 21645 states in spread 31
Analyzing 40000 states in spread 32
Analyzing 40000 states in spread 33
Analyzing 40000 states in spread 34
Analyzing 40000 states in spread 35
Finished step 135, minimal spread 28, max spread 36, got 3 drops
Total number of curves 214183
Starting step 136
Analyzing 2 states in spread 28
Analyzing 97 states in spread 29
Analyzing 1388 states in spread 30
Analyzing 12696 states in spread 31
Analyzing 40000 states in spread 32
Analyzing 40000 states in spread 33
Analyzing 40000 states in spread 34
Analyzing 40000 states in spread 35
Finished step 136, minimal spread 28, max spread 36, got 3 drops
Total number of curves 209648
Starting step 137
Analyzing 3 states in spread 28
Analyzing 35 states in spread 29
Analyzing 800 states in spread 30
Analyzing 8810 states in spread 31
Analyzing 40000 states in spread 32
Analyzing 40000 states in spread 33
Analyzing 40000 states in spread 34
Analyzing 40000 states in spread 35
Finished step 137, minimal spread 28, max spread 36, got 4 drops
Total number of curves 205739
Starting step 138
Analyzing 3 states in spread 28
Analyzing 36 states in spread 29
Analyzing 346 states in spread 30
Analyzing 5354 states in spread 31
Analyzing 40000 states in spread 32
Analyzing 40000 states in spread 33
Analyzing 40000 states in spread 34
Analyzing 40000 states in spread 35
Finished step 138, minimal spread 28, max spread 36, got 4 drops
Total number of curves 192165
Starting step 139
Analyzing 2 states in spread 28
Analyzing 34 states in spread 29
Analyzing 289 states in spread 30
Analyzing 2608 states in spread 31
Analyzing 29232 states in spread 32
Analyzing 40000 states in spread 33
Analyzing 40000 states in spread 34
Analyzing 40000 states in spread 35
Finished step 139, minimal spread 28, max spread 36, got 3 drops
Total number of curves 178127
Starting step 140
Analyzing 2 states in spread 28
Analyzing 24 states in spread 29
Analyzing 263 states in spread 30
Analyzing 1995 states in spread 31
Analyzing 15843 states in spread 32
Analyzing 40000 states in spread 33
Analyzing 40000 states in spread 34
Analyzing 40000 states in spread 35
Analyzing 40000 states in spread 36
Finished step 140, minimal spread 28, max spread 37, got 4 drops
Total number of curves 213937
Starting step 141
Analyzing 1 states in spread 28
Analyzing 23 states in spread 29
Analyzing 194 states in spread 30
Analyzing 1717 states in spread 31
Analyzing 12002 states in spread 32
Analyzing 40000 states in spread 33
Analyzing 40000 states in spread 34
Analyzing 40000 states in spread 35
Analyzing 40000 states in spread 36
Finished step 141, minimal spread 28, max spread 37, got 2 drops
Total number of curves 211573
Starting step 142
Analyzing 1 states in spread 28
Analyzing 13 states in spread 29
Analyzing 178 states in spread 30
Analyzing 1298 states in spread 31
Analyzing 10083 states in spread 32
Analyzing 40000 states in spread 33
Analyzing 40000 states in spread 34
Analyzing 40000 states in spread 35
Analyzing 40000 states in spread 36
Finished step 142, minimal spread 29, max spread 37, got 2 drops
Total number of curves 208990
Starting step 143
Analyzing 9 states in spread 29
Analyzing 101 states in spread 30
Analyzing 1152 states in spread 31
Analyzing 7728 states in spread 32
Analyzing 40000 states in spread 33
Analyzing 40000 states in spread 34
Analyzing 40000 states in spread 35
Analyzing 40000 states in spread 36
Finished step 143, minimal spread 29, max spread 37, got 1 drops
Total number of curves 207221
Starting step 144
Analyzing 2 states in spread 29
Analyzing 64 states in spread 30
Analyzing 643 states in spread 31
Analyzing 6822 states in spread 32
Analyzing 39690 states in spread 33
Analyzing 40000 states in spread 34
Analyzing 40000 states in spread 35
Analyzing 40000 states in spread 36
Finished step 144, minimal spread 29, max spread 37, got 0 drops
Total number of curves 200743
Starting step 145
Analyzing 2 states in spread 29
Analyzing 20 states in spread 30
Analyzing 411 states in spread 31
Analyzing 3901 states in spread 32
Analyzing 36409 states in spread 33
Analyzing 40000 states in spread 34
Analyzing 40000 states in spread 35
Analyzing 40000 states in spread 36
Finished step 145, minimal spread 29, max spread 37, got 2 drops
Total number of curves 184758
Starting step 146
Analyzing 2 states in spread 29
Analyzing 22 states in spread 30
Analyzing 153 states in spread 31
Analyzing 2552 states in spread 32
Analyzing 22029 states in spread 33
Analyzing 40000 states in spread 34
Analyzing 40000 states in spread 35
Analyzing 40000 states in spread 36
Analyzing 40000 states in spread 37
Finished step 146, minimal spread 29, max spread 38, got 2 drops
Total number of curves 216156
Starting step 147
Analyzing 1 states in spread 29
Analyzing 22 states in spread 30
Analyzing 165 states in spread 31
Analyzing 1114 states in spread 32
Analyzing 14854 states in spread 33
Analyzing 40000 states in spread 34
Analyzing 40000 states in spread 35
Analyzing 40000 states in spread 36
Analyzing 40000 states in spread 37
Finished step 147, minimal spread 30, max spread 38, got 1 drops
Total number of curves 208560
Starting step 148
Analyzing 10 states in spread 30
Analyzing 161 states in spread 31
Analyzing 1084 states in spread 32
Analyzing 7305 states in spread 33
Analyzing 40000 states in spread 34
Analyzing 40000 states in spread 35
Analyzing 40000 states in spread 36
Analyzing 40000 states in spread 37
Finished step 148, minimal spread 30, max spread 38, got 4 drops
Total number of curves 204585
Starting step 149
Analyzing 1 states in spread 30
Analyzing 82 states in spread 31
Analyzing 993 states in spread 32
Analyzing 6674 states in spread 33
Analyzing 36835 states in spread 34
Analyzing 40000 states in spread 35
Analyzing 40000 states in spread 36
Analyzing 40000 states in spread 37
Finished step 149, minimal spread 31, max spread 38, got 2 drops
Total number of curves 201572
Starting step 150
Analyzing 28 states in spread 31
Analyzing 566 states in spread 32
Analyzing 5713 states in spread 33
Analyzing 35265 states in spread 34
Analyzing 40000 states in spread 35
Analyzing 40000 states in spread 36
Analyzing 40000 states in spread 37
Finished step 150, minimal spread 31, max spread 38, got 4 drops
Total number of curves 194140
Starting step 151
Analyzing 8 states in spread 31
Analyzing 263 states in spread 32
Analyzing 3535 states in spread 33
Analyzing 30334 states in spread 34
Analyzing 40000 states in spread 35
Analyzing 40000 states in spread 36
Analyzing 40000 states in spread 37
Finished step 151, minimal spread 31, max spread 38, got 1 drops
Total number of curves 182117
Starting step 152
Analyzing 6 states in spread 31
Analyzing 100 states in spread 32
Analyzing 1857 states in spread 33
Analyzing 20154 states in spread 34
Analyzing 40000 states in spread 35
Analyzing 40000 states in spread 36
Analyzing 40000 states in spread 37
Analyzing 40000 states in spread 38
Finished step 152, minimal spread 31, max spread 39, got 6 drops
Total number of curves 212314
Starting step 153
Analyzing 5 states in spread 31
Analyzing 79 states in spread 32
Analyzing 845 states in spread 33
Analyzing 11385 states in spread 34
Analyzing 40000 states in spread 35
Analyzing 40000 states in spread 36
Analyzing 40000 states in spread 37
Analyzing 40000 states in spread 38
Finished step 153, minimal spread 31, max spread 39, got 3 drops
Total number of curves 206523
Starting step 154
Analyzing 3 states in spread 31
Analyzing 53 states in spread 32
Analyzing 644 states in spread 33
Analyzing 5823 states in spread 34
Analyzing 40000 states in spread 35
Analyzing 40000 states in spread 36
Analyzing 40000 states in spread 37
Analyzing 40000 states in spread 38
Finished step 154, minimal spread 31, max spread 39, got 5 drops
Total number of curves 194939
Starting step 155
Analyzing 1 states in spread 31
Analyzing 37 states in spread 32
Analyzing 425 states in spread 33
Analyzing 4332 states in spread 34
Analyzing 30144 states in spread 35
Analyzing 40000 states in spread 36
Analyzing 40000 states in spread 37
Analyzing 40000 states in spread 38
Finished step 155, minimal spread 31, max spread 39, got 6 drops
Total number of curves 186854
Starting step 156
Analyzing 2 states in spread 31
Analyzing 16 states in spread 32
Analyzing 306 states in spread 33
Analyzing 2928 states in spread 34
Analyzing 23602 states in spread 35
Analyzing 40000 states in spread 36
Analyzing 40000 states in spread 37
Analyzing 40000 states in spread 38
Analyzing 40000 states in spread 39
Finished step 156, minimal spread 31, max spread 40, got 3 drops
Total number of curves 218992
Starting step 157
Analyzing 1 states in spread 31
Analyzing 24 states in spread 32
Analyzing 152 states in spread 33
Analyzing 2086 states in spread 34
Analyzing 16729 states in spread 35
Analyzing 40000 states in spread 36
Analyzing 40000 states in spread 37
Analyzing 40000 states in spread 38
Analyzing 40000 states in spread 39
Finished step 157, minimal spread 32, max spread 40, got 4 drops
Total number of curves 213631
Starting step 158
Analyzing 12 states in spread 32
Analyzing 177 states in spread 33
Analyzing 1133 states in spread 34
Analyzing 12309 states in spread 35
Analyzing 40000 states in spread 36
Analyzing 40000 states in spread 37
Analyzing 40000 states in spread 38
Analyzing 40000 states in spread 39
Finished step 158, minimal spread 32, max spread 40, got 8 drops
Total number of curves 208390
Starting step 159
Analyzing 3 states in spread 32
Analyzing 107 states in spread 33
Analyzing 1097 states in spread 34
Analyzing 7183 states in spread 35
Analyzing 40000 states in spread 36
Analyzing 40000 states in spread 37
Analyzing 40000 states in spread 38
Analyzing 40000 states in spread 39
Finished step 159, minimal spread 31, max spread 40, got 8 drops
Total number of curves 204106
Starting step 160
Analyzing 1 states in spread 31
Analyzing 2 states in spread 32
Analyzing 39 states in spread 33
Analyzing 762 states in spread 34
Analyzing 6284 states in spread 35
Analyzing 37018 states in spread 36
Analyzing 40000 states in spread 37
Analyzing 40000 states in spread 38
Analyzing 40000 states in spread 39
Finished step 160, minimal spread 31, max spread 40, got 1 drops
Total number of curves 197838
Starting step 161
Analyzing 2 states in spread 31
Analyzing 7 states in spread 32
Analyzing 23 states in spread 33
Analyzing 320 states in spread 34
Analyzing 4693 states in spread 35
Analyzing 32793 states in spread 36
Analyzing 40000 states in spread 37
Analyzing 40000 states in spread 38
Analyzing 40000 states in spread 39
Finished step 161, minimal spread 31, max spread 40, got 0 drops
Total number of curves 188371
Starting step 162
Analyzing 3 states in spread 31
Analyzing 16 states in spread 32
Analyzing 40 states in spread 33
Analyzing 193 states in spread 34
Analyzing 2189 states in spread 35
Analyzing 25930 states in spread 36
Analyzing 40000 states in spread 37
Analyzing 40000 states in spread 38
Analyzing 40000 states in spread 39
Analyzing 40000 states in spread 40
Finished step 162, minimal spread 32, max spread 41, got 3 drops
Total number of curves 214953
Starting step 163
Analyzing 28 states in spread 32
Analyzing 89 states in spread 33
Analyzing 246 states in spread 34
Analyzing 1382 states in spread 35
Analyzing 13208 states in spread 36
Analyzing 40000 states in spread 37
Analyzing 40000 states in spread 38
Analyzing 40000 states in spread 39
Analyzing 40000 states in spread 40
Finished step 163, minimal spread 32, max spread 41, got 3 drops
Total number of curves 210874
Starting step 164
Analyzing 3 states in spread 32
Analyzing 166 states in spread 33
Analyzing 493 states in spread 34
Analyzing 1495 states in spread 35
Analyzing 8717 states in spread 36
Analyzing 40000 states in spread 37
Analyzing 40000 states in spread 38
Analyzing 40000 states in spread 39
Analyzing 40000 states in spread 40
Finished step 164, minimal spread 32, max spread 41, got 2 drops
Total number of curves 212294
Starting step 165
Analyzing 5 states in spread 32
Analyzing 34 states in spread 33
Analyzing 886 states in spread 34
Analyzing 2671 states in spread 35
Analyzing 8698 states in spread 36
Analyzing 40000 states in spread 37
Analyzing 40000 states in spread 38
Analyzing 40000 states in spread 39
Analyzing 40000 states in spread 40
Finished step 165, minimal spread 32, max spread 41, got 2 drops
Total number of curves 219005
Starting step 166
Analyzing 2 states in spread 32
Analyzing 49 states in spread 33
Analyzing 261 states in spread 34
Analyzing 4572 states in spread 35
Analyzing 14121 states in spread 36
Analyzing 40000 states in spread 37
Analyzing 40000 states in spread 38
Analyzing 40000 states in spread 39
Analyzing 40000 states in spread 40
Finished step 166, minimal spread 32, max spread 41, got 2 drops
Total number of curves 225252
Starting step 167
Analyzing 1 states in spread 32
Analyzing 19 states in spread 33
Analyzing 324 states in spread 34
Analyzing 1685 states in spread 35
Analyzing 23223 states in spread 36
Analyzing 40000 states in spread 37
Analyzing 40000 states in spread 38
Analyzing 40000 states in spread 39
Analyzing 40000 states in spread 40
Finished step 167, minimal spread 33, max spread 41, got 3 drops
Total number of curves 211940
Starting step 168
Analyzing 12 states in spread 33
Analyzing 133 states in spread 34
Analyzing 1893 states in spread 35
Analyzing 9902 states in spread 36
Analyzing 40000 states in spread 37
Analyzing 40000 states in spread 38
Analyzing 40000 states in spread 39
Analyzing 40000 states in spread 40
Finished step 168, minimal spread 33, max spread 41, got 1 drops
Total number of curves 211444
Starting step 169
Analyzing 5 states in spread 33
Analyzing 86 states in spread 34
Analyzing 837 states in spread 35
Analyzing 10516 states in spread 36
Analyzing 40000 states in spread 37
Analyzing 40000 states in spread 38
Analyzing 40000 states in spread 39
Analyzing 40000 states in spread 40
Finished step 169, minimal spread 34, max spread 41, got 1 drops
Total number of curves 205646
Starting step 170
Analyzing 54 states in spread 34
Analyzing 542 states in spread 35
Analyzing 5050 states in spread 36
Analyzing 40000 states in spread 37
Analyzing 40000 states in spread 38
Analyzing 40000 states in spread 39
Analyzing 40000 states in spread 40
Finished step 170, minimal spread 34, max spread 41, got 1 drops
Total number of curves 190774
Starting step 171
Analyzing 12 states in spread 34
Analyzing 393 states in spread 35
Analyzing 3306 states in spread 36
Analyzing 27063 states in spread 37
Analyzing 40000 states in spread 38
Analyzing 40000 states in spread 39
Analyzing 40000 states in spread 40
Finished step 171, minimal spread 34, max spread 41, got 2 drops
Total number of curves 181154
Starting step 172
Analyzing 8 states in spread 34
Analyzing 141 states in spread 35
Analyzing 2490 states in spread 36
Analyzing 18515 states in spread 37
Analyzing 40000 states in spread 38
Analyzing 40000 states in spread 39
Analyzing 40000 states in spread 40
Analyzing 40000 states in spread 41
Finished step 172, minimal spread 34, max spread 42, got 3 drops
Total number of curves 215511
Starting step 173
Analyzing 4 states in spread 34
Analyzing 88 states in spread 35
Analyzing 1133 states in spread 36
Analyzing 14286 states in spread 37
Analyzing 40000 states in spread 38
Analyzing 40000 states in spread 39
Analyzing 40000 states in spread 40
Analyzing 40000 states in spread 41
Finished step 173, minimal spread 34, max spread 42, got 3 drops
Total number of curves 208220
Starting step 174
Analyzing 3 states in spread 34
Analyzing 51 states in spread 35
Analyzing 695 states in spread 36
Analyzing 7471 states in spread 37
Analyzing 40000 states in spread 38
Analyzing 40000 states in spread 39
Analyzing 40000 states in spread 40
Analyzing 40000 states in spread 41
Finished step 174, minimal spread 34, max spread 42, got 2 drops
Total number of curves 203984
Starting step 175
Analyzing 4 states in spread 34
Analyzing 34 states in spread 35
Analyzing 419 states in spread 36
Analyzing 4675 states in spread 37
Analyzing 38852 states in spread 38
Analyzing 40000 states in spread 39
Analyzing 40000 states in spread 40
Analyzing 40000 states in spread 41
Finished step 175, minimal spread 34, max spread 42, got 3 drops
Total number of curves 189092
Starting step 176
Analyzing 4 states in spread 34
Analyzing 41 states in spread 35
Analyzing 267 states in spread 36
Analyzing 2925 states in spread 37
Analyzing 25855 states in spread 38
Analyzing 40000 states in spread 39
Analyzing 40000 states in spread 40
Analyzing 40000 states in spread 41
Analyzing 40000 states in spread 42
Finished step 176, minimal spread 34, max spread 43, got 4 drops
Total number of curves 219394
Starting step 177
Analyzing 2 states in spread 34
Analyzing 46 states in spread 35
Analyzing 282 states in spread 36
Analyzing 1863 states in spread 37
Analyzing 17201 states in spread 38
Analyzing 40000 states in spread 39
Analyzing 40000 states in spread 40
Analyzing 40000 states in spread 41
Analyzing 40000 states in spread 42
Finished step 177, minimal spread 34, max spread 43, got 3 drops
Total number of curves 213353
Starting step 178
Analyzing 1 states in spread 34
Analyzing 26 states in spread 35
Analyzing 318 states in spread 36
Analyzing 1771 states in spread 37
Analyzing 11237 states in spread 38
Analyzing 40000 states in spread 39
Analyzing 40000 states in spread 40
Analyzing 40000 states in spread 41
Analyzing 40000 states in spread 42
Finished step 178, minimal spread 34, max spread 43, got 1 drops
Total number of curves 212371
Starting step 179
Analyzing 1 states in spread 34
Analyzing 10 states in spread 35
Analyzing 209 states in spread 36
Analyzing 1903 states in spread 37
Analyzing 10248 states in spread 38
Analyzing 40000 states in spread 39
Analyzing 40000 states in spread 40
Analyzing 40000 states in spread 41
Analyzing 40000 states in spread 42
Finished step 179, minimal spread 34, max spread 43, got 2 drops
Total number of curves 212025
Starting step 180
Analyzing 1 states in spread 34
Analyzing 10 states in spread 35
Analyzing 96 states in spread 36
Analyzing 1351 states in spread 37
Analyzing 10567 states in spread 38
Analyzing 40000 states in spread 39
Analyzing 40000 states in spread 40
Analyzing 40000 states in spread 41
Analyzing 40000 states in spread 42
Finished step 180, minimal spread 35, max spread 43, got 1 drops
Total number of curves 208668
Starting step 181
Analyzing 10 states in spread 35
Analyzing 79 states in spread 36
Analyzing 742 states in spread 37
Analyzing 7837 states in spread 38
Analyzing 40000 states in spread 39
Analyzing 40000 states in spread 40
Analyzing 40000 states in spread 41
Analyzing 40000 states in spread 42
Finished step 181, minimal spread 35, max spread 43, got 0 drops
Total number of curves 205473
Starting step 182
Analyzing 2 states in spread 35
Analyzing 70 states in spread 36
Analyzing 556 states in spread 37
Analyzing 4845 states in spread 38
Analyzing 40000 states in spread 39
Analyzing 40000 states in spread 40
Analyzing 40000 states in spread 41
Analyzing 40000 states in spread 42
Finished step 182, minimal spread 35, max spread 43, got 1 drops
Total number of curves 191256
Starting step 183
Analyzing 2 states in spread 35
Analyzing 25 states in spread 36
Analyzing 438 states in spread 37
Analyzing 3555 states in spread 38
Analyzing 27236 states in spread 39
Analyzing 40000 states in spread 40
Analyzing 40000 states in spread 41
Analyzing 40000 states in spread 42
Finished step 183, minimal spread 35, max spread 43, got 5 drops
Total number of curves 183258
Starting step 184
Analyzing 2 states in spread 35
Analyzing 21 states in spread 36
Analyzing 203 states in spread 37
Analyzing 2640 states in spread 38
Analyzing 20392 states in spread 39
Analyzing 40000 states in spread 40
Analyzing 40000 states in spread 41
Analyzing 40000 states in spread 42
Analyzing 40000 states in spread 43
Finished step 184, minimal spread 35, max spread 44, got 4 drops
Total number of curves 216619
Starting step 185
Analyzing 1 states in spread 35
Analyzing 22 states in spread 36
Analyzing 165 states in spread 37
Analyzing 1391 states in spread 38
Analyzing 15040 states in spread 39
Analyzing 40000 states in spread 40
Analyzing 40000 states in spread 41
Analyzing 40000 states in spread 42
Analyzing 40000 states in spread 43
Finished step 185, minimal spread 36, max spread 44, got 5 drops
Total number of curves 209809
Starting step 186
Analyzing 11 states in spread 36
Analyzing 161 states in spread 37
Analyzing 1092 states in spread 38
Analyzing 8545 states in spread 39
Analyzing 40000 states in spread 40
Analyzing 40000 states in spread 41
Analyzing 40000 states in spread 42
Analyzing 40000 states in spread 43
Finished step 186, minimal spread 36, max spread 44, got 7 drops
Total number of curves 207694
Starting step 187
Analyzing 2 states in spread 36
Analyzing 79 states in spread 37
Analyzing 1003 states in spread 38
Analyzing 6610 states in spread 39
Analyzing 40000 states in spread 40
Analyzing 40000 states in spread 41
Analyzing 40000 states in spread 42
Analyzing 40000 states in spread 43
Finished step 187, minimal spread 36, max spread 44, got 5 drops
Total number of curves 201122
Starting step 188
Analyzing 2 states in spread 36
Analyzing 22 states in spread 37
Analyzing 522 states in spread 38
Analyzing 5879 states in spread 39
Analyzing 34697 states in spread 40
Analyzing 40000 states in spread 41
Analyzing 40000 states in spread 42
Analyzing 40000 states in spread 43
Finished step 188, minimal spread 36, max spread 44, got 2 drops
Total number of curves 195065
Starting step 189
Analyzing 2 states in spread 36
Analyzing 17 states in spread 37
Analyzing 185 states in spread 38
Analyzing 3294 states in spread 39
Analyzing 31567 states in spread 40
Analyzing 40000 states in spread 41
Analyzing 40000 states in spread 42
Analyzing 40000 states in spread 43
Finished step 189, minimal spread 36, max spread 44, got 2 drops
Total number of curves 180386
Starting step 190
Analyzing 2 states in spread 36
Analyzing 19 states in spread 37
Analyzing 123 states in spread 38
Analyzing 1418 states in spread 39
Analyzing 18824 states in spread 40
Analyzing 40000 states in spread 41
Analyzing 40000 states in spread 42
Analyzing 40000 states in spread 43
Analyzing 40000 states in spread 44
Finished step 190, minimal spread 35, max spread 45, got 5 drops
Total number of curves 210217
Starting step 191
Analyzing 1 states in spread 35
Analyzing 2 states in spread 36
Analyzing 19 states in spread 37
Analyzing 123 states in spread 38
Analyzing 884 states in spread 39
Analyzing 9188 states in spread 40
Analyzing 40000 states in spread 41
Analyzing 40000 states in spread 42
Analyzing 40000 states in spread 43
Analyzing 40000 states in spread 44
Finished step 191, minimal spread 35, max spread 45, got 1 drops
Total number of curves 206716
Starting step 192
Analyzing 2 states in spread 35
Analyzing 9 states in spread 36
Analyzing 12 states in spread 37
Analyzing 124 states in spread 38
Analyzing 769 states in spread 39
Analyzing 5800 states in spread 40
Analyzing 40000 states in spread 41
Analyzing 40000 states in spread 42
Analyzing 40000 states in spread 43
Analyzing 40000 states in spread 44
Finished step 192, minimal spread 35, max spread 45, got 2 drops
Total number of curves 196526
Starting step 193
Analyzing 1 states in spread 35
Analyzing 15 states in spread 36
Analyzing 52 states in spread 37
Analyzing 73 states in spread 38
Analyzing 748 states in spread 39
Analyzing 4675 states in spread 40
Analyzing 30962 states in spread 41
Analyzing 40000 states in spread 42
Analyzing 40000 states in spread 43
Analyzing 40000 states in spread 44
Finished step 193, minimal spread 35, max spread 45, got 2 drops
Total number of curves 190776
Starting step 194
Analyzing 1 states in spread 35
Analyzing 9 states in spread 36
Analyzing 79 states in spread 37
Analyzing 281 states in spread 38
Analyzing 448 states in spread 39
Analyzing 4421 states in spread 40
Analyzing 25537 states in spread 41
Analyzing 40000 states in spread 42
Analyzing 40000 states in spread 43
Analyzing 40000 states in spread 44
Finished step 194, minimal spread 36, max spread 45, got 4 drops
Total number of curves 188902
Starting step 195
Analyzing 7 states in spread 36
Analyzing 61 states in spread 37
Analyzing 389 states in spread 38
Analyzing 1489 states in spread 39
Analyzing 2687 states in spread 40
Analyzing 24269 states in spread 41
Analyzing 40000 states in spread 42
Analyzing 40000 states in spread 43
Analyzing 40000 states in spread 44
Analyzing 40000 states in spread 45
Finished step 195, minimal spread 36, max spread 46, got 2 drops
Total number of curves 225233
Starting step 196
Analyzing 1 states in spread 36
Analyzing 44 states in spread 37
Analyzing 351 states in spread 38
Analyzing 1917 states in spread 39
Analyzing 7755 states in spread 40
Analyzing 15165 states in spread 41
Analyzing 40000 states in spread 42
Analyzing 40000 states in spread 43
Analyzing 40000 states in spread 44
Analyzing 40000 states in spread 45
Finished step 196, minimal spread 37, max spread 46, got 2 drops
Total number of curves 251207
Starting step 197
Analyzing 18 states in spread 37
Analyzing 248 states in spread 38
Analyzing 1878 states in spread 39
Analyzing 9503 states in spread 40
Analyzing 39560 states in spread 41
Analyzing 40000 states in spread 42
Analyzing 40000 states in spread 43
Analyzing 40000 states in spread 44
Finished step 197, minimal spread 37, max spread 45, got 1 drops
Total number of curves 211154
Starting step 198
Analyzing 3 states in spread 37
Analyzing 149 states in spread 38
Analyzing 1325 states in spread 39
Analyzing 9677 states in spread 40
Analyzing 40000 states in spread 41
Analyzing 40000 states in spread 42
Analyzing 40000 states in spread 43
Analyzing 40000 states in spread 44
Finished step 198, minimal spread 37, max spread 45, got 2 drops
Total number of curves 207915
Starting step 199
Analyzing 2 states in spread 37
Analyzing 33 states in spread 38
Analyzing 951 states in spread 39
Analyzing 6929 states in spread 40
Analyzing 40000 states in spread 41
Analyzing 40000 states in spread 42
Analyzing 40000 states in spread 43
Analyzing 40000 states in spread 44
Finished step 199, minimal spread 37, max spread 45, got 0 drops
Total number of curves 200765
Starting step 200
Analyzing 1 states in spread 37
Analyzing 21 states in spread 38
Analyzing 258 states in spread 39
Analyzing 5443 states in spread 40
Analyzing 35042 states in spread 41
Analyzing 40000 states in spread 42
Analyzing 40000 states in spread 43
Analyzing 40000 states in spread 44
Finished step 200, minimal spread 37, max spread 45, got 1 drops
Total number of curves 191042
Starting step 201
Analyzing 1 states in spread 37
Analyzing 13 states in spread 38
Analyzing 168 states in spread 39
Analyzing 1754 states in spread 40
Analyzing 29106 states in spread 41
Analyzing 40000 states in spread 42
Analyzing 40000 states in spread 43
Analyzing 40000 states in spread 44
Finished step 201, minimal spread 38, max spread 45, got 2 drops
Total number of curves 172177
Starting step 202
Analyzing 12 states in spread 38
Analyzing 118 states in spread 39
Analyzing 1165 states in spread 40
Analyzing 10882 states in spread 41
Analyzing 40000 states in spread 42
Analyzing 40000 states in spread 43
Analyzing 40000 states in spread 44
Analyzing 40000 states in spread 45
Finished step 202, minimal spread 38, max spread 46, got 2 drops
Total number of curves 208348
Starting step 203
Analyzing 2 states in spread 38
Analyzing 96 states in spread 39
Analyzing 850 states in spread 40
Analyzing 7400 states in spread 41
Analyzing 40000 states in spread 42
Analyzing 40000 states in spread 43
Analyzing 40000 states in spread 44
Analyzing 40000 states in spread 45
Finished step 203, minimal spread 38, max spread 46, got 3 drops
Total number of curves 204654
Starting step 204
Analyzing 1 states in spread 38
Analyzing 33 states in spread 39
Analyzing 667 states in spread 40
Analyzing 5430 states in spread 41
Analyzing 38523 states in spread 42
Analyzing 40000 states in spread 43
Analyzing 40000 states in spread 44
Analyzing 40000 states in spread 45
Finished step 204, minimal spread 39, max spread 46, got 2 drops
Total number of curves 194217
Starting step 205
Analyzing 17 states in spread 39
Analyzing 311 states in spread 40
Analyzing 4191 states in spread 41
Analyzing 29698 states in spread 42
Analyzing 40000 states in spread 43
Analyzing 40000 states in spread 44
Analyzing 40000 states in spread 45
Finished step 205, minimal spread 39, max spread 46, got 5 drops
Total number of curves 185929
Starting step 206
Analyzing 4 states in spread 39
Analyzing 157 states in spread 40
Analyzing 2238 states in spread 41
Analyzing 23530 states in spread 42
Analyzing 40000 states in spread 43
Analyzing 40000 states in spread 44
Analyzing 40000 states in spread 45
Analyzing 40000 states in spread 46
Finished step 206, minimal spread 39, max spread 47, got 4 drops
Total number of curves 214916
Starting step 207
Analyzing 2 states in spread 39
Analyzing 61 states in spread 40
Analyzing 1185 states in spread 41
Analyzing 13668 states in spread 42
Analyzing 40000 states in spread 43
Analyzing 40000 states in spread 44
Analyzing 40000 states in spread 45
Analyzing 40000 states in spread 46
Finished step 207, minimal spread 39, max spread 47, got 3 drops
Total number of curves 208323
Starting step 208
Analyzing 1 states in spread 39
Analyzing 31 states in spread 40
Analyzing 553 states in spread 41
Analyzing 7738 states in spread 42
Analyzing 40000 states in spread 43
Analyzing 40000 states in spread 44
Analyzing 40000 states in spread 45
Analyzing 40000 states in spread 46
Finished step 208, minimal spread 39, max spread 47, got 5 drops
Total number of curves 204347
Starting step 209
Analyzing 1 states in spread 39
Analyzing 15 states in spread 40
Analyzing 311 states in spread 41
Analyzing 4020 states in spread 42
Analyzing 40000 states in spread 43
Analyzing 40000 states in spread 44
Analyzing 40000 states in spread 45
Analyzing 40000 states in spread 46
Finished step 209, minimal spread 39, max spread 47, got 4 drops
Total number of curves 185999
Starting step 210
Analyzing 1 states in spread 39
Analyzing 16 states in spread 40
Analyzing 165 states in spread 41
Analyzing 2362 states in spread 42
Analyzing 23455 states in spread 43
Analyzing 40000 states in spread 44
Analyzing 40000 states in spread 45
Analyzing 40000 states in spread 46
Analyzing 40000 states in spread 47
Finished step 210, minimal spread 39, max spread 48, got 5 drops
Total number of curves 216078
Starting step 211
Analyzing 2 states in spread 39
Analyzing 14 states in spread 40
Analyzing 149 states in spread 41
Analyzing 1324 states in spread 42
Analyzing 14589 states in spread 43
Analyzing 40000 states in spread 44
Analyzing 40000 states in spread 45
Analyzing 40000 states in spread 46
Analyzing 40000 states in spread 47
Finished step 211, minimal spread 39, max spread 48, got 4 drops
Total number of curves 209992
Starting step 212
Analyzing 1 states in spread 39
Analyzing 17 states in spread 40
Analyzing 120 states in spread 41
Analyzing 1098 states in spread 42
Analyzing 8756 states in spread 43
Analyzing 40000 states in spread 44
Analyzing 40000 states in spread 45
Analyzing 40000 states in spread 46
Analyzing 40000 states in spread 47
Finished step 212, minimal spread 39, max spread 48, got 6 drops
Total number of curves 207986
Starting step 213
Analyzing 1 states in spread 39
Analyzing 8 states in spread 40
Analyzing 111 states in spread 41
Analyzing 868 states in spread 42
Analyzing 6998 states in spread 43
Analyzing 40000 states in spread 44
Analyzing 40000 states in spread 45
Analyzing 40000 states in spread 46
Analyzing 40000 states in spread 47
Finished step 213, minimal spread 40, max spread 48, got 7 drops
Total number of curves 204079
Starting step 214
Analyzing 7 states in spread 40
Analyzing 56 states in spread 41
Analyzing 713 states in spread 42
Analyzing 5532 states in spread 43
Analyzing 37771 states in spread 44
Analyzing 40000 states in spread 45
Analyzing 40000 states in spread 46
Analyzing 40000 states in spread 47
Finished step 214, minimal spread 41, max spread 48, got 1 drops
Total number of curves 195886
Starting step 215
Analyzing 41 states in spread 41
Analyzing 392 states in spread 42
Analyzing 4337 states in spread 43
Analyzing 31116 states in spread 44
Analyzing 40000 states in spread 45
Analyzing 40000 states in spread 46
Analyzing 40000 states in spread 47
Finished step 215, minimal spread 41, max spread 48, got 4 drops
Total number of curves 187267
Starting step 216
Analyzing 4 states in spread 41
Analyzing 255 states in spread 42
Analyzing 2577 states in spread 43
Analyzing 24431 states in spread 44
Analyzing 40000 states in spread 45
Analyzing 40000 states in spread 46
Analyzing 40000 states in spread 47
Analyzing 40000 states in spread 48
Finished step 216, minimal spread 41, max spread 49, got 1 drops
Total number of curves 217100
Starting step 217
Analyzing 2 states in spread 41
Analyzing 65 states in spread 42
Analyzing 1592 states in spread 43
Analyzing 15441 states in spread 44
Analyzing 40000 states in spread 45
Analyzing 40000 states in spread 46
Analyzing 40000 states in spread 47
Analyzing 40000 states in spread 48
Finished step 217, minimal spread 41, max spread 49, got 5 drops
Total number of curves 210201
Starting step 218
Analyzing 2 states in spread 41
Analyzing 33 states in spread 42
Analyzing 617 states in spread 43
Analyzing 9549 states in spread 44
Analyzing 40000 states in spread 45
Analyzing 40000 states in spread 46
Analyzing 40000 states in spread 47
Analyzing 40000 states in spread 48
Finished step 218, minimal spread 41, max spread 49, got 3 drops
Total number of curves 204904
Starting step 219
Analyzing 2 states in spread 41
Analyzing 28 states in spread 42
Analyzing 328 states in spread 43
Analyzing 4546 states in spread 44
Analyzing 40000 states in spread 45
Analyzing 40000 states in spread 46
Analyzing 40000 states in spread 47
Analyzing 40000 states in spread 48
Finished step 219, minimal spread 41, max spread 49, got 2 drops
Total number of curves 188399
Starting step 220
Analyzing 1 states in spread 41
Analyzing 25 states in spread 42
Analyzing 238 states in spread 43
Analyzing 2564 states in spread 44
Analyzing 25571 states in spread 45
Analyzing 40000 states in spread 46
Analyzing 40000 states in spread 47
Analyzing 40000 states in spread 48
Analyzing 40000 states in spread 49
Finished step 220, minimal spread 41, max spread 50, got 0 drops
Total number of curves 217418
Starting step 221
Analyzing 1 states in spread 41
Analyzing 12 states in spread 42
Analyzing 199 states in spread 43
Analyzing 1778 states in spread 44
Analyzing 15428 states in spread 45
Analyzing 40000 states in spread 46
Analyzing 40000 states in spread 47
Analyzing 40000 states in spread 48
Analyzing 40000 states in spread 49
Finished step 221, minimal spread 41, max spread 50, got 3 drops
Total number of curves 212543
Starting step 222
Analyzing 1 states in spread 41
Analyzing 8 states in spread 42
Analyzing 97 states in spread 43
Analyzing 1426 states in spread 44
Analyzing 11011 states in spread 45
Analyzing 40000 states in spread 46
Analyzing 40000 states in spread 47
Analyzing 40000 states in spread 48
Analyzing 40000 states in spread 49
Finished step 222, minimal spread 41, max spread 50, got 3 drops
Total number of curves 209555
Starting step 223
Analyzing 1 states in spread 41
Analyzing 8 states in spread 42
Analyzing 56 states in spread 43
Analyzing 760 states in spread 44
Analyzing 8730 states in spread 45
Analyzing 40000 states in spread 46
Analyzing 40000 states in spread 47
Analyzing 40000 states in spread 48
Analyzing 40000 states in spread 49
Finished step 223, minimal spread 42, max spread 50, got 1 drops
Total number of curves 205506
Starting step 224
Analyzing 10 states in spread 42
Analyzing 52 states in spread 43
Analyzing 411 states in spread 44
Analyzing 5033 states in spread 45
Analyzing 40000 states in spread 46
Analyzing 40000 states in spread 47
Analyzing 40000 states in spread 48
Analyzing 40000 states in spread 49
Finished step 224, minimal spread 42, max spread 50, got 1 drops
Total number of curves 190952
Starting step 225
Analyzing 2 states in spread 42
Analyzing 59 states in spread 43
Analyzing 331 states in spread 44
Analyzing 2758 states in spread 45
Analyzing 27802 states in spread 46
Analyzing 40000 states in spread 47
Analyzing 40000 states in spread 48
Analyzing 40000 states in spread 49
Finished step 225, minimal spread 42, max spread 50, got 0 drops
Total number of curves 178676
Starting step 226
Analyzing 1 states in spread 42
Analyzing 20 states in spread 43
Analyzing 320 states in spread 44
Analyzing 2102 states in spread 45
Analyzing 16233 states in spread 46
Analyzing 40000 states in spread 47
Analyzing 40000 states in spread 48
Analyzing 40000 states in spread 49
Analyzing 40000 states in spread 50
Finished step 226, minimal spread 43, max spread 51, got 4 drops
Total number of curves 214301
Starting step 227
Analyzing 12 states in spread 43
Analyzing 143 states in spread 44
Analyzing 1822 states in spread 45
Analyzing 12324 states in spread 46
Analyzing 40000 states in spread 47
Analyzing 40000 states in spread 48
Analyzing 40000 states in spread 49
Analyzing 40000 states in spread 50
Finished step 227, minimal spread 43, max spread 51, got 4 drops
Total number of curves 211296
Starting step 228
Analyzing 5 states in spread 43
Analyzing 91 states in spread 44
Analyzing 980 states in spread 45
Analyzing 10220 states in spread 46
Analyzing 40000 states in spread 47
Analyzing 40000 states in spread 48
Analyzing 40000 states in spread 49
Analyzing 40000 states in spread 50
Finished step 228, minimal spread 43, max spread 51, got 5 drops
Total number of curves 206788
Starting step 229
Analyzing 2 states in spread 43
Analyzing 56 states in spread 44
Analyzing 615 states in spread 45
Analyzing 6115 states in spread 46
Analyzing 40000 states in spread 47
Analyzing 40000 states in spread 48
Analyzing 40000 states in spread 49
Analyzing 40000 states in spread 50
Finished step 229, minimal spread 43, max spread 51, got 5 drops
Total number of curves 196881
Starting step 230
Analyzing 1 states in spread 43
Analyzing 29 states in spread 44
Analyzing 421 states in spread 45
Analyzing 3837 states in spread 46
Analyzing 32593 states in spread 47
Analyzing 40000 states in spread 48
Analyzing 40000 states in spread 49
Analyzing 40000 states in spread 50
Finished step 230, minimal spread 43, max spread 51, got 3 drops
Total number of curves 184383
Starting step 231
Analyzing 1 states in spread 43
Analyzing 11 states in spread 44
Analyzing 243 states in spread 45
Analyzing 2720 states in spread 46
Analyzing 21408 states in spread 47
Analyzing 40000 states in spread 48
Analyzing 40000 states in spread 49
Analyzing 40000 states in spread 50
Analyzing 40000 states in spread 51
Finished step 231, minimal spread 44, max spread 52, got 5 drops
Total number of curves 217545
Starting step 232
Analyzing 13 states in spread 44
Analyzing 97 states in spread 45
Analyzing 1657 states in spread 46
Analyzing 15778 states in spread 47
Analyzing 40000 states in spread 48
Analyzing 40000 states in spread 49
Analyzing 40000 states in spread 50
Analyzing 40000 states in spread 51
Finished step 232, minimal spread 43, max spread 52, got 6 drops
Total number of curves 210874
Starting step 233
Analyzing 1 states in spread 43
Analyzing 6 states in spread 44
Analyzing 98 states in spread 45
Analyzing 733 states in spread 46
Analyzing 10036 states in spread 47
Analyzing 40000 states in spread 48
Analyzing 40000 states in spread 49
Analyzing 40000 states in spread 50
Analyzing 40000 states in spread 51
Finished step 233, minimal spread 44, max spread 52, got 1 drops
Total number of curves 205578
Starting step 234
Analyzing 11 states in spread 44
Analyzing 54 states in spread 45
Analyzing 652 states in spread 46
Analyzing 4861 states in spread 47
Analyzing 40000 states in spread 48
Analyzing 40000 states in spread 49
Analyzing 40000 states in spread 50
Analyzing 40000 states in spread 51
Finished step 234, minimal spread 44, max spread 52, got 0 drops
Total number of curves 190811
Starting step 235
Analyzing 1 states in spread 44
Analyzing 79 states in spread 45
Analyzing 413 states in spread 46
Analyzing 4007 states in spread 47
Analyzing 26311 states in spread 48
Analyzing 40000 states in spread 49
Analyzing 40000 states in spread 50
Analyzing 40000 states in spread 51
Finished step 235, minimal spread 45, max spread 52, got 2 drops
Total number of curves 185094
Starting step 236
Analyzing 14 states in spread 45
Analyzing 493 states in spread 46
Analyzing 2772 states in spread 47
Analyzing 21815 states in spread 48
Analyzing 40000 states in spread 49
Analyzing 40000 states in spread 50
Analyzing 40000 states in spread 51
Analyzing 40000 states in spread 52
Finished step 236, minimal spread 45, max spread 53, got 1 drops
Total number of curves 219142
Starting step 237
Analyzing 4 states in spread 45
Analyzing 137 states in spread 46
Analyzing 2921 states in spread 47
Analyzing 16080 states in spread 48
Analyzing 40000 states in spread 49
Analyzing 40000 states in spread 50
Analyzing 40000 states in spread 51
Analyzing 40000 states in spread 52
Finished step 237, minimal spread 45, max spread 53, got 4 drops
Total number of curves 217376
Starting step 238
Analyzing 3 states in spread 45
Analyzing 64 states in spread 46
Analyzing 1068 states in spread 47
Analyzing 16241 states in spread 48
Analyzing 40000 states in spread 49
Analyzing 40000 states in spread 50
Analyzing 40000 states in spread 51
Analyzing 40000 states in spread 52
Finished step 238, minimal spread 45, max spread 53, got 8 drops
Total number of curves 207615
Starting step 239
Analyzing 2 states in spread 45
Analyzing 43 states in spread 46
Analyzing 596 states in spread 47
Analyzing 6974 states in spread 48
Analyzing 40000 states in spread 49
Analyzing 40000 states in spread 50
Analyzing 40000 states in spread 51
Analyzing 40000 states in spread 52
Finished step 239, minimal spread 45, max spread 53, got 2 drops
Total number of curves 200145
Starting step 240
Analyzing 1 states in spread 45
Analyzing 25 states in spread 46
Analyzing 376 states in spread 47
Analyzing 4240 states in spread 48
Analyzing 35503 states in spread 49
Analyzing 40000 states in spread 50
Analyzing 40000 states in spread 51
Analyzing 40000 states in spread 52
Finished step 240, minimal spread 46, max spread 53, got 4 drops
Total number of curves 186651
Starting step 241
Analyzing 15 states in spread 46
Analyzing 218 states in spread 47
Analyzing 2682 states in spread 48
Analyzing 23736 states in spread 49
Analyzing 40000 states in spread 50
Analyzing 40000 states in spread 51
Analyzing 40000 states in spread 52
Analyzing 40000 states in spread 53
Finished step 241, minimal spread 45, max spread 54, got 11 drops
Total number of curves 217567
Starting step 242
Analyzing 1 states in spread 45
Analyzing 6 states in spread 46
Analyzing 129 states in spread 47
Analyzing 1652 states in spread 48
Analyzing 15779 states in spread 49
Analyzing 40000 states in spread 50
Analyzing 40000 states in spread 51
Analyzing 40000 states in spread 52
Analyzing 40000 states in spread 53
Finished step 242, minimal spread 45, max spread 54, got 10 drops
Total number of curves 211446
Starting step 243
Analyzing 2 states in spread 45
Analyzing 10 states in spread 46
Analyzing 59 states in spread 47
Analyzing 974 states in spread 48
Analyzing 10401 states in spread 49
Analyzing 40000 states in spread 50
Analyzing 40000 states in spread 51
Analyzing 40000 states in spread 52
Analyzing 40000 states in spread 53
Finished step 243, minimal spread 45, max spread 54, got 6 drops
Total number of curves 206913
Starting step 244
Analyzing 2 states in spread 45
Analyzing 18 states in spread 46
Analyzing 69 states in spread 47
Analyzing 485 states in spread 48
Analyzing 6339 states in spread 49
Analyzing 40000 states in spread 50
Analyzing 40000 states in spread 51
Analyzing 40000 states in spread 52
Analyzing 40000 states in spread 53
Finished step 244, minimal spread 45, max spread 54, got 5 drops
Total number of curves 197743
Starting step 245
Analyzing 2 states in spread 45
Analyzing 19 states in spread 46
Analyzing 107 states in spread 47
Analyzing 463 states in spread 48
Analyzing 3433 states in spread 49
Analyzing 33719 states in spread 50
Analyzing 40000 states in spread 51
Analyzing 40000 states in spread 52
Analyzing 40000 states in spread 53
Finished step 245, minimal spread 45, max spread 54, got 4 drops
Total number of curves 183818
Starting step 246
Analyzing 1 states in spread 45
Analyzing 20 states in spread 46
Analyzing 117 states in spread 47
Analyzing 618 states in spread 48
Analyzing 2923 states in spread 49
Analyzing 20139 states in spread 50
Analyzing 40000 states in spread 51
Analyzing 40000 states in spread 52
Analyzing 40000 states in spread 53
Analyzing 40000 states in spread 54
Finished step 246, minimal spread 45, max spread 55, got 6 drops
Total number of curves 221115
Starting step 247
Analyzing 2 states in spread 45
Analyzing 14 states in spread 46
Analyzing 132 states in spread 47
Analyzing 657 states in spread 48
Analyzing 3501 states in spread 49
Analyzing 16809 states in spread 50
Analyzing 40000 states in spread 51
Analyzing 40000 states in spread 52
Analyzing 40000 states in spread 53
Analyzing 40000 states in spread 54
Finished step 247, minimal spread 45, max spread 54, got 5 drops
Total number of curves 183490
Starting step 248
Analyzing 3 states in spread 45
Analyzing 21 states in spread 46
Analyzing 98 states in spread 47
Analyzing 764 states in spread 48
Analyzing 3578 states in spread 49
Analyzing 19026 states in spread 50
Analyzing 40000 states in spread 51
Analyzing 40000 states in spread 52
Analyzing 40000 states in spread 53
Analyzing 40000 states in spread 54
Finished step 248, minimal spread 45, max spread 53, got 6 drops
Total number of curves 143930
Starting step 249
Analyzing 5 states in spread 45
Analyzing 26 states in spread 46
Analyzing 146 states in spread 47
Analyzing 566 states in spread 48
Analyzing 4148 states in spread 49
Analyzing 19039 states in spread 50
Analyzing 40000 states in spread 51
Analyzing 40000 states in spread 52
Analyzing 40000 states in spread 53
Finished step 249, minimal spread 45, max spread 52, got 4 drops
Total number of curves 105984
Starting step 250
Analyzing 5 states in spread 45
Analyzing 46 states in spread 46
Analyzing 156 states in spread 47
Analyzing 854 states in spread 48
Analyzing 3072 states in spread 49
Analyzing 21851 states in spread 50
Analyzing 40000 states in spread 51
Analyzing 40000 states in spread 52
Finished step 250, minimal spread 45, max spread 51, got 3 drops
Total number of curves 62118
Starting step 251
Analyzing 1 states in spread 45
Analyzing 40 states in spread 46
Analyzing 285 states in spread 47
Analyzing 871 states in spread 48
Analyzing 4658 states in spread 49
Analyzing 16263 states in spread 50
Analyzing 40000 states in spread 51
Finished step 251, minimal spread 45, max spread 50, got 1 drops
Total number of curves 31010
Starting step 252
Analyzing 1 states in spread 45
Analyzing 10 states in spread 46
Analyzing 225 states in spread 47
Analyzing 1578 states in spread 48
Analyzing 4719 states in spread 49
Analyzing 24477 states in spread 50
Finished step 252, minimal spread 45, max spread 49, got 1 drops
Total number of curves 9551
Starting step 253
Analyzing 1 states in spread 45
Analyzing 10 states in spread 46
Analyzing 74 states in spread 47
Analyzing 1186 states in spread 48
Analyzing 8280 states in spread 49
Finished step 253, minimal spread 45, max spread 48, got 1 drops
Total number of curves 565
Starting step 254
Analyzing 1 states in spread 45
Analyzing 9 states in spread 46
Analyzing 72 states in spread 47
Analyzing 483 states in spread 48
Finished step 254, minimal spread 46, max spread 47, got 1 drops
Total number of curves 74
Starting step 255
Analyzing 9 states in spread 46
Analyzing 65 states in spread 47
Finished step 255, minimal spread 46, max spread 46, got 0 drops
Total number of curves 1
Starting step 256
Analyzing 1 states in spread 46
Altogether, runtime= 87.0740234375
SUMMARY witness_output= logs/a3_mod7_exact_b40k_u200k_u150k_fs20_len300_seed0_20260310_witnesses.txt
SUMMARY found= False
SUMMARY first_depth= None
SUMMARY unique_witnesses= 0
SUMMARY total_hits= 0
SUMMARY accepted_hits= 0
SUMMARY rejected_hits= 0
SUMMARY witness_depth_histogram= {}
CUDA max_memory_allocated_bytes: 7160182784
CUDA max_memory_reserved_bytes: 8457814016
