Starting A3 torch search with p= 7 caps 20000 20000 totalcaps 200000 150000 FIRST_STEPS 20 base_point 1 device cuda
We have 6 atoms and 14 dual simples
Initialized step 1 with spreads: {1: 2}
Starting step 2
Analyzing 2 states in spread 1
Finished step 2, minimal spread 2, max spread 2, got 0 drops
Total number of curves 8
Starting step 3
Analyzing 8 states in spread 2
Finished step 3, minimal spread 3, max spread 3, got 0 drops
Total number of curves 36
Starting step 4
Analyzing 36 states in spread 3
Finished step 4, minimal spread 4, max spread 4, got 0 drops
Total number of curves 170
Starting step 5
Analyzing 170 states in spread 4
Finished step 5, minimal spread 5, max spread 5, got 0 drops
Total number of curves 816
Starting step 6
Analyzing 816 states in spread 5
Finished step 6, minimal spread 5, max spread 6, got 0 drops
Total number of curves 3938
Starting step 7
Analyzing 2 states in spread 5
Analyzing 3936 states in spread 6
Finished step 7, minimal spread 5, max spread 7, got 0 drops
Total number of curves 19040
Starting step 8
Analyzing 2 states in spread 5
Analyzing 38 states in spread 6
Analyzing 19000 states in spread 7
Finished step 8, minimal spread 6, max spread 8, got 0 drops
Total number of curves 20452
Starting step 9
Analyzing 37 states in spread 6
Analyzing 415 states in spread 7
Analyzing 20000 states in spread 8
Finished step 9, minimal spread 6, max spread 9, got 0 drops
Total number of curves 22663
Starting step 10
Analyzing 5 states in spread 6
Analyzing 372 states in spread 7
Analyzing 2286 states in spread 8
Analyzing 20000 states in spread 9
Finished step 10, minimal spread 7, max spread 10, got 0 drops
Total number of curves 33758
Starting step 11
Analyzing 84 states in spread 7
Analyzing 2173 states in spread 8
Analyzing 11501 states in spread 9
Analyzing 20000 states in spread 10
Finished step 11, minimal spread 7, max spread 11, got 0 drops
Total number of curves 51984
Starting step 12
Analyzing 11 states in spread 7
Analyzing 612 states in spread 8
Analyzing 11361 states in spread 9
Analyzing 20000 states in spread 10
Analyzing 20000 states in spread 11
Finished step 12, minimal spread 7, max spread 12, got 0 drops
Total number of curves 64056
Starting step 13
Analyzing 6 states in spread 7
Analyzing 169 states in spread 8
Analyzing 3881 states in spread 9
Analyzing 20000 states in spread 10
Analyzing 20000 states in spread 11
Analyzing 20000 states in spread 12
Finished step 13, minimal spread 7, max spread 13, got 0 drops
Total number of curves 81439
Starting step 14
Analyzing 5 states in spread 7
Analyzing 77 states in spread 8
Analyzing 1523 states in spread 9
Analyzing 19834 states in spread 10
Analyzing 20000 states in spread 11
Analyzing 20000 states in spread 12
Analyzing 20000 states in spread 13
Finished step 14, minimal spread 7, max spread 14, got 0 drops
Total number of curves 90023
Starting step 15
Analyzing 1 states in spread 7
Analyzing 53 states in spread 8
Analyzing 667 states in spread 9
Analyzing 9302 states in spread 10
Analyzing 20000 states in spread 11
Analyzing 20000 states in spread 12
Analyzing 20000 states in spread 13
Analyzing 20000 states in spread 14
Finished step 15, minimal spread 7, max spread 15, got 0 drops
Total number of curves 104652
Starting step 16
Analyzing 1 states in spread 7
Analyzing 20 states in spread 8
Analyzing 408 states in spread 9
Analyzing 4223 states in spread 10
Analyzing 20000 states in spread 11
Analyzing 20000 states in spread 12
Analyzing 20000 states in spread 13
Analyzing 20000 states in spread 14
Analyzing 20000 states in spread 15
Finished step 16, minimal spread 7, max spread 16, got 0 drops
Total number of curves 122711
Starting step 17
Analyzing 1 states in spread 7
Analyzing 21 states in spread 8
Analyzing 207 states in spread 9
Analyzing 2482 states in spread 10
Analyzing 20000 states in spread 11
Analyzing 20000 states in spread 12
Analyzing 20000 states in spread 13
Analyzing 20000 states in spread 14
Analyzing 20000 states in spread 15
Analyzing 20000 states in spread 16
Finished step 17, minimal spread 7, max spread 17, got 1 drops
Total number of curves 134913
Starting step 18
Analyzing 1 states in spread 7
Analyzing 17 states in spread 8
Analyzing 194 states in spread 9
Analyzing 1464 states in spread 10
Analyzing 13237 states in spread 11
Analyzing 20000 states in spread 12
Analyzing 20000 states in spread 13
Analyzing 20000 states in spread 14
Analyzing 20000 states in spread 15
Analyzing 20000 states in spread 16
Analyzing 20000 states in spread 17
Finished step 18, minimal spread 7, max spread 18, got 1 drops
Total number of curves 150103
Starting step 19
Analyzing 1 states in spread 7
Analyzing 13 states in spread 8
Analyzing 138 states in spread 9
Analyzing 1297 states in spread 10
Analyzing 8654 states in spread 11
Analyzing 20000 states in spread 12
Analyzing 20000 states in spread 13
Analyzing 20000 states in spread 14
Analyzing 20000 states in spread 15
Analyzing 20000 states in spread 16
Analyzing 20000 states in spread 17
Analyzing 20000 states in spread 18
Finished step 19, minimal spread 7, max spread 19, got 1 drops
Total number of curves 168580
Starting step 20
Analyzing 1 states in spread 7
Analyzing 12 states in spread 8
Analyzing 87 states in spread 9
Analyzing 940 states in spread 10
Analyzing 7540 states in spread 11
Analyzing 20000 states in spread 12
Analyzing 20000 states in spread 13
Analyzing 20000 states in spread 14
Analyzing 20000 states in spread 15
Analyzing 20000 states in spread 16
Analyzing 20000 states in spread 17
Analyzing 20000 states in spread 18
Analyzing 20000 states in spread 19
Finished step 20, minimal spread 6, max spread 20, got 3 drops
Total number of curves 186379
Starting step 21
Analyzing 1 states in spread 6
Analyzing 2 states in spread 7
Analyzing 10 states in spread 8
Analyzing 73 states in spread 9
Analyzing 535 states in spread 10
Analyzing 5758 states in spread 11
Analyzing 20000 states in spread 12
Analyzing 20000 states in spread 13
Analyzing 20000 states in spread 14
Analyzing 20000 states in spread 15
Analyzing 20000 states in spread 16
Analyzing 20000 states in spread 17
Analyzing 20000 states in spread 18
Analyzing 20000 states in spread 19
Finished step 21, minimal spread 6, max spread 20, got 2 drops
Total number of curves 183772
Starting step 22
Analyzing 1 states in spread 6
Analyzing 8 states in spread 7
Analyzing 11 states in spread 8
Analyzing 69 states in spread 9
Analyzing 438 states in spread 10
Analyzing 3245 states in spread 11
Analyzing 20000 states in spread 12
Analyzing 20000 states in spread 13
Analyzing 20000 states in spread 14
Analyzing 20000 states in spread 15
Analyzing 20000 states in spread 16
Analyzing 20000 states in spread 17
Analyzing 20000 states in spread 18
Analyzing 20000 states in spread 19
Finished step 22, minimal spread 6, max spread 20, got 2 drops
Total number of curves 179963
Starting step 23
Analyzing 1 states in spread 6
Analyzing 9 states in spread 7
Analyzing 42 states in spread 8
Analyzing 63 states in spread 9
Analyzing 422 states in spread 10
Analyzing 2607 states in spread 11
Analyzing 16819 states in spread 12
Analyzing 20000 states in spread 13
Analyzing 20000 states in spread 14
Analyzing 20000 states in spread 15
Analyzing 20000 states in spread 16
Analyzing 20000 states in spread 17
Analyzing 20000 states in spread 18
Analyzing 20000 states in spread 19
Finished step 23, minimal spread 6, max spread 20, got 1 drops
Total number of curves 177223
Starting step 24
Analyzing 1 states in spread 6
Analyzing 8 states in spread 7
Analyzing 55 states in spread 8
Analyzing 207 states in spread 9
Analyzing 361 states in spread 10
Analyzing 2439 states in spread 11
Analyzing 14152 states in spread 12
Analyzing 20000 states in spread 13
Analyzing 20000 states in spread 14
Analyzing 20000 states in spread 15
Analyzing 20000 states in spread 16
Analyzing 20000 states in spread 17
Analyzing 20000 states in spread 18
Analyzing 20000 states in spread 19
Finished step 24, minimal spread 7, max spread 20, got 1 drops
Total number of curves 176629
Starting step 25
Analyzing 9 states in spread 7
Analyzing 44 states in spread 8
Analyzing 304 states in spread 9
Analyzing 1023 states in spread 10
Analyzing 2039 states in spread 11
Analyzing 13210 states in spread 12
Analyzing 20000 states in spread 13
Analyzing 20000 states in spread 14
Analyzing 20000 states in spread 15
Analyzing 20000 states in spread 16
Analyzing 20000 states in spread 17
Analyzing 20000 states in spread 18
Analyzing 20000 states in spread 19
Finished step 25, minimal spread 8, max spread 20, got 1 drops
Total number of curves 178014
Starting step 26
Analyzing 52 states in spread 8
Analyzing 237 states in spread 9
Analyzing 1586 states in spread 10
Analyzing 5100 states in spread 11
Analyzing 11039 states in spread 12
Analyzing 20000 states in spread 13
Analyzing 20000 states in spread 14
Analyzing 20000 states in spread 15
Analyzing 20000 states in spread 16
Analyzing 20000 states in spread 17
Analyzing 20000 states in spread 18
Analyzing 20000 states in spread 19
Finished step 26, minimal spread 8, max spread 20, got 0 drops
Total number of curves 189578
Starting step 27
Analyzing 2 states in spread 8
Analyzing 279 states in spread 9
Analyzing 1246 states in spread 10
Analyzing 8051 states in spread 11
Analyzing 20000 states in spread 12
Analyzing 20000 states in spread 13
Analyzing 20000 states in spread 14
Analyzing 20000 states in spread 15
Analyzing 20000 states in spread 16
Analyzing 20000 states in spread 17
Analyzing 20000 states in spread 18
Analyzing 20000 states in spread 19
Finished step 27, minimal spread 8, max spread 20, got 1 drops
Total number of curves 187929
Starting step 28
Analyzing 1 states in spread 8
Analyzing 26 states in spread 9
Analyzing 1453 states in spread 10
Analyzing 6449 states in spread 11
Analyzing 20000 states in spread 12
Analyzing 20000 states in spread 13
Analyzing 20000 states in spread 14
Analyzing 20000 states in spread 15
Analyzing 20000 states in spread 16
Analyzing 20000 states in spread 17
Analyzing 20000 states in spread 18
Analyzing 20000 states in spread 19
Finished step 28, minimal spread 9, max spread 20, got 2 drops
Total number of curves 187671
Starting step 29
Analyzing 13 states in spread 9
Analyzing 205 states in spread 10
Analyzing 7453 states in spread 11
Analyzing 20000 states in spread 12
Analyzing 20000 states in spread 13
Analyzing 20000 states in spread 14
Analyzing 20000 states in spread 15
Analyzing 20000 states in spread 16
Analyzing 20000 states in spread 17
Analyzing 20000 states in spread 18
Analyzing 20000 states in spread 19
Finished step 29, minimal spread 9, max spread 20, got 0 drops
Total number of curves 181497
Starting step 30
Analyzing 3 states in spread 9
Analyzing 103 states in spread 10
Analyzing 1391 states in spread 11
Analyzing 20000 states in spread 12
Analyzing 20000 states in spread 13
Analyzing 20000 states in spread 14
Analyzing 20000 states in spread 15
Analyzing 20000 states in spread 16
Analyzing 20000 states in spread 17
Analyzing 20000 states in spread 18
Analyzing 20000 states in spread 19
Finished step 30, minimal spread 10, max spread 20, got 0 drops
Total number of curves 168548
Starting step 31
Analyzing 38 states in spread 10
Analyzing 728 states in spread 11
Analyzing 7782 states in spread 12
Analyzing 20000 states in spread 13
Analyzing 20000 states in spread 14
Analyzing 20000 states in spread 15
Analyzing 20000 states in spread 16
Analyzing 20000 states in spread 17
Analyzing 20000 states in spread 18
Analyzing 20000 states in spread 19
Analyzing 20000 states in spread 20
Finished step 31, minimal spread 10, max spread 21, got 0 drops
Total number of curves 184654
Starting step 32
Analyzing 11 states in spread 10
Analyzing 337 states in spread 11
Analyzing 4306 states in spread 12
Analyzing 20000 states in spread 13
Analyzing 20000 states in spread 14
Analyzing 20000 states in spread 15
Analyzing 20000 states in spread 16
Analyzing 20000 states in spread 17
Analyzing 20000 states in spread 18
Analyzing 20000 states in spread 19
Analyzing 20000 states in spread 20
Finished step 32, minimal spread 10, max spread 21, got 0 drops
Total number of curves 182403
Starting step 33
Analyzing 5 states in spread 10
Analyzing 162 states in spread 11
Analyzing 2236 states in spread 12
Analyzing 20000 states in spread 13
Analyzing 20000 states in spread 14
Analyzing 20000 states in spread 15
Analyzing 20000 states in spread 16
Analyzing 20000 states in spread 17
Analyzing 20000 states in spread 18
Analyzing 20000 states in spread 19
Analyzing 20000 states in spread 20
Finished step 33, minimal spread 10, max spread 21, got 0 drops
Total number of curves 173799
Starting step 34
Analyzing 2 states in spread 10
Analyzing 77 states in spread 11
Analyzing 1316 states in spread 12
Analyzing 12404 states in spread 13
Analyzing 20000 states in spread 14
Analyzing 20000 states in spread 15
Analyzing 20000 states in spread 16
Analyzing 20000 states in spread 17
Analyzing 20000 states in spread 18
Analyzing 20000 states in spread 19
Analyzing 20000 states in spread 20
Finished step 34, minimal spread 10, max spread 21, got 0 drops
Total number of curves 168903
Starting step 35
Analyzing 2 states in spread 10
Analyzing 34 states in spread 11
Analyzing 659 states in spread 12
Analyzing 8208 states in spread 13
Analyzing 20000 states in spread 14
Analyzing 20000 states in spread 15
Analyzing 20000 states in spread 16
Analyzing 20000 states in spread 17
Analyzing 20000 states in spread 18
Analyzing 20000 states in spread 19
Analyzing 20000 states in spread 20
Analyzing 20000 states in spread 21
Finished step 35, minimal spread 10, max spread 22, got 0 drops
Total number of curves 184801
Starting step 36
Analyzing 1 states in spread 10
Analyzing 27 states in spread 11
Analyzing 329 states in spread 12
Analyzing 4444 states in spread 13
Analyzing 20000 states in spread 14
Analyzing 20000 states in spread 15
Analyzing 20000 states in spread 16
Analyzing 20000 states in spread 17
Analyzing 20000 states in spread 18
Analyzing 20000 states in spread 19
Analyzing 20000 states in spread 20
Analyzing 20000 states in spread 21
Finished step 36, minimal spread 10, max spread 22, got 0 drops
Total number of curves 182681
Starting step 37
Analyzing 1 states in spread 10
Analyzing 10 states in spread 11
Analyzing 251 states in spread 12
Analyzing 2419 states in spread 13
Analyzing 20000 states in spread 14
Analyzing 20000 states in spread 15
Analyzing 20000 states in spread 16
Analyzing 20000 states in spread 17
Analyzing 20000 states in spread 18
Analyzing 20000 states in spread 19
Analyzing 20000 states in spread 20
Analyzing 20000 states in spread 21
Finished step 37, minimal spread 10, max spread 22, got 0 drops
Total number of curves 175446
Starting step 38
Analyzing 1 states in spread 10
Analyzing 10 states in spread 11
Analyzing 87 states in spread 12
Analyzing 1808 states in spread 13
Analyzing 13540 states in spread 14
Analyzing 20000 states in spread 15
Analyzing 20000 states in spread 16
Analyzing 20000 states in spread 17
Analyzing 20000 states in spread 18
Analyzing 20000 states in spread 19
Analyzing 20000 states in spread 20
Analyzing 20000 states in spread 21
Finished step 38, minimal spread 10, max spread 22, got 1 drops
Total number of curves 171195
Starting step 39
Analyzing 1 states in spread 10
Analyzing 10 states in spread 11
Analyzing 71 states in spread 12
Analyzing 684 states in spread 13
Analyzing 10429 states in spread 14
Analyzing 20000 states in spread 15
Analyzing 20000 states in spread 16
Analyzing 20000 states in spread 17
Analyzing 20000 states in spread 18
Analyzing 20000 states in spread 19
Analyzing 20000 states in spread 20
Analyzing 20000 states in spread 21
Finished step 39, minimal spread 10, max spread 22, got 3 drops
Total number of curves 164984
Starting step 40
Analyzing 1 states in spread 10
Analyzing 12 states in spread 11
Analyzing 66 states in spread 12
Analyzing 500 states in spread 13
Analyzing 4405 states in spread 14
Analyzing 20000 states in spread 15
Analyzing 20000 states in spread 16
Analyzing 20000 states in spread 17
Analyzing 20000 states in spread 18
Analyzing 20000 states in spread 19
Analyzing 20000 states in spread 20
Analyzing 20000 states in spread 21
Analyzing 20000 states in spread 22
Finished step 40, minimal spread 10, max spread 23, got 1 drops
Total number of curves 183712
Starting step 41
Analyzing 1 states in spread 10
Analyzing 11 states in spread 11
Analyzing 72 states in spread 12
Analyzing 419 states in spread 13
Analyzing 3209 states in spread 14
Analyzing 20000 states in spread 15
Analyzing 20000 states in spread 16
Analyzing 20000 states in spread 17
Analyzing 20000 states in spread 18
Analyzing 20000 states in spread 19
Analyzing 20000 states in spread 20
Analyzing 20000 states in spread 21
Analyzing 20000 states in spread 22
Finished step 41, minimal spread 10, max spread 23, got 1 drops
Total number of curves 180012
Starting step 42
Analyzing 2 states in spread 10
Analyzing 8 states in spread 11
Analyzing 74 states in spread 12
Analyzing 419 states in spread 13
Analyzing 2524 states in spread 14
Analyzing 16985 states in spread 15
Analyzing 20000 states in spread 16
Analyzing 20000 states in spread 17
Analyzing 20000 states in spread 18
Analyzing 20000 states in spread 19
Analyzing 20000 states in spread 20
Analyzing 20000 states in spread 21
Analyzing 20000 states in spread 22
Finished step 42, minimal spread 10, max spread 23, got 1 drops
Total number of curves 176590
Starting step 43
Analyzing 3 states in spread 10
Analyzing 14 states in spread 11
Analyzing 49 states in spread 12
Analyzing 450 states in spread 13
Analyzing 2347 states in spread 14
Analyzing 13727 states in spread 15
Analyzing 20000 states in spread 16
Analyzing 20000 states in spread 17
Analyzing 20000 states in spread 18
Analyzing 20000 states in spread 19
Analyzing 20000 states in spread 20
Analyzing 20000 states in spread 21
Analyzing 20000 states in spread 22
Finished step 43, minimal spread 10, max spread 23, got 1 drops
Total number of curves 175415
Starting step 44
Analyzing 1 states in spread 10
Analyzing 29 states in spread 11
Analyzing 74 states in spread 12
Analyzing 287 states in spread 13
Analyzing 2556 states in spread 14
Analyzing 12468 states in spread 15
Analyzing 20000 states in spread 16
Analyzing 20000 states in spread 17
Analyzing 20000 states in spread 18
Analyzing 20000 states in spread 19
Analyzing 20000 states in spread 20
Analyzing 20000 states in spread 21
Analyzing 20000 states in spread 22
Finished step 44, minimal spread 10, max spread 23, got 1 drops
Total number of curves 175925
Starting step 45
Analyzing 1 states in spread 10
Analyzing 8 states in spread 11
Analyzing 181 states in spread 12
Analyzing 389 states in spread 13
Analyzing 1630 states in spread 14
Analyzing 13716 states in spread 15
Analyzing 20000 states in spread 16
Analyzing 20000 states in spread 17
Analyzing 20000 states in spread 18
Analyzing 20000 states in spread 19
Analyzing 20000 states in spread 20
Analyzing 20000 states in spread 21
Analyzing 20000 states in spread 22
Finished step 45, minimal spread 11, max spread 23, got 0 drops
Total number of curves 172050
Starting step 46
Analyzing 10 states in spread 11
Analyzing 48 states in spread 12
Analyzing 987 states in spread 13
Analyzing 2044 states in spread 14
Analyzing 8961 states in spread 15
Analyzing 20000 states in spread 16
Analyzing 20000 states in spread 17
Analyzing 20000 states in spread 18
Analyzing 20000 states in spread 19
Analyzing 20000 states in spread 20
Analyzing 20000 states in spread 21
Analyzing 20000 states in spread 22
Finished step 46, minimal spread 11, max spread 23, got 0 drops
Total number of curves 176128
Starting step 47
Analyzing 3 states in spread 11
Analyzing 65 states in spread 12
Analyzing 279 states in spread 13
Analyzing 5098 states in spread 14
Analyzing 10683 states in spread 15
Analyzing 20000 states in spread 16
Analyzing 20000 states in spread 17
Analyzing 20000 states in spread 18
Analyzing 20000 states in spread 19
Analyzing 20000 states in spread 20
Analyzing 20000 states in spread 21
Analyzing 20000 states in spread 22
Finished step 47, minimal spread 11, max spread 23, got 0 drops
Total number of curves 182001
Starting step 48
Analyzing 4 states in spread 11
Analyzing 31 states in spread 12
Analyzing 372 states in spread 13
Analyzing 1594 states in spread 14
Analyzing 20000 states in spread 15
Analyzing 20000 states in spread 16
Analyzing 20000 states in spread 17
Analyzing 20000 states in spread 18
Analyzing 20000 states in spread 19
Analyzing 20000 states in spread 20
Analyzing 20000 states in spread 21
Analyzing 20000 states in spread 22
Finished step 48, minimal spread 11, max spread 23, got 0 drops
Total number of curves 170686
Starting step 49
Analyzing 4 states in spread 11
Analyzing 33 states in spread 12
Analyzing 212 states in spread 13
Analyzing 2031 states in spread 14
Analyzing 8406 states in spread 15
Analyzing 20000 states in spread 16
Analyzing 20000 states in spread 17
Analyzing 20000 states in spread 18
Analyzing 20000 states in spread 19
Analyzing 20000 states in spread 20
Analyzing 20000 states in spread 21
Analyzing 20000 states in spread 22
Finished step 49, minimal spread 11, max spread 23, got 0 drops
Total number of curves 171997
Starting step 50
Analyzing 1 states in spread 11
Analyzing 38 states in spread 12
Analyzing 194 states in spread 13
Analyzing 1264 states in spread 14
Analyzing 10500 states in spread 15
Analyzing 20000 states in spread 16
Analyzing 20000 states in spread 17
Analyzing 20000 states in spread 18
Analyzing 20000 states in spread 19
Analyzing 20000 states in spread 20
Analyzing 20000 states in spread 21
Analyzing 20000 states in spread 22
Finished step 50, minimal spread 11, max spread 23, got 3 drops
Total number of curves 168256
Starting step 51
Analyzing 1 states in spread 11
Analyzing 10 states in spread 12
Analyzing 238 states in spread 13
Analyzing 1086 states in spread 14
Analyzing 6921 states in spread 15
Analyzing 20000 states in spread 16
Analyzing 20000 states in spread 17
Analyzing 20000 states in spread 18
Analyzing 20000 states in spread 19
Analyzing 20000 states in spread 20
Analyzing 20000 states in spread 21
Analyzing 20000 states in spread 22
Analyzing 20000 states in spread 23
Finished step 51, minimal spread 11, max spread 24, got 4 drops
Total number of curves 187253
Starting step 52
Analyzing 1 states in spread 11
Analyzing 11 states in spread 12
Analyzing 75 states in spread 13
Analyzing 1326 states in spread 14
Analyzing 5840 states in spread 15
Analyzing 20000 states in spread 16
Analyzing 20000 states in spread 17
Analyzing 20000 states in spread 18
Analyzing 20000 states in spread 19
Analyzing 20000 states in spread 20
Analyzing 20000 states in spread 21
Analyzing 20000 states in spread 22
Analyzing 20000 states in spread 23
Finished step 52, minimal spread 12, max spread 24, got 3 drops
Total number of curves 187606
Starting step 53
Analyzing 11 states in spread 12
Analyzing 82 states in spread 13
Analyzing 470 states in spread 14
Analyzing 7043 states in spread 15
Analyzing 20000 states in spread 16
Analyzing 20000 states in spread 17
Analyzing 20000 states in spread 18
Analyzing 20000 states in spread 19
Analyzing 20000 states in spread 20
Analyzing 20000 states in spread 21
Analyzing 20000 states in spread 22
Analyzing 20000 states in spread 23
Finished step 53, minimal spread 12, max spread 24, got 2 drops
Total number of curves 183380
Starting step 54
Analyzing 2 states in spread 12
Analyzing 75 states in spread 13
Analyzing 506 states in spread 14
Analyzing 2797 states in spread 15
Analyzing 20000 states in spread 16
Analyzing 20000 states in spread 17
Analyzing 20000 states in spread 18
Analyzing 20000 states in spread 19
Analyzing 20000 states in spread 20
Analyzing 20000 states in spread 21
Analyzing 20000 states in spread 22
Analyzing 20000 states in spread 23
Finished step 54, minimal spread 12, max spread 24, got 2 drops
Total number of curves 177198
Starting step 55
Analyzing 3 states in spread 12
Analyzing 27 states in spread 13
Analyzing 439 states in spread 14
Analyzing 2884 states in spread 15
Analyzing 13845 states in spread 16
Analyzing 20000 states in spread 17
Analyzing 20000 states in spread 18
Analyzing 20000 states in spread 19
Analyzing 20000 states in spread 20
Analyzing 20000 states in spread 21
Analyzing 20000 states in spread 22
Analyzing 20000 states in spread 23
Finished step 55, minimal spread 12, max spread 24, got 0 drops
Total number of curves 177391
Starting step 56
Analyzing 1 states in spread 12
Analyzing 34 states in spread 13
Analyzing 211 states in spread 14
Analyzing 2405 states in spread 15
Analyzing 14740 states in spread 16
Analyzing 20000 states in spread 17
Analyzing 20000 states in spread 18
Analyzing 20000 states in spread 19
Analyzing 20000 states in spread 20
Analyzing 20000 states in spread 21
Analyzing 20000 states in spread 22
Analyzing 20000 states in spread 23
Finished step 56, minimal spread 13, max spread 24, got 0 drops
Total number of curves 173841
Starting step 57
Analyzing 9 states in spread 13
Analyzing 248 states in spread 14
Analyzing 1395 states in spread 15
Analyzing 12189 states in spread 16
Analyzing 20000 states in spread 17
Analyzing 20000 states in spread 18
Analyzing 20000 states in spread 19
Analyzing 20000 states in spread 20
Analyzing 20000 states in spread 21
Analyzing 20000 states in spread 22
Analyzing 20000 states in spread 23
Finished step 57, minimal spread 14, max spread 24, got 1 drops
Total number of curves 169644
Starting step 58
Analyzing 78 states in spread 14
Analyzing 1536 states in spread 15
Analyzing 8030 states in spread 16
Analyzing 20000 states in spread 17
Analyzing 20000 states in spread 18
Analyzing 20000 states in spread 19
Analyzing 20000 states in spread 20
Analyzing 20000 states in spread 21
Analyzing 20000 states in spread 22
Analyzing 20000 states in spread 23
Analyzing 20000 states in spread 24
Finished step 58, minimal spread 14, max spread 25, got 0 drops
Total number of curves 189212
Starting step 59
Analyzing 14 states in spread 14
Analyzing 578 states in spread 15
Analyzing 8620 states in spread 16
Analyzing 20000 states in spread 17
Analyzing 20000 states in spread 18
Analyzing 20000 states in spread 19
Analyzing 20000 states in spread 20
Analyzing 20000 states in spread 21
Analyzing 20000 states in spread 22
Analyzing 20000 states in spread 23
Analyzing 20000 states in spread 24
Finished step 59, minimal spread 14, max spread 25, got 0 drops
Total number of curves 183894
Starting step 60
Analyzing 6 states in spread 14
Analyzing 181 states in spread 15
Analyzing 3707 states in spread 16
Analyzing 20000 states in spread 17
Analyzing 20000 states in spread 18
Analyzing 20000 states in spread 19
Analyzing 20000 states in spread 20
Analyzing 20000 states in spread 21
Analyzing 20000 states in spread 22
Analyzing 20000 states in spread 23
Analyzing 20000 states in spread 24
Finished step 60, minimal spread 14, max spread 25, got 0 drops
Total number of curves 180363
Starting step 61
Analyzing 3 states in spread 14
Analyzing 88 states in spread 15
Analyzing 1476 states in spread 16
Analyzing 18796 states in spread 17
Analyzing 20000 states in spread 18
Analyzing 20000 states in spread 19
Analyzing 20000 states in spread 20
Analyzing 20000 states in spread 21
Analyzing 20000 states in spread 22
Analyzing 20000 states in spread 23
Analyzing 20000 states in spread 24
Finished step 61, minimal spread 14, max spread 25, got 0 drops
Total number of curves 169509
Starting step 62
Analyzing 3 states in spread 14
Analyzing 42 states in spread 15
Analyzing 785 states in spread 16
Analyzing 8679 states in spread 17
Analyzing 20000 states in spread 18
Analyzing 20000 states in spread 19
Analyzing 20000 states in spread 20
Analyzing 20000 states in spread 21
Analyzing 20000 states in spread 22
Analyzing 20000 states in spread 23
Analyzing 20000 states in spread 24
Analyzing 20000 states in spread 25
Finished step 62, minimal spread 14, max spread 26, got 1 drops
Total number of curves 185554
Starting step 63
Analyzing 1 states in spread 14
Analyzing 35 states in spread 15
Analyzing 419 states in spread 16
Analyzing 5099 states in spread 17
Analyzing 20000 states in spread 18
Analyzing 20000 states in spread 19
Analyzing 20000 states in spread 20
Analyzing 20000 states in spread 21
Analyzing 20000 states in spread 22
Analyzing 20000 states in spread 23
Analyzing 20000 states in spread 24
Analyzing 20000 states in spread 25
Finished step 63, minimal spread 14, max spread 26, got 3 drops
Total number of curves 183295
Starting step 64
Analyzing 1 states in spread 14
Analyzing 22 states in spread 15
Analyzing 300 states in spread 16
Analyzing 2972 states in spread 17
Analyzing 20000 states in spread 18
Analyzing 20000 states in spread 19
Analyzing 20000 states in spread 20
Analyzing 20000 states in spread 21
Analyzing 20000 states in spread 22
Analyzing 20000 states in spread 23
Analyzing 20000 states in spread 24
Analyzing 20000 states in spread 25
Finished step 64, minimal spread 13, max spread 26, got 3 drops
Total number of curves 178371
Starting step 65
Analyzing 1 states in spread 13
Analyzing 3 states in spread 14
Analyzing 15 states in spread 15
Analyzing 206 states in spread 16
Analyzing 1988 states in spread 17
Analyzing 16158 states in spread 18
Analyzing 20000 states in spread 19
Analyzing 20000 states in spread 20
Analyzing 20000 states in spread 21
Analyzing 20000 states in spread 22
Analyzing 20000 states in spread 23
Analyzing 20000 states in spread 24
Analyzing 20000 states in spread 25
Finished step 65, minimal spread 13, max spread 26, got 1 drops
Total number of curves 172685
Starting step 66
Analyzing 1 states in spread 13
Analyzing 8 states in spread 14
Analyzing 21 states in spread 15
Analyzing 131 states in spread 16
Analyzing 1415 states in spread 17
Analyzing 11109 states in spread 18
Analyzing 20000 states in spread 19
Analyzing 20000 states in spread 20
Analyzing 20000 states in spread 21
Analyzing 20000 states in spread 22
Analyzing 20000 states in spread 23
Analyzing 20000 states in spread 24
Analyzing 20000 states in spread 25
Finished step 66, minimal spread 14, max spread 26, got 1 drops
Total number of curves 169398
Starting step 67
Analyzing 8 states in spread 14
Analyzing 42 states in spread 15
Analyzing 137 states in spread 16
Analyzing 890 states in spread 17
Analyzing 8321 states in spread 18
Analyzing 20000 states in spread 19
Analyzing 20000 states in spread 20
Analyzing 20000 states in spread 21
Analyzing 20000 states in spread 22
Analyzing 20000 states in spread 23
Analyzing 20000 states in spread 24
Analyzing 20000 states in spread 25
Analyzing 20000 states in spread 26
Finished step 67, minimal spread 14, max spread 27, got 0 drops
Total number of curves 186436
Starting step 68
Analyzing 1 states in spread 14
Analyzing 49 states in spread 15
Analyzing 220 states in spread 16
Analyzing 834 states in spread 17
Analyzing 5332 states in spread 18
Analyzing 20000 states in spread 19
Analyzing 20000 states in spread 20
Analyzing 20000 states in spread 21
Analyzing 20000 states in spread 22
Analyzing 20000 states in spread 23
Analyzing 20000 states in spread 24
Analyzing 20000 states in spread 25
Analyzing 20000 states in spread 26
Finished step 68, minimal spread 15, max spread 27, got 0 drops
Total number of curves 186217
Starting step 69
Analyzing 16 states in spread 15
Analyzing 265 states in spread 16
Analyzing 1157 states in spread 17
Analyzing 4779 states in spread 18
Analyzing 20000 states in spread 19
Analyzing 20000 states in spread 20
Analyzing 20000 states in spread 21
Analyzing 20000 states in spread 22
Analyzing 20000 states in spread 23
Analyzing 20000 states in spread 24
Analyzing 20000 states in spread 25
Analyzing 20000 states in spread 26
Finished step 69, minimal spread 15, max spread 27, got 0 drops
Total number of curves 187552
Starting step 70
Analyzing 6 states in spread 15
Analyzing 130 states in spread 16
Analyzing 1365 states in spread 17
Analyzing 6051 states in spread 18
Analyzing 20000 states in spread 19
Analyzing 20000 states in spread 20
Analyzing 20000 states in spread 21
Analyzing 20000 states in spread 22
Analyzing 20000 states in spread 23
Analyzing 20000 states in spread 24
Analyzing 20000 states in spread 25
Analyzing 20000 states in spread 26
Finished step 70, minimal spread 15, max spread 27, got 0 drops
Total number of curves 187808
Starting step 71
Analyzing 6 states in spread 15
Analyzing 65 states in spread 16
Analyzing 823 states in spread 17
Analyzing 6914 states in spread 18
Analyzing 20000 states in spread 19
Analyzing 20000 states in spread 20
Analyzing 20000 states in spread 21
Analyzing 20000 states in spread 22
Analyzing 20000 states in spread 23
Analyzing 20000 states in spread 24
Analyzing 20000 states in spread 25
Analyzing 20000 states in spread 26
Finished step 71, minimal spread 15, max spread 27, got 0 drops
Total number of curves 185183
Starting step 72
Analyzing 4 states in spread 15
Analyzing 57 states in spread 16
Analyzing 451 states in spread 17
Analyzing 4671 states in spread 18
Analyzing 20000 states in spread 19
Analyzing 20000 states in spread 20
Analyzing 20000 states in spread 21
Analyzing 20000 states in spread 22
Analyzing 20000 states in spread 23
Analyzing 20000 states in spread 24
Analyzing 20000 states in spread 25
Analyzing 20000 states in spread 26
Finished step 72, minimal spread 15, max spread 27, got 0 drops
Total number of curves 183109
Starting step 73
Analyzing 1 states in spread 15
Analyzing 37 states in spread 16
Analyzing 379 states in spread 17
Analyzing 2692 states in spread 18
Analyzing 20000 states in spread 19
Analyzing 20000 states in spread 20
Analyzing 20000 states in spread 21
Analyzing 20000 states in spread 22
Analyzing 20000 states in spread 23
Analyzing 20000 states in spread 24
Analyzing 20000 states in spread 25
Analyzing 20000 states in spread 26
Finished step 73, minimal spread 16, max spread 27, got 1 drops
Total number of curves 176379
Starting step 74
Analyzing 13 states in spread 16
Analyzing 240 states in spread 17
Analyzing 2277 states in spread 18
Analyzing 13849 states in spread 19
Analyzing 20000 states in spread 20
Analyzing 20000 states in spread 21
Analyzing 20000 states in spread 22
Analyzing 20000 states in spread 23
Analyzing 20000 states in spread 24
Analyzing 20000 states in spread 25
Analyzing 20000 states in spread 26
Finished step 74, minimal spread 16, max spread 27, got 1 drops
Total number of curves 173877
Starting step 75
Analyzing 5 states in spread 16
Analyzing 111 states in spread 17
Analyzing 1449 states in spread 18
Analyzing 12312 states in spread 19
Analyzing 20000 states in spread 20
Analyzing 20000 states in spread 21
Analyzing 20000 states in spread 22
Analyzing 20000 states in spread 23
Analyzing 20000 states in spread 24
Analyzing 20000 states in spread 25
Analyzing 20000 states in spread 26
Finished step 75, minimal spread 16, max spread 27, got 1 drops
Total number of curves 168987
Starting step 76
Analyzing 2 states in spread 16
Analyzing 60 states in spread 17
Analyzing 811 states in spread 18
Analyzing 8114 states in spread 19
Analyzing 20000 states in spread 20
Analyzing 20000 states in spread 21
Analyzing 20000 states in spread 22
Analyzing 20000 states in spread 23
Analyzing 20000 states in spread 24
Analyzing 20000 states in spread 25
Analyzing 20000 states in spread 26
Analyzing 20000 states in spread 27
Finished step 76, minimal spread 16, max spread 28, got 2 drops
Total number of curves 185606
Starting step 77
Analyzing 1 states in spread 16
Analyzing 29 states in spread 17
Analyzing 458 states in spread 18
Analyzing 5118 states in spread 19
Analyzing 20000 states in spread 20
Analyzing 20000 states in spread 21
Analyzing 20000 states in spread 22
Analyzing 20000 states in spread 23
Analyzing 20000 states in spread 24
Analyzing 20000 states in spread 25
Analyzing 20000 states in spread 26
Analyzing 20000 states in spread 27
Finished step 77, minimal spread 16, max spread 28, got 1 drops
Total number of curves 183238
Starting step 78
Analyzing 1 states in spread 16
Analyzing 16 states in spread 17
Analyzing 253 states in spread 18
Analyzing 2968 states in spread 19
Analyzing 20000 states in spread 20
Analyzing 20000 states in spread 21
Analyzing 20000 states in spread 22
Analyzing 20000 states in spread 23
Analyzing 20000 states in spread 24
Analyzing 20000 states in spread 25
Analyzing 20000 states in spread 26
Analyzing 20000 states in spread 27
Finished step 78, minimal spread 16, max spread 28, got 0 drops
Total number of curves 177518
Starting step 79
Analyzing 1 states in spread 16
Analyzing 9 states in spread 17
Analyzing 149 states in spread 18
Analyzing 1792 states in spread 19
Analyzing 15567 states in spread 20
Analyzing 20000 states in spread 21
Analyzing 20000 states in spread 22
Analyzing 20000 states in spread 23
Analyzing 20000 states in spread 24
Analyzing 20000 states in spread 25
Analyzing 20000 states in spread 26
Analyzing 20000 states in spread 27
Finished step 79, minimal spread 17, max spread 28, got 1 drops
Total number of curves 171522
Starting step 80
Analyzing 9 states in spread 17
Analyzing 76 states in spread 18
Analyzing 1140 states in spread 19
Analyzing 10297 states in spread 20
Analyzing 20000 states in spread 21
Analyzing 20000 states in spread 22
Analyzing 20000 states in spread 23
Analyzing 20000 states in spread 24
Analyzing 20000 states in spread 25
Analyzing 20000 states in spread 26
Analyzing 20000 states in spread 27
Finished step 80, minimal spread 17, max spread 28, got 1 drops
Total number of curves 167728
Starting step 81
Analyzing 1 states in spread 17
Analyzing 64 states in spread 18
Analyzing 591 states in spread 19
Analyzing 7072 states in spread 20
Analyzing 20000 states in spread 21
Analyzing 20000 states in spread 22
Analyzing 20000 states in spread 23
Analyzing 20000 states in spread 24
Analyzing 20000 states in spread 25
Analyzing 20000 states in spread 26
Analyzing 20000 states in spread 27
Analyzing 20000 states in spread 28
Finished step 81, minimal spread 17, max spread 29, got 0 drops
Total number of curves 184310
Starting step 82
Analyzing 1 states in spread 17
Analyzing 17 states in spread 18
Analyzing 439 states in spread 19
Analyzing 3853 states in spread 20
Analyzing 20000 states in spread 21
Analyzing 20000 states in spread 22
Analyzing 20000 states in spread 23
Analyzing 20000 states in spread 24
Analyzing 20000 states in spread 25
Analyzing 20000 states in spread 26
Analyzing 20000 states in spread 27
Analyzing 20000 states in spread 28
Finished step 82, minimal spread 17, max spread 29, got 1 drops
Total number of curves 182973
Starting step 83
Analyzing 1 states in spread 17
Analyzing 12 states in spread 18
Analyzing 175 states in spread 19
Analyzing 2785 states in spread 20
Analyzing 20000 states in spread 21
Analyzing 20000 states in spread 22
Analyzing 20000 states in spread 23
Analyzing 20000 states in spread 24
Analyzing 20000 states in spread 25
Analyzing 20000 states in spread 26
Analyzing 20000 states in spread 27
Analyzing 20000 states in spread 28
Finished step 83, minimal spread 18, max spread 29, got 0 drops
Total number of curves 176872
Starting step 84
Analyzing 12 states in spread 18
Analyzing 103 states in spread 19
Analyzing 1352 states in spread 20
Analyzing 15405 states in spread 21
Analyzing 20000 states in spread 22
Analyzing 20000 states in spread 23
Analyzing 20000 states in spread 24
Analyzing 20000 states in spread 25
Analyzing 20000 states in spread 26
Analyzing 20000 states in spread 27
Analyzing 20000 states in spread 28
Finished step 84, minimal spread 19, max spread 29, got 0 drops
Total number of curves 169371
Starting step 85
Analyzing 93 states in spread 19
Analyzing 776 states in spread 20
Analyzing 8502 states in spread 21
Analyzing 20000 states in spread 22
Analyzing 20000 states in spread 23
Analyzing 20000 states in spread 24
Analyzing 20000 states in spread 25
Analyzing 20000 states in spread 26
Analyzing 20000 states in spread 27
Analyzing 20000 states in spread 28
Analyzing 20000 states in spread 29
Finished step 85, minimal spread 19, max spread 30, got 0 drops
Total number of curves 185714
Starting step 86
Analyzing 13 states in spread 19
Analyzing 625 states in spread 20
Analyzing 5076 states in spread 21
Analyzing 20000 states in spread 22
Analyzing 20000 states in spread 23
Analyzing 20000 states in spread 24
Analyzing 20000 states in spread 25
Analyzing 20000 states in spread 26
Analyzing 20000 states in spread 27
Analyzing 20000 states in spread 28
Analyzing 20000 states in spread 29
Finished step 86, minimal spread 19, max spread 30, got 1 drops
Total number of curves 184069
Starting step 87
Analyzing 5 states in spread 19
Analyzing 182 states in spread 20
Analyzing 3882 states in spread 21
Analyzing 20000 states in spread 22
Analyzing 20000 states in spread 23
Analyzing 20000 states in spread 24
Analyzing 20000 states in spread 25
Analyzing 20000 states in spread 26
Analyzing 20000 states in spread 27
Analyzing 20000 states in spread 28
Analyzing 20000 states in spread 29
Finished step 87, minimal spread 18, max spread 30, got 1 drops
Total number of curves 181636
Starting step 88
Analyzing 1 states in spread 18
Analyzing 6 states in spread 19
Analyzing 78 states in spread 20
Analyzing 1551 states in spread 21
Analyzing 20000 states in spread 22
Analyzing 20000 states in spread 23
Analyzing 20000 states in spread 24
Analyzing 20000 states in spread 25
Analyzing 20000 states in spread 26
Analyzing 20000 states in spread 27
Analyzing 20000 states in spread 28
Analyzing 20000 states in spread 29
Finished step 88, minimal spread 17, max spread 30, got 5 drops
Total number of curves 170450
Starting step 89
Analyzing 1 states in spread 17
Analyzing 3 states in spread 18
Analyzing 8 states in spread 19
Analyzing 75 states in spread 20
Analyzing 755 states in spread 21
Analyzing 9608 states in spread 22
Analyzing 20000 states in spread 23
Analyzing 20000 states in spread 24
Analyzing 20000 states in spread 25
Analyzing 20000 states in spread 26
Analyzing 20000 states in spread 27
Analyzing 20000 states in spread 28
Analyzing 20000 states in spread 29
Finished step 89, minimal spread 17, max spread 30, got 0 drops
Total number of curves 165877
Starting step 90
Analyzing 1 states in spread 17
Analyzing 8 states in spread 18
Analyzing 20 states in spread 19
Analyzing 61 states in spread 20
Analyzing 640 states in spread 21
Analyzing 5147 states in spread 22
Analyzing 20000 states in spread 23
Analyzing 20000 states in spread 24
Analyzing 20000 states in spread 25
Analyzing 20000 states in spread 26
Analyzing 20000 states in spread 27
Analyzing 20000 states in spread 28
Analyzing 20000 states in spread 29
Analyzing 20000 states in spread 30
Finished step 90, minimal spread 18, max spread 31, got 2 drops
Total number of curves 184814
Starting step 91
Analyzing 9 states in spread 18
Analyzing 44 states in spread 19
Analyzing 123 states in spread 20
Analyzing 453 states in spread 21
Analyzing 4185 states in spread 22
Analyzing 20000 states in spread 23
Analyzing 20000 states in spread 24
Analyzing 20000 states in spread 25
Analyzing 20000 states in spread 26
Analyzing 20000 states in spread 27
Analyzing 20000 states in spread 28
Analyzing 20000 states in spread 29
Analyzing 20000 states in spread 30
Finished step 91, minimal spread 19, max spread 31, got 1 drops
Total number of curves 183924
Starting step 92
Analyzing 53 states in spread 19
Analyzing 234 states in spread 20
Analyzing 714 states in spread 21
Analyzing 2923 states in spread 22
Analyzing 20000 states in spread 23
Analyzing 20000 states in spread 24
Analyzing 20000 states in spread 25
Analyzing 20000 states in spread 26
Analyzing 20000 states in spread 27
Analyzing 20000 states in spread 28
Analyzing 20000 states in spread 29
Analyzing 20000 states in spread 30
Finished step 92, minimal spread 19, max spread 31, got 1 drops
Total number of curves 181358
Starting step 93
Analyzing 3 states in spread 19
Analyzing 281 states in spread 20
Analyzing 1216 states in spread 21
Analyzing 4005 states in spread 22
Analyzing 15853 states in spread 23
Analyzing 20000 states in spread 24
Analyzing 20000 states in spread 25
Analyzing 20000 states in spread 26
Analyzing 20000 states in spread 27
Analyzing 20000 states in spread 28
Analyzing 20000 states in spread 29
Analyzing 20000 states in spread 30
Finished step 93, minimal spread 19, max spread 31, got 2 drops
Total number of curves 187771
Starting step 94
Analyzing 1 states in spread 19
Analyzing 35 states in spread 20
Analyzing 1444 states in spread 21
Analyzing 6291 states in spread 22
Analyzing 20000 states in spread 23
Analyzing 20000 states in spread 24
Analyzing 20000 states in spread 25
Analyzing 20000 states in spread 26
Analyzing 20000 states in spread 27
Analyzing 20000 states in spread 28
Analyzing 20000 states in spread 29
Analyzing 20000 states in spread 30
Finished step 94, minimal spread 20, max spread 31, got 1 drops
Total number of curves 187672
Starting step 95
Analyzing 13 states in spread 20
Analyzing 269 states in spread 21
Analyzing 7390 states in spread 22
Analyzing 20000 states in spread 23
Analyzing 20000 states in spread 24
Analyzing 20000 states in spread 25
Analyzing 20000 states in spread 26
Analyzing 20000 states in spread 27
Analyzing 20000 states in spread 28
Analyzing 20000 states in spread 29
Analyzing 20000 states in spread 30
Finished step 95, minimal spread 20, max spread 31, got 2 drops
Total number of curves 181889
Starting step 96
Analyzing 4 states in spread 20
Analyzing 116 states in spread 21
Analyzing 1769 states in spread 22
Analyzing 20000 states in spread 23
Analyzing 20000 states in spread 24
Analyzing 20000 states in spread 25
Analyzing 20000 states in spread 26
Analyzing 20000 states in spread 27
Analyzing 20000 states in spread 28
Analyzing 20000 states in spread 29
Analyzing 20000 states in spread 30
Finished step 96, minimal spread 20, max spread 31, got 2 drops
Total number of curves 170550
Starting step 97
Analyzing 2 states in spread 20
Analyzing 53 states in spread 21
Analyzing 873 states in spread 22
Analyzing 9622 states in spread 23
Analyzing 20000 states in spread 24
Analyzing 20000 states in spread 25
Analyzing 20000 states in spread 26
Analyzing 20000 states in spread 27
Analyzing 20000 states in spread 28
Analyzing 20000 states in spread 29
Analyzing 20000 states in spread 30
Finished step 97, minimal spread 20, max spread 31, got 1 drops
Total number of curves 165760
Starting step 98
Analyzing 1 states in spread 20
Analyzing 24 states in spread 21
Analyzing 446 states in spread 22
Analyzing 5289 states in spread 23
Analyzing 20000 states in spread 24
Analyzing 20000 states in spread 25
Analyzing 20000 states in spread 26
Analyzing 20000 states in spread 27
Analyzing 20000 states in spread 28
Analyzing 20000 states in spread 29
Analyzing 20000 states in spread 30
Analyzing 20000 states in spread 31
Finished step 98, minimal spread 21, max spread 32, got 0 drops
Total number of curves 183121
Starting step 99
Analyzing 13 states in spread 21
Analyzing 206 states in spread 22
Analyzing 2902 states in spread 23
Analyzing 20000 states in spread 24
Analyzing 20000 states in spread 25
Analyzing 20000 states in spread 26
Analyzing 20000 states in spread 27
Analyzing 20000 states in spread 28
Analyzing 20000 states in spread 29
Analyzing 20000 states in spread 30
Analyzing 20000 states in spread 31
Finished step 99, minimal spread 21, max spread 32, got 0 drops
Total number of curves 177227
Starting step 100
Analyzing 5 states in spread 21
Analyzing 117 states in spread 22
Analyzing 1422 states in spread 23
Analyzing 15683 states in spread 24
Analyzing 20000 states in spread 25
Analyzing 20000 states in spread 26
Analyzing 20000 states in spread 27
Analyzing 20000 states in spread 28
Analyzing 20000 states in spread 29
Analyzing 20000 states in spread 30
Analyzing 20000 states in spread 31
Finished step 100, minimal spread 21, max spread 32, got 2 drops
Total number of curves 169280
Starting step 101
Analyzing 2 states in spread 21
Analyzing 73 states in spread 22
Analyzing 832 states in spread 23
Analyzing 8373 states in spread 24
Analyzing 20000 states in spread 25
Analyzing 20000 states in spread 26
Analyzing 20000 states in spread 27
Analyzing 20000 states in spread 28
Analyzing 20000 states in spread 29
Analyzing 20000 states in spread 30
Analyzing 20000 states in spread 31
Analyzing 20000 states in spread 32
Finished step 101, minimal spread 21, max spread 33, got 2 drops
Total number of curves 185760
Starting step 102
Analyzing 2 states in spread 21
Analyzing 36 states in spread 22
Analyzing 597 states in spread 23
Analyzing 5125 states in spread 24
Analyzing 20000 states in spread 25
Analyzing 20000 states in spread 26
Analyzing 20000 states in spread 27
Analyzing 20000 states in spread 28
Analyzing 20000 states in spread 29
Analyzing 20000 states in spread 30
Analyzing 20000 states in spread 31
Analyzing 20000 states in spread 32
Finished step 102, minimal spread 21, max spread 33, got 2 drops
Total number of curves 184226
Starting step 103
Analyzing 3 states in spread 21
Analyzing 31 states in spread 22
Analyzing 322 states in spread 23
Analyzing 3870 states in spread 24
Analyzing 20000 states in spread 25
Analyzing 20000 states in spread 26
Analyzing 20000 states in spread 27
Analyzing 20000 states in spread 28
Analyzing 20000 states in spread 29
Analyzing 20000 states in spread 30
Analyzing 20000 states in spread 31
Analyzing 20000 states in spread 32
Finished step 103, minimal spread 21, max spread 33, got 1 drops
Total number of curves 182534
Starting step 104
Analyzing 2 states in spread 21
Analyzing 32 states in spread 22
Analyzing 268 states in spread 23
Analyzing 2232 states in spread 24
Analyzing 20000 states in spread 25
Analyzing 20000 states in spread 26
Analyzing 20000 states in spread 27
Analyzing 20000 states in spread 28
Analyzing 20000 states in spread 29
Analyzing 20000 states in spread 30
Analyzing 20000 states in spread 31
Analyzing 20000 states in spread 32
Finished step 104, minimal spread 22, max spread 33, got 2 drops
Total number of curves 174868
Starting step 105
Analyzing 20 states in spread 22
Analyzing 230 states in spread 23
Analyzing 1843 states in spread 24
Analyzing 12775 states in spread 25
Analyzing 20000 states in spread 26
Analyzing 20000 states in spread 27
Analyzing 20000 states in spread 28
Analyzing 20000 states in spread 29
Analyzing 20000 states in spread 30
Analyzing 20000 states in spread 31
Analyzing 20000 states in spread 32
Finished step 105, minimal spread 22, max spread 33, got 3 drops
Total number of curves 172356
Starting step 106
Analyzing 8 states in spread 22
Analyzing 149 states in spread 23
Analyzing 1428 states in spread 24
Analyzing 10771 states in spread 25
Analyzing 20000 states in spread 26
Analyzing 20000 states in spread 27
Analyzing 20000 states in spread 28
Analyzing 20000 states in spread 29
Analyzing 20000 states in spread 30
Analyzing 20000 states in spread 31
Analyzing 20000 states in spread 32
Finished step 106, minimal spread 22, max spread 33, got 1 drops
Total number of curves 169183
Starting step 107
Analyzing 8 states in spread 22
Analyzing 85 states in spread 23
Analyzing 972 states in spread 24
Analyzing 8118 states in spread 25
Analyzing 20000 states in spread 26
Analyzing 20000 states in spread 27
Analyzing 20000 states in spread 28
Analyzing 20000 states in spread 29
Analyzing 20000 states in spread 30
Analyzing 20000 states in spread 31
Analyzing 20000 states in spread 32
Analyzing 20000 states in spread 33
Finished step 107, minimal spread 22, max spread 34, got 2 drops
Total number of curves 186522
Starting step 108
Analyzing 3 states in spread 22
Analyzing 81 states in spread 23
Analyzing 631 states in spread 24
Analyzing 5807 states in spread 25
Analyzing 20000 states in spread 26
Analyzing 20000 states in spread 27
Analyzing 20000 states in spread 28
Analyzing 20000 states in spread 29
Analyzing 20000 states in spread 30
Analyzing 20000 states in spread 31
Analyzing 20000 states in spread 32
Analyzing 20000 states in spread 33
Finished step 108, minimal spread 22, max spread 34, got 2 drops
Total number of curves 184626
Starting step 109
Analyzing 1 states in spread 22
Analyzing 32 states in spread 23
Analyzing 563 states in spread 24
Analyzing 4030 states in spread 25
Analyzing 20000 states in spread 26
Analyzing 20000 states in spread 27
Analyzing 20000 states in spread 28
Analyzing 20000 states in spread 29
Analyzing 20000 states in spread 30
Analyzing 20000 states in spread 31
Analyzing 20000 states in spread 32
Analyzing 20000 states in spread 33
Finished step 109, minimal spread 23, max spread 34, got 1 drops
Total number of curves 183709
Starting step 110
Analyzing 18 states in spread 23
Analyzing 242 states in spread 24
Analyzing 3449 states in spread 25
Analyzing 20000 states in spread 26
Analyzing 20000 states in spread 27
Analyzing 20000 states in spread 28
Analyzing 20000 states in spread 29
Analyzing 20000 states in spread 30
Analyzing 20000 states in spread 31
Analyzing 20000 states in spread 32
Analyzing 20000 states in spread 33
Finished step 110, minimal spread 23, max spread 34, got 2 drops
Total number of curves 180022
Starting step 111
Analyzing 2 states in spread 23
Analyzing 164 states in spread 24
Analyzing 1630 states in spread 25
Analyzing 18226 states in spread 26
Analyzing 20000 states in spread 27
Analyzing 20000 states in spread 28
Analyzing 20000 states in spread 29
Analyzing 20000 states in spread 30
Analyzing 20000 states in spread 31
Analyzing 20000 states in spread 32
Analyzing 20000 states in spread 33
Finished step 111, minimal spread 23, max spread 34, got 3 drops
Total number of curves 170673
Starting step 112
Analyzing 1 states in spread 23
Analyzing 37 states in spread 24
Analyzing 1163 states in spread 25
Analyzing 9472 states in spread 26
Analyzing 20000 states in spread 27
Analyzing 20000 states in spread 28
Analyzing 20000 states in spread 29
Analyzing 20000 states in spread 30
Analyzing 20000 states in spread 31
Analyzing 20000 states in spread 32
Analyzing 20000 states in spread 33
Finished step 112, minimal spread 24, max spread 34, got 1 drops
Total number of curves 167434
Starting step 113
Analyzing 17 states in spread 24
Analyzing 377 states in spread 25
Analyzing 7040 states in spread 26
Analyzing 20000 states in spread 27
Analyzing 20000 states in spread 28
Analyzing 20000 states in spread 29
Analyzing 20000 states in spread 30
Analyzing 20000 states in spread 31
Analyzing 20000 states in spread 32
Analyzing 20000 states in spread 33
Analyzing 20000 states in spread 34
Finished step 113, minimal spread 24, max spread 35, got 0 drops
Total number of curves 182985
Starting step 114
Analyzing 6 states in spread 24
Analyzing 191 states in spread 25
Analyzing 2788 states in spread 26
Analyzing 20000 states in spread 27
Analyzing 20000 states in spread 28
Analyzing 20000 states in spread 29
Analyzing 20000 states in spread 30
Analyzing 20000 states in spread 31
Analyzing 20000 states in spread 32
Analyzing 20000 states in spread 33
Analyzing 20000 states in spread 34
Finished step 114, minimal spread 24, max spread 35, got 0 drops
Total number of curves 176224
Starting step 115
Analyzing 3 states in spread 24
Analyzing 96 states in spread 25
Analyzing 1484 states in spread 26
Analyzing 14641 states in spread 27
Analyzing 20000 states in spread 28
Analyzing 20000 states in spread 29
Analyzing 20000 states in spread 30
Analyzing 20000 states in spread 31
Analyzing 20000 states in spread 32
Analyzing 20000 states in spread 33
Analyzing 20000 states in spread 34
Finished step 115, minimal spread 24, max spread 35, got 0 drops
Total number of curves 169376
Starting step 116
Analyzing 3 states in spread 24
Analyzing 41 states in spread 25
Analyzing 866 states in spread 26
Analyzing 8466 states in spread 27
Analyzing 20000 states in spread 28
Analyzing 20000 states in spread 29
Analyzing 20000 states in spread 30
Analyzing 20000 states in spread 31
Analyzing 20000 states in spread 32
Analyzing 20000 states in spread 33
Analyzing 20000 states in spread 34
Analyzing 20000 states in spread 35
Finished step 116, minimal spread 23, max spread 36, got 3 drops
Total number of curves 185927
Starting step 117
Analyzing 1 states in spread 23
Analyzing 4 states in spread 24
Analyzing 39 states in spread 25
Analyzing 393 states in spread 26
Analyzing 5490 states in spread 27
Analyzing 20000 states in spread 28
Analyzing 20000 states in spread 29
Analyzing 20000 states in spread 30
Analyzing 20000 states in spread 31
Analyzing 20000 states in spread 32
Analyzing 20000 states in spread 33
Analyzing 20000 states in spread 34
Analyzing 20000 states in spread 35
Finished step 117, minimal spread 24, max spread 36, got 3 drops
Total number of curves 183113
Starting step 118
Analyzing 11 states in spread 24
Analyzing 42 states in spread 25
Analyzing 330 states in spread 26
Analyzing 2730 states in spread 27
Analyzing 20000 states in spread 28
Analyzing 20000 states in spread 29
Analyzing 20000 states in spread 30
Analyzing 20000 states in spread 31
Analyzing 20000 states in spread 32
Analyzing 20000 states in spread 33
Analyzing 20000 states in spread 34
Analyzing 20000 states in spread 35
Finished step 118, minimal spread 24, max spread 36, got 1 drops
Total number of curves 177201
Starting step 119
Analyzing 2 states in spread 24
Analyzing 77 states in spread 25
Analyzing 312 states in spread 26
Analyzing 2164 states in spread 27
Analyzing 14646 states in spread 28
Analyzing 20000 states in spread 29
Analyzing 20000 states in spread 30
Analyzing 20000 states in spread 31
Analyzing 20000 states in spread 32
Analyzing 20000 states in spread 33
Analyzing 20000 states in spread 34
Analyzing 20000 states in spread 35
Finished step 119, minimal spread 25, max spread 36, got 2 drops
Total number of curves 174476
Starting step 120
Analyzing 27 states in spread 25
Analyzing 465 states in spread 26
Analyzing 1952 states in spread 27
Analyzing 12032 states in spread 28
Analyzing 20000 states in spread 29
Analyzing 20000 states in spread 30
Analyzing 20000 states in spread 31
Analyzing 20000 states in spread 32
Analyzing 20000 states in spread 33
Analyzing 20000 states in spread 34
Analyzing 20000 states in spread 35
Finished step 120, minimal spread 25, max spread 36, got 0 drops
Total number of curves 173775
Starting step 121
Analyzing 8 states in spread 25
Analyzing 209 states in spread 26
Analyzing 2595 states in spread 27
Analyzing 10963 states in spread 28
Analyzing 20000 states in spread 29
Analyzing 20000 states in spread 30
Analyzing 20000 states in spread 31
Analyzing 20000 states in spread 32
Analyzing 20000 states in spread 33
Analyzing 20000 states in spread 34
Analyzing 20000 states in spread 35
Finished step 121, minimal spread 25, max spread 36, got 0 drops
Total number of curves 175265
Starting step 122
Analyzing 5 states in spread 25
Analyzing 86 states in spread 26
Analyzing 1304 states in spread 27
Analyzing 13870 states in spread 28
Analyzing 20000 states in spread 29
Analyzing 20000 states in spread 30
Analyzing 20000 states in spread 31
Analyzing 20000 states in spread 32
Analyzing 20000 states in spread 33
Analyzing 20000 states in spread 34
Analyzing 20000 states in spread 35
Finished step 122, minimal spread 25, max spread 36, got 0 drops
Total number of curves 168208
Starting step 123
Analyzing 3 states in spread 25
Analyzing 55 states in spread 26
Analyzing 608 states in spread 27
Analyzing 7542 states in spread 28
Analyzing 20000 states in spread 29
Analyzing 20000 states in spread 30
Analyzing 20000 states in spread 31
Analyzing 20000 states in spread 32
Analyzing 20000 states in spread 33
Analyzing 20000 states in spread 34
Analyzing 20000 states in spread 35
Analyzing 20000 states in spread 36
Finished step 123, minimal spread 25, max spread 37, got 1 drops
Total number of curves 184316
Starting step 124
Analyzing 2 states in spread 25
Analyzing 31 states in spread 26
Analyzing 413 states in spread 27
Analyzing 3870 states in spread 28
Analyzing 20000 states in spread 29
Analyzing 20000 states in spread 30
Analyzing 20000 states in spread 31
Analyzing 20000 states in spread 32
Analyzing 20000 states in spread 33
Analyzing 20000 states in spread 34
Analyzing 20000 states in spread 35
Analyzing 20000 states in spread 36
Finished step 124, minimal spread 25, max spread 37, got 1 drops
Total number of curves 182671
Starting step 125
Analyzing 1 states in spread 25
Analyzing 22 states in spread 26
Analyzing 222 states in spread 27
Analyzing 2739 states in spread 28
Analyzing 19687 states in spread 29
Analyzing 20000 states in spread 30
Analyzing 20000 states in spread 31
Analyzing 20000 states in spread 32
Analyzing 20000 states in spread 33
Analyzing 20000 states in spread 34
Analyzing 20000 states in spread 35
Analyzing 20000 states in spread 36
Finished step 125, minimal spread 25, max spread 37, got 1 drops
Total number of curves 176661
Starting step 126
Analyzing 2 states in spread 25
Analyzing 9 states in spread 26
Analyzing 151 states in spread 27
Analyzing 1504 states in spread 28
Analyzing 14995 states in spread 29
Analyzing 20000 states in spread 30
Analyzing 20000 states in spread 31
Analyzing 20000 states in spread 32
Analyzing 20000 states in spread 33
Analyzing 20000 states in spread 34
Analyzing 20000 states in spread 35
Analyzing 20000 states in spread 36
Finished step 126, minimal spread 25, max spread 37, got 3 drops
Total number of curves 170012
Starting step 127
Analyzing 1 states in spread 25
Analyzing 15 states in spread 26
Analyzing 64 states in spread 27
Analyzing 1002 states in spread 28
Analyzing 8930 states in spread 29
Analyzing 20000 states in spread 30
Analyzing 20000 states in spread 31
Analyzing 20000 states in spread 32
Analyzing 20000 states in spread 33
Analyzing 20000 states in spread 34
Analyzing 20000 states in spread 35
Analyzing 20000 states in spread 36
Finished step 127, minimal spread 26, max spread 37, got 3 drops
Total number of curves 166583
Starting step 128
Analyzing 7 states in spread 26
Analyzing 89 states in spread 27
Analyzing 478 states in spread 28
Analyzing 6009 states in spread 29
Analyzing 20000 states in spread 30
Analyzing 20000 states in spread 31
Analyzing 20000 states in spread 32
Analyzing 20000 states in spread 33
Analyzing 20000 states in spread 34
Analyzing 20000 states in spread 35
Analyzing 20000 states in spread 36
Analyzing 20000 states in spread 37
Finished step 128, minimal spread 27, max spread 38, got 0 drops
Total number of curves 183730
Starting step 129
Analyzing 49 states in spread 27
Analyzing 517 states in spread 28
Analyzing 3164 states in spread 29
Analyzing 20000 states in spread 30
Analyzing 20000 states in spread 31
Analyzing 20000 states in spread 32
Analyzing 20000 states in spread 33
Analyzing 20000 states in spread 34
Analyzing 20000 states in spread 35
Analyzing 20000 states in spread 36
Analyzing 20000 states in spread 37
Finished step 129, minimal spread 27, max spread 38, got 2 drops
Total number of curves 180001
Starting step 130
Analyzing 6 states in spread 27
Analyzing 323 states in spread 28
Analyzing 2925 states in spread 29
Analyzing 16747 states in spread 30
Analyzing 20000 states in spread 31
Analyzing 20000 states in spread 32
Analyzing 20000 states in spread 33
Analyzing 20000 states in spread 34
Analyzing 20000 states in spread 35
Analyzing 20000 states in spread 36
Analyzing 20000 states in spread 37
Finished step 130, minimal spread 27, max spread 38, got 2 drops
Total number of curves 177389
Starting step 131
Analyzing 2 states in spread 27
Analyzing 81 states in spread 28
Analyzing 1981 states in spread 29
Analyzing 15325 states in spread 30
Analyzing 20000 states in spread 31
Analyzing 20000 states in spread 32
Analyzing 20000 states in spread 33
Analyzing 20000 states in spread 34
Analyzing 20000 states in spread 35
Analyzing 20000 states in spread 36
Analyzing 20000 states in spread 37
Finished step 131, minimal spread 27, max spread 38, got 3 drops
Total number of curves 171754
Starting step 132
Analyzing 1 states in spread 27
Analyzing 42 states in spread 28
Analyzing 677 states in spread 29
Analyzing 11034 states in spread 30
Analyzing 20000 states in spread 31
Analyzing 20000 states in spread 32
Analyzing 20000 states in spread 33
Analyzing 20000 states in spread 34
Analyzing 20000 states in spread 35
Analyzing 20000 states in spread 36
Analyzing 20000 states in spread 37
Finished step 132, minimal spread 27, max spread 38, got 2 drops
Total number of curves 164880
Starting step 133
Analyzing 1 states in spread 27
Analyzing 22 states in spread 28
Analyzing 402 states in spread 29
Analyzing 4455 states in spread 30
Analyzing 20000 states in spread 31
Analyzing 20000 states in spread 32
Analyzing 20000 states in spread 33
Analyzing 20000 states in spread 34
Analyzing 20000 states in spread 35
Analyzing 20000 states in spread 36
Analyzing 20000 states in spread 37
Analyzing 20000 states in spread 38
Finished step 133, minimal spread 27, max spread 39, got 3 drops
Total number of curves 183093
Starting step 134
Analyzing 1 states in spread 27
Analyzing 15 states in spread 28
Analyzing 212 states in spread 29
Analyzing 2865 states in spread 30
Analyzing 20000 states in spread 31
Analyzing 20000 states in spread 32
Analyzing 20000 states in spread 33
Analyzing 20000 states in spread 34
Analyzing 20000 states in spread 35
Analyzing 20000 states in spread 36
Analyzing 20000 states in spread 37
Analyzing 20000 states in spread 38
Finished step 134, minimal spread 28, max spread 39, got 4 drops
Total number of curves 177190
Starting step 135
Analyzing 10 states in spread 28
Analyzing 138 states in spread 29
Analyzing 1599 states in spread 30
Analyzing 15443 states in spread 31
Analyzing 20000 states in spread 32
Analyzing 20000 states in spread 33
Analyzing 20000 states in spread 34
Analyzing 20000 states in spread 35
Analyzing 20000 states in spread 36
Analyzing 20000 states in spread 37
Analyzing 20000 states in spread 38
Finished step 135, minimal spread 28, max spread 39, got 2 drops
Total number of curves 170639
Starting step 136
Analyzing 2 states in spread 28
Analyzing 87 states in spread 29
Analyzing 1022 states in spread 30
Analyzing 9528 states in spread 31
Analyzing 20000 states in spread 32
Analyzing 20000 states in spread 33
Analyzing 20000 states in spread 34
Analyzing 20000 states in spread 35
Analyzing 20000 states in spread 36
Analyzing 20000 states in spread 37
Analyzing 20000 states in spread 38
Finished step 136, minimal spread 28, max spread 39, got 1 drops
Total number of curves 166972
Starting step 137
Analyzing 2 states in spread 28
Analyzing 30 states in spread 29
Analyzing 653 states in spread 30
Analyzing 6287 states in spread 31
Analyzing 20000 states in spread 32
Analyzing 20000 states in spread 33
Analyzing 20000 states in spread 34
Analyzing 20000 states in spread 35
Analyzing 20000 states in spread 36
Analyzing 20000 states in spread 37
Analyzing 20000 states in spread 38
Analyzing 20000 states in spread 39
Finished step 137, minimal spread 28, max spread 40, got 2 drops
Total number of curves 184460
Starting step 138
Analyzing 2 states in spread 28
Analyzing 23 states in spread 29
Analyzing 276 states in spread 30
Analyzing 4159 states in spread 31
Analyzing 20000 states in spread 32
Analyzing 20000 states in spread 33
Analyzing 20000 states in spread 34
Analyzing 20000 states in spread 35
Analyzing 20000 states in spread 36
Analyzing 20000 states in spread 37
Analyzing 20000 states in spread 38
Analyzing 20000 states in spread 39
Finished step 138, minimal spread 28, max spread 40, got 6 drops
Total number of curves 182217
Starting step 139
Analyzing 1 states in spread 28
Analyzing 24 states in spread 29
Analyzing 194 states in spread 30
Analyzing 1998 states in spread 31
Analyzing 20000 states in spread 32
Analyzing 20000 states in spread 33
Analyzing 20000 states in spread 34
Analyzing 20000 states in spread 35
Analyzing 20000 states in spread 36
Analyzing 20000 states in spread 37
Analyzing 20000 states in spread 38
Analyzing 20000 states in spread 39
Finished step 139, minimal spread 28, max spread 40, got 1 drops
Total number of curves 172981
Starting step 140
Analyzing 1 states in spread 28
Analyzing 17 states in spread 29
Analyzing 193 states in spread 30
Analyzing 1356 states in spread 31
Analyzing 11414 states in spread 32
Analyzing 20000 states in spread 33
Analyzing 20000 states in spread 34
Analyzing 20000 states in spread 35
Analyzing 20000 states in spread 36
Analyzing 20000 states in spread 37
Analyzing 20000 states in spread 38
Analyzing 20000 states in spread 39
Finished step 140, minimal spread 29, max spread 40, got 2 drops
Total number of curves 169373
Starting step 141
Analyzing 15 states in spread 29
Analyzing 148 states in spread 30
Analyzing 1264 states in spread 31
Analyzing 7946 states in spread 32
Analyzing 20000 states in spread 33
Analyzing 20000 states in spread 34
Analyzing 20000 states in spread 35
Analyzing 20000 states in spread 36
Analyzing 20000 states in spread 37
Analyzing 20000 states in spread 38
Analyzing 20000 states in spread 39
Analyzing 20000 states in spread 40
Finished step 141, minimal spread 29, max spread 41, got 1 drops
Total number of curves 188369
Starting step 142
Analyzing 5 states in spread 29
Analyzing 132 states in spread 30
Analyzing 988 states in spread 31
Analyzing 7244 states in spread 32
Analyzing 20000 states in spread 33
Analyzing 20000 states in spread 34
Analyzing 20000 states in spread 35
Analyzing 20000 states in spread 36
Analyzing 20000 states in spread 37
Analyzing 20000 states in spread 38
Analyzing 20000 states in spread 39
Analyzing 20000 states in spread 40
Finished step 142, minimal spread 29, max spread 41, got 1 drops
Total number of curves 186699
Starting step 143
Analyzing 3 states in spread 29
Analyzing 54 states in spread 30
Analyzing 887 states in spread 31
Analyzing 5755 states in spread 32
Analyzing 20000 states in spread 33
Analyzing 20000 states in spread 34
Analyzing 20000 states in spread 35
Analyzing 20000 states in spread 36
Analyzing 20000 states in spread 37
Analyzing 20000 states in spread 38
Analyzing 20000 states in spread 39
Analyzing 20000 states in spread 40
Finished step 143, minimal spread 29, max spread 41, got 0 drops
Total number of curves 185702
Starting step 144
Analyzing 2 states in spread 29
Analyzing 32 states in spread 30
Analyzing 378 states in spread 31
Analyzing 5290 states in spread 32
Analyzing 20000 states in spread 33
Analyzing 20000 states in spread 34
Analyzing 20000 states in spread 35
Analyzing 20000 states in spread 36
Analyzing 20000 states in spread 37
Analyzing 20000 states in spread 38
Analyzing 20000 states in spread 39
Analyzing 20000 states in spread 40
Finished step 144, minimal spread 29, max spread 41, got 0 drops
Total number of curves 182675
Starting step 145
Analyzing 2 states in spread 29
Analyzing 19 states in spread 30
Analyzing 233 states in spread 31
Analyzing 2421 states in spread 32
Analyzing 20000 states in spread 33
Analyzing 20000 states in spread 34
Analyzing 20000 states in spread 35
Analyzing 20000 states in spread 36
Analyzing 20000 states in spread 37
Analyzing 20000 states in spread 38
Analyzing 20000 states in spread 39
Analyzing 20000 states in spread 40
Finished step 145, minimal spread 29, max spread 41, got 1 drops
Total number of curves 174653
Starting step 146
Analyzing 2 states in spread 29
Analyzing 20 states in spread 30
Analyzing 133 states in spread 31
Analyzing 1550 states in spread 32
Analyzing 12948 states in spread 33
Analyzing 20000 states in spread 34
Analyzing 20000 states in spread 35
Analyzing 20000 states in spread 36
Analyzing 20000 states in spread 37
Analyzing 20000 states in spread 38
Analyzing 20000 states in spread 39
Analyzing 20000 states in spread 40
Finished step 146, minimal spread 29, max spread 41, got 0 drops
Total number of curves 169827
Starting step 147
Analyzing 1 states in spread 29
Analyzing 18 states in spread 30
Analyzing 135 states in spread 31
Analyzing 912 states in spread 32
Analyzing 8761 states in spread 33
Analyzing 20000 states in spread 34
Analyzing 20000 states in spread 35
Analyzing 20000 states in spread 36
Analyzing 20000 states in spread 37
Analyzing 20000 states in spread 38
Analyzing 20000 states in spread 39
Analyzing 20000 states in spread 40
Analyzing 20000 states in spread 41
Finished step 147, minimal spread 30, max spread 42, got 0 drops
Total number of curves 186481
Starting step 148
Analyzing 10 states in spread 30
Analyzing 116 states in spread 31
Analyzing 842 states in spread 32
Analyzing 5513 states in spread 33
Analyzing 20000 states in spread 34
Analyzing 20000 states in spread 35
Analyzing 20000 states in spread 36
Analyzing 20000 states in spread 37
Analyzing 20000 states in spread 38
Analyzing 20000 states in spread 39
Analyzing 20000 states in spread 40
Analyzing 20000 states in spread 41
Finished step 148, minimal spread 30, max spread 42, got 1 drops
Total number of curves 185674
Starting step 149
Analyzing 1 states in spread 30
Analyzing 73 states in spread 31
Analyzing 691 states in spread 32
Analyzing 4909 states in spread 33
Analyzing 20000 states in spread 34
Analyzing 20000 states in spread 35
Analyzing 20000 states in spread 36
Analyzing 20000 states in spread 37
Analyzing 20000 states in spread 38
Analyzing 20000 states in spread 39
Analyzing 20000 states in spread 40
Analyzing 20000 states in spread 41
Finished step 149, minimal spread 31, max spread 42, got 2 drops
Total number of curves 184363
Starting step 150
Analyzing 22 states in spread 31
Analyzing 465 states in spread 32
Analyzing 3876 states in spread 33
Analyzing 20000 states in spread 34
Analyzing 20000 states in spread 35
Analyzing 20000 states in spread 36
Analyzing 20000 states in spread 37
Analyzing 20000 states in spread 38
Analyzing 20000 states in spread 39
Analyzing 20000 states in spread 40
Analyzing 20000 states in spread 41
Finished step 150, minimal spread 31, max spread 42, got 2 drops
Total number of curves 182374
Starting step 151
Analyzing 5 states in spread 31
Analyzing 202 states in spread 32
Analyzing 2742 states in spread 33
Analyzing 19425 states in spread 34
Analyzing 20000 states in spread 35
Analyzing 20000 states in spread 36
Analyzing 20000 states in spread 37
Analyzing 20000 states in spread 38
Analyzing 20000 states in spread 39
Analyzing 20000 states in spread 40
Analyzing 20000 states in spread 41
Finished step 151, minimal spread 31, max spread 42, got 1 drops
Total number of curves 176157
Starting step 152
Analyzing 3 states in spread 31
Analyzing 70 states in spread 32
Analyzing 1391 states in spread 33
Analyzing 14693 states in spread 34
Analyzing 20000 states in spread 35
Analyzing 20000 states in spread 36
Analyzing 20000 states in spread 37
Analyzing 20000 states in spread 38
Analyzing 20000 states in spread 39
Analyzing 20000 states in spread 40
Analyzing 20000 states in spread 41
Finished step 152, minimal spread 31, max spread 42, got 3 drops
Total number of curves 168838
Starting step 153
Analyzing 4 states in spread 31
Analyzing 46 states in spread 32
Analyzing 596 states in spread 33
Analyzing 8192 states in spread 34
Analyzing 20000 states in spread 35
Analyzing 20000 states in spread 36
Analyzing 20000 states in spread 37
Analyzing 20000 states in spread 38
Analyzing 20000 states in spread 39
Analyzing 20000 states in spread 40
Analyzing 20000 states in spread 41
Analyzing 20000 states in spread 42
Finished step 153, minimal spread 31, max spread 43, got 0 drops
Total number of curves 184421
Starting step 154
Analyzing 3 states in spread 31
Analyzing 39 states in spread 32
Analyzing 401 states in spread 33
Analyzing 3978 states in spread 34
Analyzing 20000 states in spread 35
Analyzing 20000 states in spread 36
Analyzing 20000 states in spread 37
Analyzing 20000 states in spread 38
Analyzing 20000 states in spread 39
Analyzing 20000 states in spread 40
Analyzing 20000 states in spread 41
Analyzing 20000 states in spread 42
Finished step 154, minimal spread 31, max spread 43, got 0 drops
Total number of curves 182620
Starting step 155
Analyzing 1 states in spread 31
Analyzing 34 states in spread 32
Analyzing 296 states in spread 33
Analyzing 2755 states in spread 34
Analyzing 19534 states in spread 35
Analyzing 20000 states in spread 36
Analyzing 20000 states in spread 37
Analyzing 20000 states in spread 38
Analyzing 20000 states in spread 39
Analyzing 20000 states in spread 40
Analyzing 20000 states in spread 41
Analyzing 20000 states in spread 42
Finished step 155, minimal spread 31, max spread 43, got 2 drops
Total number of curves 176886
Starting step 156
Analyzing 2 states in spread 31
Analyzing 13 states in spread 32
Analyzing 256 states in spread 33
Analyzing 1983 states in spread 34
Analyzing 14632 states in spread 35
Analyzing 20000 states in spread 36
Analyzing 20000 states in spread 37
Analyzing 20000 states in spread 38
Analyzing 20000 states in spread 39
Analyzing 20000 states in spread 40
Analyzing 20000 states in spread 41
Analyzing 20000 states in spread 42
Finished step 156, minimal spread 31, max spread 43, got 1 drops
Total number of curves 172884
Starting step 157
Analyzing 1 states in spread 31
Analyzing 20 states in spread 32
Analyzing 108 states in spread 33
Analyzing 1639 states in spread 34
Analyzing 11116 states in spread 35
Analyzing 20000 states in spread 36
Analyzing 20000 states in spread 37
Analyzing 20000 states in spread 38
Analyzing 20000 states in spread 39
Analyzing 20000 states in spread 40
Analyzing 20000 states in spread 41
Analyzing 20000 states in spread 42
Finished step 157, minimal spread 32, max spread 43, got 2 drops
Total number of curves 170182
Starting step 158
Analyzing 11 states in spread 32
Analyzing 138 states in spread 33
Analyzing 772 states in spread 34
Analyzing 9261 states in spread 35
Analyzing 20000 states in spread 36
Analyzing 20000 states in spread 37
Analyzing 20000 states in spread 38
Analyzing 20000 states in spread 39
Analyzing 20000 states in spread 40
Analyzing 20000 states in spread 41
Analyzing 20000 states in spread 42
Finished step 158, minimal spread 32, max spread 43, got 3 drops
Total number of curves 165658
Starting step 159
Analyzing 3 states in spread 32
Analyzing 92 states in spread 33
Analyzing 818 states in spread 34
Analyzing 4745 states in spread 35
Analyzing 20000 states in spread 36
Analyzing 20000 states in spread 37
Analyzing 20000 states in spread 38
Analyzing 20000 states in spread 39
Analyzing 20000 states in spread 40
Analyzing 20000 states in spread 41
Analyzing 20000 states in spread 42
Analyzing 20000 states in spread 43
Finished step 159, minimal spread 31, max spread 44, got 2 drops
Total number of curves 185149
Starting step 160
Analyzing 1 states in spread 31
Analyzing 2 states in spread 32
Analyzing 34 states in spread 33
Analyzing 614 states in spread 34
Analyzing 4498 states in spread 35
Analyzing 20000 states in spread 36
Analyzing 20000 states in spread 37
Analyzing 20000 states in spread 38
Analyzing 20000 states in spread 39
Analyzing 20000 states in spread 40
Analyzing 20000 states in spread 41
Analyzing 20000 states in spread 42
Analyzing 20000 states in spread 43
Finished step 160, minimal spread 31, max spread 44, got 1 drops
Total number of curves 183917
Starting step 161
Analyzing 2 states in spread 31
Analyzing 7 states in spread 32
Analyzing 20 states in spread 33
Analyzing 264 states in spread 34
Analyzing 3624 states in spread 35
Analyzing 20000 states in spread 36
Analyzing 20000 states in spread 37
Analyzing 20000 states in spread 38
Analyzing 20000 states in spread 39
Analyzing 20000 states in spread 40
Analyzing 20000 states in spread 41
Analyzing 20000 states in spread 42
Analyzing 20000 states in spread 43
Finished step 161, minimal spread 31, max spread 44, got 0 drops
Total number of curves 180947
Starting step 162
Analyzing 3 states in spread 31
Analyzing 16 states in spread 32
Analyzing 38 states in spread 33
Analyzing 160 states in spread 34
Analyzing 1718 states in spread 35
Analyzing 19012 states in spread 36
Analyzing 20000 states in spread 37
Analyzing 20000 states in spread 38
Analyzing 20000 states in spread 39
Analyzing 20000 states in spread 40
Analyzing 20000 states in spread 41
Analyzing 20000 states in spread 42
Analyzing 20000 states in spread 43
Finished step 162, minimal spread 32, max spread 44, got 2 drops
Total number of curves 171229
Starting step 163
Analyzing 28 states in spread 32
Analyzing 89 states in spread 33
Analyzing 224 states in spread 34
Analyzing 1089 states in spread 35
Analyzing 9799 states in spread 36
Analyzing 20000 states in spread 37
Analyzing 20000 states in spread 38
Analyzing 20000 states in spread 39
Analyzing 20000 states in spread 40
Analyzing 20000 states in spread 41
Analyzing 20000 states in spread 42
Analyzing 20000 states in spread 43
Finished step 163, minimal spread 32, max spread 44, got 1 drops
Total number of curves 168491
Starting step 164
Analyzing 3 states in spread 32
Analyzing 166 states in spread 33
Analyzing 483 states in spread 34
Analyzing 1291 states in spread 35
Analyzing 6548 states in spread 36
Analyzing 20000 states in spread 37
Analyzing 20000 states in spread 38
Analyzing 20000 states in spread 39
Analyzing 20000 states in spread 40
Analyzing 20000 states in spread 41
Analyzing 20000 states in spread 42
Analyzing 20000 states in spread 43
Analyzing 20000 states in spread 44
Finished step 164, minimal spread 32, max spread 45, got 0 drops
Total number of curves 190611
Starting step 165
Analyzing 5 states in spread 32
Analyzing 34 states in spread 33
Analyzing 878 states in spread 34
Analyzing 2542 states in spread 35
Analyzing 7152 states in spread 36
Analyzing 20000 states in spread 37
Analyzing 20000 states in spread 38
Analyzing 20000 states in spread 39
Analyzing 20000 states in spread 40
Analyzing 20000 states in spread 41
Analyzing 20000 states in spread 42
Analyzing 20000 states in spread 43
Finished step 165, minimal spread 32, max spread 44, got 1 drops
Total number of curves 177853
Starting step 166
Analyzing 2 states in spread 32
Analyzing 49 states in spread 33
Analyzing 256 states in spread 34
Analyzing 4477 states in spread 35
Analyzing 13069 states in spread 36
Analyzing 20000 states in spread 37
Analyzing 20000 states in spread 38
Analyzing 20000 states in spread 39
Analyzing 20000 states in spread 40
Analyzing 20000 states in spread 41
Analyzing 20000 states in spread 42
Analyzing 20000 states in spread 43
Finished step 166, minimal spread 32, max spread 44, got 1 drops
Total number of curves 181968
Starting step 167
Analyzing 1 states in spread 32
Analyzing 19 states in spread 33
Analyzing 319 states in spread 34
Analyzing 1629 states in spread 35
Analyzing 20000 states in spread 36
Analyzing 20000 states in spread 37
Analyzing 20000 states in spread 38
Analyzing 20000 states in spread 39
Analyzing 20000 states in spread 40
Analyzing 20000 states in spread 41
Analyzing 20000 states in spread 42
Analyzing 20000 states in spread 43
Finished step 167, minimal spread 33, max spread 44, got 2 drops
Total number of curves 171287
Starting step 168
Analyzing 12 states in spread 33
Analyzing 132 states in spread 34
Analyzing 1839 states in spread 35
Analyzing 9304 states in spread 36
Analyzing 20000 states in spread 37
Analyzing 20000 states in spread 38
Analyzing 20000 states in spread 39
Analyzing 20000 states in spread 40
Analyzing 20000 states in spread 41
Analyzing 20000 states in spread 42
Analyzing 20000 states in spread 43
Finished step 168, minimal spread 33, max spread 44, got 1 drops
Total number of curves 170959
Starting step 169
Analyzing 5 states in spread 33
Analyzing 86 states in spread 34
Analyzing 820 states in spread 35
Analyzing 10048 states in spread 36
Analyzing 20000 states in spread 37
Analyzing 20000 states in spread 38
Analyzing 20000 states in spread 39
Analyzing 20000 states in spread 40
Analyzing 20000 states in spread 41
Analyzing 20000 states in spread 42
Analyzing 20000 states in spread 43
Finished step 169, minimal spread 34, max spread 44, got 0 drops
Total number of curves 165446
Starting step 170
Analyzing 54 states in spread 34
Analyzing 538 states in spread 35
Analyzing 4854 states in spread 36
Analyzing 20000 states in spread 37
Analyzing 20000 states in spread 38
Analyzing 20000 states in spread 39
Analyzing 20000 states in spread 40
Analyzing 20000 states in spread 41
Analyzing 20000 states in spread 42
Analyzing 20000 states in spread 43
Analyzing 20000 states in spread 44
Finished step 170, minimal spread 34, max spread 45, got 0 drops
Total number of curves 183639
Starting step 171
Analyzing 12 states in spread 34
Analyzing 391 states in spread 35
Analyzing 3236 states in spread 36
Analyzing 20000 states in spread 37
Analyzing 20000 states in spread 38
Analyzing 20000 states in spread 39
Analyzing 20000 states in spread 40
Analyzing 20000 states in spread 41
Analyzing 20000 states in spread 42
Analyzing 20000 states in spread 43
Analyzing 20000 states in spread 44
Finished step 171, minimal spread 34, max spread 45, got 0 drops
Total number of curves 179704
Starting step 172
Analyzing 8 states in spread 34
Analyzing 139 states in spread 35
Analyzing 2453 states in spread 36
Analyzing 17104 states in spread 37
Analyzing 20000 states in spread 38
Analyzing 20000 states in spread 39
Analyzing 20000 states in spread 40
Analyzing 20000 states in spread 41
Analyzing 20000 states in spread 42
Analyzing 20000 states in spread 43
Analyzing 20000 states in spread 44
Finished step 172, minimal spread 34, max spread 45, got 0 drops
Total number of curves 174796
Starting step 173
Analyzing 4 states in spread 34
Analyzing 85 states in spread 35
Analyzing 1100 states in spread 36
Analyzing 13607 states in spread 37
Analyzing 20000 states in spread 38
Analyzing 20000 states in spread 39
Analyzing 20000 states in spread 40
Analyzing 20000 states in spread 41
Analyzing 20000 states in spread 42
Analyzing 20000 states in spread 43
Analyzing 20000 states in spread 44
Finished step 173, minimal spread 34, max spread 45, got 2 drops
Total number of curves 167714
Starting step 174
Analyzing 3 states in spread 34
Analyzing 48 states in spread 35
Analyzing 661 states in spread 36
Analyzing 7002 states in spread 37
Analyzing 20000 states in spread 38
Analyzing 20000 states in spread 39
Analyzing 20000 states in spread 40
Analyzing 20000 states in spread 41
Analyzing 20000 states in spread 42
Analyzing 20000 states in spread 43
Analyzing 20000 states in spread 44
Analyzing 20000 states in spread 45
Finished step 174, minimal spread 34, max spread 46, got 1 drops
Total number of curves 184776
Starting step 175
Analyzing 4 states in spread 34
Analyzing 34 states in spread 35
Analyzing 388 states in spread 36
Analyzing 4350 states in spread 37
Analyzing 20000 states in spread 38
Analyzing 20000 states in spread 39
Analyzing 20000 states in spread 40
Analyzing 20000 states in spread 41
Analyzing 20000 states in spread 42
Analyzing 20000 states in spread 43
Analyzing 20000 states in spread 44
Analyzing 20000 states in spread 45
Finished step 175, minimal spread 34, max spread 46, got 3 drops
Total number of curves 182974
Starting step 176
Analyzing 4 states in spread 34
Analyzing 41 states in spread 35
Analyzing 264 states in spread 36
Analyzing 2665 states in spread 37
Analyzing 20000 states in spread 38
Analyzing 20000 states in spread 39
Analyzing 20000 states in spread 40
Analyzing 20000 states in spread 41
Analyzing 20000 states in spread 42
Analyzing 20000 states in spread 43
Analyzing 20000 states in spread 44
Analyzing 20000 states in spread 45
Finished step 176, minimal spread 34, max spread 46, got 3 drops
Total number of curves 176673
Starting step 177
Analyzing 2 states in spread 34
Analyzing 46 states in spread 35
Analyzing 279 states in spread 36
Analyzing 1799 states in spread 37
Analyzing 14547 states in spread 38
Analyzing 20000 states in spread 39
Analyzing 20000 states in spread 40
Analyzing 20000 states in spread 41
Analyzing 20000 states in spread 42
Analyzing 20000 states in spread 43
Analyzing 20000 states in spread 44
Analyzing 20000 states in spread 45
Finished step 177, minimal spread 34, max spread 46, got 1 drops
Total number of curves 172358
Starting step 178
Analyzing 1 states in spread 34
Analyzing 26 states in spread 35
Analyzing 314 states in spread 36
Analyzing 1720 states in spread 37
Analyzing 10297 states in spread 38
Analyzing 20000 states in spread 39
Analyzing 20000 states in spread 40
Analyzing 20000 states in spread 41
Analyzing 20000 states in spread 42
Analyzing 20000 states in spread 43
Analyzing 20000 states in spread 44
Analyzing 20000 states in spread 45
Finished step 178, minimal spread 34, max spread 46, got 1 drops
Total number of curves 171739
Starting step 179
Analyzing 1 states in spread 34
Analyzing 10 states in spread 35
Analyzing 205 states in spread 36
Analyzing 1859 states in spread 37
Analyzing 9664 states in spread 38
Analyzing 20000 states in spread 39
Analyzing 20000 states in spread 40
Analyzing 20000 states in spread 41
Analyzing 20000 states in spread 42
Analyzing 20000 states in spread 43
Analyzing 20000 states in spread 44
Analyzing 20000 states in spread 45
Finished step 179, minimal spread 34, max spread 46, got 1 drops
Total number of curves 171575
Starting step 180
Analyzing 1 states in spread 34
Analyzing 10 states in spread 35
Analyzing 92 states in spread 36
Analyzing 1315 states in spread 37
Analyzing 10157 states in spread 38
Analyzing 20000 states in spread 39
Analyzing 20000 states in spread 40
Analyzing 20000 states in spread 41
Analyzing 20000 states in spread 42
Analyzing 20000 states in spread 43
Analyzing 20000 states in spread 44
Analyzing 20000 states in spread 45
Finished step 180, minimal spread 35, max spread 46, got 2 drops
Total number of curves 168356
Starting step 181
Analyzing 10 states in spread 35
Analyzing 77 states in spread 36
Analyzing 714 states in spread 37
Analyzing 7555 states in spread 38
Analyzing 20000 states in spread 39
Analyzing 20000 states in spread 40
Analyzing 20000 states in spread 41
Analyzing 20000 states in spread 42
Analyzing 20000 states in spread 43
Analyzing 20000 states in spread 44
Analyzing 20000 states in spread 45
Analyzing 20000 states in spread 46
Finished step 181, minimal spread 35, max spread 47, got 0 drops
Total number of curves 185254
Starting step 182
Analyzing 2 states in spread 35
Analyzing 69 states in spread 36
Analyzing 536 states in spread 37
Analyzing 4647 states in spread 38
Analyzing 20000 states in spread 39
Analyzing 20000 states in spread 40
Analyzing 20000 states in spread 41
Analyzing 20000 states in spread 42
Analyzing 20000 states in spread 43
Analyzing 20000 states in spread 44
Analyzing 20000 states in spread 45
Analyzing 20000 states in spread 46
Finished step 182, minimal spread 35, max spread 47, got 0 drops
Total number of curves 183852
Starting step 183
Analyzing 2 states in spread 35
Analyzing 23 states in spread 36
Analyzing 433 states in spread 37
Analyzing 3394 states in spread 38
Analyzing 20000 states in spread 39
Analyzing 20000 states in spread 40
Analyzing 20000 states in spread 41
Analyzing 20000 states in spread 42
Analyzing 20000 states in spread 43
Analyzing 20000 states in spread 44
Analyzing 20000 states in spread 45
Analyzing 20000 states in spread 46
Finished step 183, minimal spread 35, max spread 47, got 2 drops
Total number of curves 180601
Starting step 184
Analyzing 2 states in spread 35
Analyzing 19 states in spread 36
Analyzing 188 states in spread 37
Analyzing 2597 states in spread 38
Analyzing 17795 states in spread 39
Analyzing 20000 states in spread 40
Analyzing 20000 states in spread 41
Analyzing 20000 states in spread 42
Analyzing 20000 states in spread 43
Analyzing 20000 states in spread 44
Analyzing 20000 states in spread 45
Analyzing 20000 states in spread 46
Finished step 184, minimal spread 35, max spread 47, got 3 drops
Total number of curves 175438
Starting step 185
Analyzing 1 states in spread 35
Analyzing 20 states in spread 36
Analyzing 149 states in spread 37
Analyzing 1307 states in spread 38
Analyzing 13961 states in spread 39
Analyzing 20000 states in spread 40
Analyzing 20000 states in spread 41
Analyzing 20000 states in spread 42
Analyzing 20000 states in spread 43
Analyzing 20000 states in spread 44
Analyzing 20000 states in spread 45
Analyzing 20000 states in spread 46
Finished step 185, minimal spread 36, max spread 47, got 4 drops
Total number of curves 168882
Starting step 186
Analyzing 10 states in spread 36
Analyzing 145 states in spread 37
Analyzing 995 states in spread 38
Analyzing 7732 states in spread 39
Analyzing 20000 states in spread 40
Analyzing 20000 states in spread 41
Analyzing 20000 states in spread 42
Analyzing 20000 states in spread 43
Analyzing 20000 states in spread 44
Analyzing 20000 states in spread 45
Analyzing 20000 states in spread 46
Analyzing 20000 states in spread 47
Finished step 186, minimal spread 36, max spread 48, got 3 drops
Total number of curves 186854
Starting step 187
Analyzing 1 states in spread 36
Analyzing 70 states in spread 37
Analyzing 910 states in spread 38
Analyzing 5873 states in spread 39
Analyzing 20000 states in spread 40
Analyzing 20000 states in spread 41
Analyzing 20000 states in spread 42
Analyzing 20000 states in spread 43
Analyzing 20000 states in spread 44
Analyzing 20000 states in spread 45
Analyzing 20000 states in spread 46
Analyzing 20000 states in spread 47
Finished step 187, minimal spread 36, max spread 48, got 2 drops
Total number of curves 185791
Starting step 188
Analyzing 1 states in spread 36
Analyzing 12 states in spread 37
Analyzing 459 states in spread 38
Analyzing 5319 states in spread 39
Analyzing 20000 states in spread 40
Analyzing 20000 states in spread 41
Analyzing 20000 states in spread 42
Analyzing 20000 states in spread 43
Analyzing 20000 states in spread 44
Analyzing 20000 states in spread 45
Analyzing 20000 states in spread 46
Analyzing 20000 states in spread 47
Finished step 188, minimal spread 36, max spread 48, got 1 drops
Total number of curves 183009
Starting step 189
Analyzing 1 states in spread 36
Analyzing 8 states in spread 37
Analyzing 119 states in spread 38
Analyzing 2881 states in spread 39
Analyzing 20000 states in spread 40
Analyzing 20000 states in spread 41
Analyzing 20000 states in spread 42
Analyzing 20000 states in spread 43
Analyzing 20000 states in spread 44
Analyzing 20000 states in spread 45
Analyzing 20000 states in spread 46
Analyzing 20000 states in spread 47
Finished step 189, minimal spread 37, max spread 48, got 2 drops
Total number of curves 176168
Starting step 190
Analyzing 11 states in spread 37
Analyzing 64 states in spread 38
Analyzing 1017 states in spread 39
Analyzing 15076 states in spread 40
Analyzing 20000 states in spread 41
Analyzing 20000 states in spread 42
Analyzing 20000 states in spread 43
Analyzing 20000 states in spread 44
Analyzing 20000 states in spread 45
Analyzing 20000 states in spread 46
Analyzing 20000 states in spread 47
Finished step 190, minimal spread 37, max spread 48, got 2 drops
Total number of curves 166917
Starting step 191
Analyzing 2 states in spread 37
Analyzing 78 states in spread 38
Analyzing 528 states in spread 39
Analyzing 6309 states in spread 40
Analyzing 20000 states in spread 41
Analyzing 20000 states in spread 42
Analyzing 20000 states in spread 43
Analyzing 20000 states in spread 44
Analyzing 20000 states in spread 45
Analyzing 20000 states in spread 46
Analyzing 20000 states in spread 47
Analyzing 20000 states in spread 48
Finished step 191, minimal spread 38, max spread 49, got 0 drops
Total number of curves 184014
Starting step 192
Analyzing 22 states in spread 38
Analyzing 514 states in spread 39
Analyzing 3478 states in spread 40
Analyzing 20000 states in spread 41
Analyzing 20000 states in spread 42
Analyzing 20000 states in spread 43
Analyzing 20000 states in spread 44
Analyzing 20000 states in spread 45
Analyzing 20000 states in spread 46
Analyzing 20000 states in spread 47
Analyzing 20000 states in spread 48
Finished step 192, minimal spread 38, max spread 49, got 1 drops
Total number of curves 181539
Starting step 193
Analyzing 6 states in spread 38
Analyzing 195 states in spread 39
Analyzing 3079 states in spread 40
Analyzing 18259 states in spread 41
Analyzing 20000 states in spread 42
Analyzing 20000 states in spread 43
Analyzing 20000 states in spread 44
Analyzing 20000 states in spread 45
Analyzing 20000 states in spread 46
Analyzing 20000 states in spread 47
Analyzing 20000 states in spread 48
Finished step 193, minimal spread 38, max spread 49, got 0 drops
Total number of curves 178052
Starting step 194
Analyzing 2 states in spread 38
Analyzing 76 states in spread 39
Analyzing 1451 states in spread 40
Analyzing 16523 states in spread 41
Analyzing 20000 states in spread 42
Analyzing 20000 states in spread 43
Analyzing 20000 states in spread 44
Analyzing 20000 states in spread 45
Analyzing 20000 states in spread 46
Analyzing 20000 states in spread 47
Analyzing 20000 states in spread 48
Finished step 194, minimal spread 38, max spread 49, got 1 drops
Total number of curves 169568
Starting step 195
Analyzing 1 states in spread 38
Analyzing 45 states in spread 39
Analyzing 647 states in spread 40
Analyzing 8875 states in spread 41
Analyzing 20000 states in spread 42
Analyzing 20000 states in spread 43
Analyzing 20000 states in spread 44
Analyzing 20000 states in spread 45
Analyzing 20000 states in spread 46
Analyzing 20000 states in spread 47
Analyzing 20000 states in spread 48
Analyzing 20000 states in spread 49
Finished step 195, minimal spread 38, max spread 50, got 1 drops
Total number of curves 184760
Starting step 196
Analyzing 1 states in spread 38
Analyzing 22 states in spread 39
Analyzing 455 states in spread 40
Analyzing 4282 states in spread 41
Analyzing 20000 states in spread 42
Analyzing 20000 states in spread 43
Analyzing 20000 states in spread 44
Analyzing 20000 states in spread 45
Analyzing 20000 states in spread 46
Analyzing 20000 states in spread 47
Analyzing 20000 states in spread 48
Analyzing 20000 states in spread 49
Finished step 196, minimal spread 39, max spread 50, got 1 drops
Total number of curves 183454
Starting step 197
Analyzing 16 states in spread 39
Analyzing 222 states in spread 40
Analyzing 3216 states in spread 41
Analyzing 20000 states in spread 42
Analyzing 20000 states in spread 43
Analyzing 20000 states in spread 44
Analyzing 20000 states in spread 45
Analyzing 20000 states in spread 46
Analyzing 20000 states in spread 47
Analyzing 20000 states in spread 48
Analyzing 20000 states in spread 49
Finished step 197, minimal spread 39, max spread 50, got 1 drops
Total number of curves 179412
Starting step 198
Analyzing 5 states in spread 39
Analyzing 146 states in spread 40
Analyzing 1668 states in spread 41
Analyzing 17593 states in spread 42
Analyzing 20000 states in spread 43
Analyzing 20000 states in spread 44
Analyzing 20000 states in spread 45
Analyzing 20000 states in spread 46
Analyzing 20000 states in spread 47
Analyzing 20000 states in spread 48
Analyzing 20000 states in spread 49
Finished step 198, minimal spread 38, max spread 50, got 1 drops
Total number of curves 171028
Starting step 199
Analyzing 1 states in spread 38
Analyzing 5 states in spread 39
Analyzing 57 states in spread 40
Analyzing 1071 states in spread 41
Analyzing 9894 states in spread 42
Analyzing 20000 states in spread 43
Analyzing 20000 states in spread 44
Analyzing 20000 states in spread 45
Analyzing 20000 states in spread 46
Analyzing 20000 states in spread 47
Analyzing 20000 states in spread 48
Analyzing 20000 states in spread 49
Finished step 199, minimal spread 39, max spread 50, got 0 drops
Total number of curves 167214
Starting step 200
Analyzing 9 states in spread 39
Analyzing 46 states in spread 40
Analyzing 513 states in spread 41
Analyzing 6646 states in spread 42
Analyzing 20000 states in spread 43
Analyzing 20000 states in spread 44
Analyzing 20000 states in spread 45
Analyzing 20000 states in spread 46
Analyzing 20000 states in spread 47
Analyzing 20000 states in spread 48
Analyzing 20000 states in spread 49
Analyzing 20000 states in spread 50
Finished step 200, minimal spread 40, max spread 51, got 1 drops
Total number of curves 184028
Starting step 201
Analyzing 59 states in spread 40
Analyzing 375 states in spread 41
Analyzing 3594 states in spread 42
Analyzing 20000 states in spread 43
Analyzing 20000 states in spread 44
Analyzing 20000 states in spread 45
Analyzing 20000 states in spread 46
Analyzing 20000 states in spread 47
Analyzing 20000 states in spread 48
Analyzing 20000 states in spread 49
Analyzing 20000 states in spread 50
Finished step 201, minimal spread 40, max spread 51, got 3 drops
Total number of curves 182093
Starting step 202
Analyzing 2 states in spread 40
Analyzing 388 states in spread 41
Analyzing 2599 states in spread 42
Analyzing 19104 states in spread 43
Analyzing 20000 states in spread 44
Analyzing 20000 states in spread 45
Analyzing 20000 states in spread 46
Analyzing 20000 states in spread 47
Analyzing 20000 states in spread 48
Analyzing 20000 states in spread 49
Analyzing 20000 states in spread 50
Finished step 202, minimal spread 40, max spread 51, got 1 drops
Total number of curves 177078
Starting step 203
Analyzing 1 states in spread 40
Analyzing 49 states in spread 41
Analyzing 2402 states in spread 42
Analyzing 14626 states in spread 43
Analyzing 20000 states in spread 44
Analyzing 20000 states in spread 45
Analyzing 20000 states in spread 46
Analyzing 20000 states in spread 47
Analyzing 20000 states in spread 48
Analyzing 20000 states in spread 49
Analyzing 20000 states in spread 50
Finished step 203, minimal spread 41, max spread 51, got 2 drops
Total number of curves 173913
Starting step 204
Analyzing 34 states in spread 41
Analyzing 485 states in spread 42
Analyzing 13394 states in spread 43
Analyzing 20000 states in spread 44
Analyzing 20000 states in spread 45
Analyzing 20000 states in spread 46
Analyzing 20000 states in spread 47
Analyzing 20000 states in spread 48
Analyzing 20000 states in spread 49
Analyzing 20000 states in spread 50
Finished step 204, minimal spread 41, max spread 51, got 1 drops
Total number of curves 163824
Starting step 205
Analyzing 16 states in spread 41
Analyzing 344 states in spread 42
Analyzing 3464 states in spread 43
Analyzing 20000 states in spread 44
Analyzing 20000 states in spread 45
Analyzing 20000 states in spread 46
Analyzing 20000 states in spread 47
Analyzing 20000 states in spread 48
Analyzing 20000 states in spread 49
Analyzing 20000 states in spread 50
Analyzing 20000 states in spread 51
Finished step 205, minimal spread 41, max spread 52, got 2 drops
Total number of curves 180500
Starting step 206
Analyzing 8 states in spread 41
Analyzing 183 states in spread 42
Analyzing 2480 states in spread 43
Analyzing 17829 states in spread 44
Analyzing 20000 states in spread 45
Analyzing 20000 states in spread 46
Analyzing 20000 states in spread 47
Analyzing 20000 states in spread 48
Analyzing 20000 states in spread 49
Analyzing 20000 states in spread 50
Analyzing 20000 states in spread 51
Finished step 206, minimal spread 41, max spread 52, got 4 drops
Total number of curves 175359
Starting step 207
Analyzing 7 states in spread 41
Analyzing 102 states in spread 42
Analyzing 1435 states in spread 43
Analyzing 13815 states in spread 44
Analyzing 20000 states in spread 45
Analyzing 20000 states in spread 46
Analyzing 20000 states in spread 47
Analyzing 20000 states in spread 48
Analyzing 20000 states in spread 49
Analyzing 20000 states in spread 50
Analyzing 20000 states in spread 51
Finished step 207, minimal spread 41, max spread 52, got 5 drops
Total number of curves 169696
Starting step 208
Analyzing 6 states in spread 41
Analyzing 77 states in spread 42
Analyzing 842 states in spread 43
Analyzing 8771 states in spread 44
Analyzing 20000 states in spread 45
Analyzing 20000 states in spread 46
Analyzing 20000 states in spread 47
Analyzing 20000 states in spread 48
Analyzing 20000 states in spread 49
Analyzing 20000 states in spread 50
Analyzing 20000 states in spread 51
Analyzing 20000 states in spread 52
Finished step 208, minimal spread 41, max spread 53, got 2 drops
Total number of curves 186124
Starting step 209
Analyzing 4 states in spread 41
Analyzing 73 states in spread 42
Analyzing 590 states in spread 43
Analyzing 5457 states in spread 44
Analyzing 20000 states in spread 45
Analyzing 20000 states in spread 46
Analyzing 20000 states in spread 47
Analyzing 20000 states in spread 48
Analyzing 20000 states in spread 49
Analyzing 20000 states in spread 50
Analyzing 20000 states in spread 51
Analyzing 20000 states in spread 52
Finished step 209, minimal spread 41, max spread 53, got 1 drops
Total number of curves 184419
Starting step 210
Analyzing 2 states in spread 41
Analyzing 49 states in spread 42
Analyzing 554 states in spread 43
Analyzing 3814 states in spread 44
Analyzing 20000 states in spread 45
Analyzing 20000 states in spread 46
Analyzing 20000 states in spread 47
Analyzing 20000 states in spread 48
Analyzing 20000 states in spread 49
Analyzing 20000 states in spread 50
Analyzing 20000 states in spread 51
Analyzing 20000 states in spread 52
Finished step 210, minimal spread 41, max spread 53, got 3 drops
Total number of curves 183914
Starting step 211
Analyzing 2 states in spread 41
Analyzing 21 states in spread 42
Analyzing 381 states in spread 43
Analyzing 3510 states in spread 44
Analyzing 20000 states in spread 45
Analyzing 20000 states in spread 46
Analyzing 20000 states in spread 47
Analyzing 20000 states in spread 48
Analyzing 20000 states in spread 49
Analyzing 20000 states in spread 50
Analyzing 20000 states in spread 51
Analyzing 20000 states in spread 52
Finished step 211, minimal spread 41, max spread 53, got 3 drops
Total number of curves 181757
Starting step 212
Analyzing 3 states in spread 41
Analyzing 21 states in spread 42
Analyzing 173 states in spread 43
Analyzing 2465 states in spread 44
Analyzing 19095 states in spread 45
Analyzing 20000 states in spread 46
Analyzing 20000 states in spread 47
Analyzing 20000 states in spread 48
Analyzing 20000 states in spread 49
Analyzing 20000 states in spread 50
Analyzing 20000 states in spread 51
Analyzing 20000 states in spread 52
Finished step 212, minimal spread 41, max spread 53, got 5 drops
Total number of curves 175508
Starting step 213
Analyzing 2 states in spread 41
Analyzing 25 states in spread 42
Analyzing 164 states in spread 43
Analyzing 1246 states in spread 44
Analyzing 14071 states in spread 45
Analyzing 20000 states in spread 46
Analyzing 20000 states in spread 47
Analyzing 20000 states in spread 48
Analyzing 20000 states in spread 49
Analyzing 20000 states in spread 50
Analyzing 20000 states in spread 51
Analyzing 20000 states in spread 52
Finished step 213, minimal spread 42, max spread 53, got 4 drops
Total number of curves 169036
Starting step 214
Analyzing 19 states in spread 42
Analyzing 169 states in spread 43
Analyzing 1134 states in spread 44
Analyzing 7714 states in spread 45
Analyzing 20000 states in spread 46
Analyzing 20000 states in spread 47
Analyzing 20000 states in spread 48
Analyzing 20000 states in spread 49
Analyzing 20000 states in spread 50
Analyzing 20000 states in spread 51
Analyzing 20000 states in spread 52
Analyzing 20000 states in spread 53
Finished step 214, minimal spread 42, max spread 54, got 3 drops
Total number of curves 188086
Starting step 215
Analyzing 3 states in spread 42
Analyzing 139 states in spread 43
Analyzing 1064 states in spread 44
Analyzing 6880 states in spread 45
Analyzing 20000 states in spread 46
Analyzing 20000 states in spread 47
Analyzing 20000 states in spread 48
Analyzing 20000 states in spread 49
Analyzing 20000 states in spread 50
Analyzing 20000 states in spread 51
Analyzing 20000 states in spread 52
Analyzing 20000 states in spread 53
Finished step 215, minimal spread 42, max spread 54, got 5 drops
Total number of curves 187135
Starting step 216
Analyzing 2 states in spread 42
Analyzing 42 states in spread 43
Analyzing 856 states in spread 44
Analyzing 6235 states in spread 45
Analyzing 20000 states in spread 46
Analyzing 20000 states in spread 47
Analyzing 20000 states in spread 48
Analyzing 20000 states in spread 49
Analyzing 20000 states in spread 50
Analyzing 20000 states in spread 51
Analyzing 20000 states in spread 52
Analyzing 20000 states in spread 53
Finished step 216, minimal spread 42, max spread 54, got 4 drops
Total number of curves 185240
Starting step 217
Analyzing 1 states in spread 42
Analyzing 26 states in spread 43
Analyzing 330 states in spread 44
Analyzing 4883 states in spread 45
Analyzing 20000 states in spread 46
Analyzing 20000 states in spread 47
Analyzing 20000 states in spread 48
Analyzing 20000 states in spread 49
Analyzing 20000 states in spread 50
Analyzing 20000 states in spread 51
Analyzing 20000 states in spread 52
Analyzing 20000 states in spread 53
Finished step 217, minimal spread 42, max spread 54, got 5 drops
Total number of curves 182377
Starting step 218
Analyzing 1 states in spread 42
Analyzing 13 states in spread 43
Analyzing 212 states in spread 44
Analyzing 2151 states in spread 45
Analyzing 20000 states in spread 46
Analyzing 20000 states in spread 47
Analyzing 20000 states in spread 48
Analyzing 20000 states in spread 49
Analyzing 20000 states in spread 50
Analyzing 20000 states in spread 51
Analyzing 20000 states in spread 52
Analyzing 20000 states in spread 53
Finished step 218, minimal spread 43, max spread 54, got 1 drops
Total number of curves 173291
Starting step 219
Analyzing 11 states in spread 43
Analyzing 120 states in spread 44
Analyzing 1416 states in spread 45
Analyzing 11744 states in spread 46
Analyzing 20000 states in spread 47
Analyzing 20000 states in spread 48
Analyzing 20000 states in spread 49
Analyzing 20000 states in spread 50
Analyzing 20000 states in spread 51
Analyzing 20000 states in spread 52
Analyzing 20000 states in spread 53
Finished step 219, minimal spread 43, max spread 54, got 4 drops
Total number of curves 169097
Starting step 220
Analyzing 4 states in spread 43
Analyzing 89 states in spread 44
Analyzing 897 states in spread 45
Analyzing 8107 states in spread 46
Analyzing 20000 states in spread 47
Analyzing 20000 states in spread 48
Analyzing 20000 states in spread 49
Analyzing 20000 states in spread 50
Analyzing 20000 states in spread 51
Analyzing 20000 states in spread 52
Analyzing 20000 states in spread 53
Analyzing 20000 states in spread 54
Finished step 220, minimal spread 43, max spread 55, got 2 drops
Total number of curves 186259
Starting step 221
Analyzing 3 states in spread 43
Analyzing 46 states in spread 44
Analyzing 610 states in spread 45
Analyzing 5600 states in spread 46
Analyzing 20000 states in spread 47
Analyzing 20000 states in spread 48
Analyzing 20000 states in spread 49
Analyzing 20000 states in spread 50
Analyzing 20000 states in spread 51
Analyzing 20000 states in spread 52
Analyzing 20000 states in spread 53
Analyzing 20000 states in spread 54
Finished step 221, minimal spread 43, max spread 55, got 0 drops
Total number of curves 184097
Starting step 222
Analyzing 2 states in spread 43
Analyzing 30 states in spread 44
Analyzing 361 states in spread 45
Analyzing 3704 states in spread 46
Analyzing 20000 states in spread 47
Analyzing 20000 states in spread 48
Analyzing 20000 states in spread 49
Analyzing 20000 states in spread 50
Analyzing 20000 states in spread 51
Analyzing 20000 states in spread 52
Analyzing 20000 states in spread 53
Analyzing 20000 states in spread 54
Finished step 222, minimal spread 43, max spread 55, got 0 drops
Total number of curves 181623
Starting step 223
Analyzing 1 states in spread 43
Analyzing 21 states in spread 44
Analyzing 226 states in spread 45
Analyzing 2365 states in spread 46
Analyzing 19010 states in spread 47
Analyzing 20000 states in spread 48
Analyzing 20000 states in spread 49
Analyzing 20000 states in spread 50
Analyzing 20000 states in spread 51
Analyzing 20000 states in spread 52
Analyzing 20000 states in spread 53
Analyzing 20000 states in spread 54
Finished step 223, minimal spread 43, max spread 55, got 2 drops
Total number of curves 174792
Starting step 224
Analyzing 1 states in spread 43
Analyzing 10 states in spread 44
Analyzing 170 states in spread 45
Analyzing 1509 states in spread 46
Analyzing 13102 states in spread 47
Analyzing 20000 states in spread 48
Analyzing 20000 states in spread 49
Analyzing 20000 states in spread 50
Analyzing 20000 states in spread 51
Analyzing 20000 states in spread 52
Analyzing 20000 states in spread 53
Analyzing 20000 states in spread 54
Finished step 224, minimal spread 44, max spread 55, got 3 drops
Total number of curves 170053
Starting step 225
Analyzing 9 states in spread 44
Analyzing 87 states in spread 45
Analyzing 1169 states in spread 46
Analyzing 8788 states in spread 47
Analyzing 20000 states in spread 48
Analyzing 20000 states in spread 49
Analyzing 20000 states in spread 50
Analyzing 20000 states in spread 51
Analyzing 20000 states in spread 52
Analyzing 20000 states in spread 53
Analyzing 20000 states in spread 54
Finished step 225, minimal spread 44, max spread 55, got 1 drops
Total number of curves 167737
Starting step 226
Analyzing 1 states in spread 44
Analyzing 69 states in spread 45
Analyzing 652 states in spread 46
Analyzing 7015 states in spread 47
Analyzing 20000 states in spread 48
Analyzing 20000 states in spread 49
Analyzing 20000 states in spread 50
Analyzing 20000 states in spread 51
Analyzing 20000 states in spread 52
Analyzing 20000 states in spread 53
Analyzing 20000 states in spread 54
Analyzing 20000 states in spread 55
Finished step 226, minimal spread 45, max spread 56, got 1 drops
Total number of curves 184713
Starting step 227
Analyzing 25 states in spread 45
Analyzing 479 states in spread 46
Analyzing 4209 states in spread 47
Analyzing 20000 states in spread 48
Analyzing 20000 states in spread 49
Analyzing 20000 states in spread 50
Analyzing 20000 states in spread 51
Analyzing 20000 states in spread 52
Analyzing 20000 states in spread 53
Analyzing 20000 states in spread 54
Analyzing 20000 states in spread 55
Finished step 227, minimal spread 45, max spread 56, got 0 drops
Total number of curves 183271
Starting step 228
Analyzing 14 states in spread 45
Analyzing 244 states in spread 46
Analyzing 3013 states in spread 47
Analyzing 20000 states in spread 48
Analyzing 20000 states in spread 49
Analyzing 20000 states in spread 50
Analyzing 20000 states in spread 51
Analyzing 20000 states in spread 52
Analyzing 20000 states in spread 53
Analyzing 20000 states in spread 54
Analyzing 20000 states in spread 55
Finished step 228, minimal spread 45, max spread 56, got 0 drops
Total number of curves 177878
Starting step 229
Analyzing 13 states in spread 45
Analyzing 171 states in spread 46
Analyzing 1791 states in spread 47
Analyzing 15903 states in spread 48
Analyzing 20000 states in spread 49
Analyzing 20000 states in spread 50
Analyzing 20000 states in spread 51
Analyzing 20000 states in spread 52
Analyzing 20000 states in spread 53
Analyzing 20000 states in spread 54
Analyzing 20000 states in spread 55
Finished step 229, minimal spread 45, max spread 56, got 0 drops
Total number of curves 171834
Starting step 230
Analyzing 2 states in spread 45
Analyzing 154 states in spread 46
Analyzing 1302 states in spread 47
Analyzing 10376 states in spread 48
Analyzing 20000 states in spread 49
Analyzing 20000 states in spread 50
Analyzing 20000 states in spread 51
Analyzing 20000 states in spread 52
Analyzing 20000 states in spread 53
Analyzing 20000 states in spread 54
Analyzing 20000 states in spread 55
Finished step 230, minimal spread 46, max spread 56, got 0 drops
Total number of curves 169023
Starting step 231
Analyzing 42 states in spread 46
Analyzing 1120 states in spread 47
Analyzing 7861 states in spread 48
Analyzing 20000 states in spread 49
Analyzing 20000 states in spread 50
Analyzing 20000 states in spread 51
Analyzing 20000 states in spread 52
Analyzing 20000 states in spread 53
Analyzing 20000 states in spread 54
Analyzing 20000 states in spread 55
Analyzing 20000 states in spread 56
Finished step 231, minimal spread 45, max spread 57, got 2 drops
Total number of curves 187074
Starting step 232
Analyzing 1 states in spread 45
Analyzing 13 states in spread 46
Analyzing 381 states in spread 47
Analyzing 6679 states in spread 48
Analyzing 20000 states in spread 49
Analyzing 20000 states in spread 50
Analyzing 20000 states in spread 51
Analyzing 20000 states in spread 52
Analyzing 20000 states in spread 53
Analyzing 20000 states in spread 54
Analyzing 20000 states in spread 55
Analyzing 20000 states in spread 56
Finished step 232, minimal spread 45, max spread 57, got 1 drops
Total number of curves 182839
Starting step 233
Analyzing 1 states in spread 45
Analyzing 16 states in spread 46
Analyzing 161 states in spread 47
Analyzing 2661 states in spread 48
Analyzing 20000 states in spread 49
Analyzing 20000 states in spread 50
Analyzing 20000 states in spread 51
Analyzing 20000 states in spread 52
Analyzing 20000 states in spread 53
Analyzing 20000 states in spread 54
Analyzing 20000 states in spread 55
Analyzing 20000 states in spread 56
Finished step 233, minimal spread 46, max spread 57, got 5 drops
Total number of curves 175577
Starting step 234
Analyzing 12 states in spread 46
Analyzing 146 states in spread 47
Analyzing 1344 states in spread 48
Analyzing 14075 states in spread 49
Analyzing 20000 states in spread 50
Analyzing 20000 states in spread 51
Analyzing 20000 states in spread 52
Analyzing 20000 states in spread 53
Analyzing 20000 states in spread 54
Analyzing 20000 states in spread 55
Analyzing 20000 states in spread 56
Finished step 234, minimal spread 46, max spread 57, got 2 drops
Total number of curves 169257
Starting step 235
Analyzing 4 states in spread 46
Analyzing 97 states in spread 47
Analyzing 1064 states in spread 48
Analyzing 8092 states in spread 49
Analyzing 20000 states in spread 50
Analyzing 20000 states in spread 51
Analyzing 20000 states in spread 52
Analyzing 20000 states in spread 53
Analyzing 20000 states in spread 54
Analyzing 20000 states in spread 55
Analyzing 20000 states in spread 56
Analyzing 20000 states in spread 57
Finished step 235, minimal spread 46, max spread 58, got 2 drops
Total number of curves 187090
Starting step 236
Analyzing 1 states in spread 46
Analyzing 42 states in spread 47
Analyzing 694 states in spread 48
Analyzing 6353 states in spread 49
Analyzing 20000 states in spread 50
Analyzing 20000 states in spread 51
Analyzing 20000 states in spread 52
Analyzing 20000 states in spread 53
Analyzing 20000 states in spread 54
Analyzing 20000 states in spread 55
Analyzing 20000 states in spread 56
Analyzing 20000 states in spread 57
Finished step 236, minimal spread 46, max spread 58, got 3 drops
Total number of curves 184617
Starting step 237
Analyzing 1 states in spread 46
Analyzing 16 states in spread 47
Analyzing 343 states in spread 48
Analyzing 4257 states in spread 49
Analyzing 20000 states in spread 50
Analyzing 20000 states in spread 51
Analyzing 20000 states in spread 52
Analyzing 20000 states in spread 53
Analyzing 20000 states in spread 54
Analyzing 20000 states in spread 55
Analyzing 20000 states in spread 56
Analyzing 20000 states in spread 57
Finished step 237, minimal spread 46, max spread 58, got 3 drops
Total number of curves 182497
Starting step 238
Analyzing 1 states in spread 46
Analyzing 12 states in spread 47
Analyzing 161 states in spread 48
Analyzing 2323 states in spread 49
Analyzing 20000 states in spread 50
Analyzing 20000 states in spread 51
Analyzing 20000 states in spread 52
Analyzing 20000 states in spread 53
Analyzing 20000 states in spread 54
Analyzing 20000 states in spread 55
Analyzing 20000 states in spread 56
Analyzing 20000 states in spread 57
Finished step 238, minimal spread 46, max spread 58, got 0 drops
Total number of curves 174268
Starting step 239
Analyzing 1 states in spread 46
Analyzing 7 states in spread 47
Analyzing 101 states in spread 48
Analyzing 1245 states in spread 49
Analyzing 12914 states in spread 50
Analyzing 20000 states in spread 51
Analyzing 20000 states in spread 52
Analyzing 20000 states in spread 53
Analyzing 20000 states in spread 54
Analyzing 20000 states in spread 55
Analyzing 20000 states in spread 56
Analyzing 20000 states in spread 57
Finished step 239, minimal spread 47, max spread 58, got 0 drops
Total number of curves 168417
Starting step 240
Analyzing 9 states in spread 47
Analyzing 54 states in spread 48
Analyzing 744 states in spread 49
Analyzing 7610 states in spread 50
Analyzing 20000 states in spread 51
Analyzing 20000 states in spread 52
Analyzing 20000 states in spread 53
Analyzing 20000 states in spread 54
Analyzing 20000 states in spread 55
Analyzing 20000 states in spread 56
Analyzing 20000 states in spread 57
Analyzing 20000 states in spread 58
Finished step 240, minimal spread 47, max spread 59, got 0 drops
Total number of curves 185152
Starting step 241
Analyzing 1 states in spread 47
Analyzing 57 states in spread 48
Analyzing 422 states in spread 49
Analyzing 4672 states in spread 50
Analyzing 20000 states in spread 51
Analyzing 20000 states in spread 52
Analyzing 20000 states in spread 53
Analyzing 20000 states in spread 54
Analyzing 20000 states in spread 55
Analyzing 20000 states in spread 56
Analyzing 20000 states in spread 57
Analyzing 20000 states in spread 58
Finished step 241, minimal spread 47, max spread 59, got 0 drops
Total number of curves 183220
Starting step 242
Analyzing 1 states in spread 47
Analyzing 15 states in spread 48
Analyzing 368 states in spread 49
Analyzing 2836 states in spread 50
Analyzing 20000 states in spread 51
Analyzing 20000 states in spread 52
Analyzing 20000 states in spread 53
Analyzing 20000 states in spread 54
Analyzing 20000 states in spread 55
Analyzing 20000 states in spread 56
Analyzing 20000 states in spread 57
Analyzing 20000 states in spread 58
Finished step 242, minimal spread 48, max spread 59, got 1 drops
Total number of curves 177677
Starting step 243
Analyzing 11 states in spread 48
Analyzing 148 states in spread 49
Analyzing 2280 states in spread 50
Analyzing 15238 states in spread 51
Analyzing 20000 states in spread 52
Analyzing 20000 states in spread 53
Analyzing 20000 states in spread 54
Analyzing 20000 states in spread 55
Analyzing 20000 states in spread 56
Analyzing 20000 states in spread 57
Analyzing 20000 states in spread 58
Finished step 243, minimal spread 48, max spread 58, got 1 drops
Total number of curves 153795
Starting step 244
Analyzing 3 states in spread 48
Analyzing 87 states in spread 49
Analyzing 1136 states in spread 50
Analyzing 12569 states in spread 51
Analyzing 20000 states in spread 52
Analyzing 20000 states in spread 53
Analyzing 20000 states in spread 54
Analyzing 20000 states in spread 55
Analyzing 20000 states in spread 56
Analyzing 20000 states in spread 57
Analyzing 20000 states in spread 58
Finished step 244, minimal spread 48, max spread 57, got 0 drops
Total number of curves 127719
Starting step 245
Analyzing 2 states in spread 48
Analyzing 37 states in spread 49
Analyzing 623 states in spread 50
Analyzing 7057 states in spread 51
Analyzing 20000 states in spread 52
Analyzing 20000 states in spread 53
Analyzing 20000 states in spread 54
Analyzing 20000 states in spread 55
Analyzing 20000 states in spread 56
Analyzing 20000 states in spread 57
Finished step 245, minimal spread 48, max spread 56, got 2 drops
Total number of curves 104280
Starting step 246
Analyzing 2 states in spread 48
Analyzing 31 states in spread 49
Analyzing 306 states in spread 50
Analyzing 3941 states in spread 51
Analyzing 20000 states in spread 52
Analyzing 20000 states in spread 53
Analyzing 20000 states in spread 54
Analyzing 20000 states in spread 55
Analyzing 20000 states in spread 56
Finished step 246, minimal spread 48, max spread 55, got 0 drops
Total number of curves 82364
Starting step 247
Analyzing 2 states in spread 48
Analyzing 25 states in spread 49
Analyzing 256 states in spread 50
Analyzing 2081 states in spread 51
Analyzing 20000 states in spread 52
Analyzing 20000 states in spread 53
Analyzing 20000 states in spread 54
Analyzing 20000 states in spread 55
Finished step 247, minimal spread 48, max spread 54, got 3 drops
Total number of curves 53460
Starting step 248
Analyzing 2 states in spread 48
Analyzing 20 states in spread 49
Analyzing 201 states in spread 50
Analyzing 1703 states in spread 51
Analyzing 11534 states in spread 52
Analyzing 20000 states in spread 53
Analyzing 20000 states in spread 54
Finished step 248, minimal spread 48, max spread 53, got 2 drops
Total number of curves 31196
Starting step 249
Analyzing 1 states in spread 48
Analyzing 22 states in spread 49
Analyzing 137 states in spread 50
Analyzing 1331 states in spread 51
Analyzing 9705 states in spread 52
Analyzing 20000 states in spread 53
Finished step 249, minimal spread 48, max spread 52, got 2 drops
Total number of curves 8835
Starting step 250
Analyzing 1 states in spread 48
Analyzing 11 states in spread 49
Analyzing 150 states in spread 50
Analyzing 893 states in spread 51
Analyzing 7780 states in spread 52
Finished step 250, minimal spread 48, max spread 51, got 2 drops
Total number of curves 1033
Starting step 251
Analyzing 1 states in spread 48
Analyzing 14 states in spread 49
Analyzing 81 states in spread 50
Analyzing 937 states in spread 51
Finished step 251, minimal spread 49, max spread 50, got 3 drops
Total number of curves 119
Starting step 252
Analyzing 9 states in spread 49
Analyzing 110 states in spread 50
Finished step 252, minimal spread 49, max spread 49, got 2 drops
Total number of curves 5
Starting step 253
Analyzing 5 states in spread 49
Altogether, runtime= 78.7098515625
SUMMARY witness_output= logs/a3_mod7_exact_b20k_u200k_u150k_fs20_len300_seed1_20260310_witnesses.txt
SUMMARY found= False
SUMMARY first_depth= None
SUMMARY unique_witnesses= 0
SUMMARY total_hits= 0
SUMMARY accepted_hits= 0
SUMMARY rejected_hits= 0
SUMMARY witness_depth_histogram= {}
CUDA max_memory_allocated_bytes: 5016343040
CUDA max_memory_reserved_bytes: 6025117696
