Starting A3 torch search with p= 7 caps 60000 60000 totalcaps 400000 300000 FIRST_STEPS 12 base_point 1 device cuda
We have 6 atoms and 14 dual simples
Initialized step 1 with spreads: {1: 2}
Starting step 2
Analyzing 2 states in spread 1
Finished step 2, minimal spread 2, max spread 2, got 0 drops
Total number of curves 8
Starting step 3
Analyzing 8 states in spread 2
Finished step 3, minimal spread 3, max spread 3, got 0 drops
Total number of curves 36
Starting step 4
Analyzing 36 states in spread 3
Finished step 4, minimal spread 4, max spread 4, got 0 drops
Total number of curves 170
Starting step 5
Analyzing 170 states in spread 4
Finished step 5, minimal spread 5, max spread 5, got 0 drops
Total number of curves 816
Starting step 6
Analyzing 816 states in spread 5
Finished step 6, minimal spread 5, max spread 6, got 0 drops
Total number of curves 3938
Starting step 7
Analyzing 2 states in spread 5
Analyzing 3936 states in spread 6
Finished step 7, minimal spread 5, max spread 7, got 0 drops
Total number of curves 19040
Starting step 8
Analyzing 2 states in spread 5
Analyzing 38 states in spread 6
Analyzing 19000 states in spread 7
Finished step 8, minimal spread 6, max spread 8, got 0 drops
Total number of curves 60452
Starting step 9
Analyzing 37 states in spread 6
Analyzing 415 states in spread 7
Analyzing 60000 states in spread 8
Finished step 9, minimal spread 6, max spread 9, got 0 drops
Total number of curves 63386
Starting step 10
Analyzing 5 states in spread 6
Analyzing 372 states in spread 7
Analyzing 3009 states in spread 8
Analyzing 60000 states in spread 9
Finished step 10, minimal spread 7, max spread 10, got 0 drops
Total number of curves 78456
Starting step 11
Analyzing 84 states in spread 7
Analyzing 2637 states in spread 8
Analyzing 15735 states in spread 9
Analyzing 60000 states in spread 10
Finished step 11, minimal spread 7, max spread 11, got 0 drops
Total number of curves 135179
Starting step 12
Analyzing 11 states in spread 7
Analyzing 789 states in spread 8
Analyzing 14379 states in spread 9
Analyzing 60000 states in spread 10
Analyzing 60000 states in spread 11
Finished step 12, minimal spread 7, max spread 12, got 0 drops
Total number of curves 185370
Starting step 13
Analyzing 6 states in spread 7
Analyzing 193 states in spread 8
Analyzing 5171 states in spread 9
Analyzing 60000 states in spread 10
Analyzing 60000 states in spread 11
Analyzing 60000 states in spread 12
Finished step 13, minimal spread 7, max spread 13, got 0 drops
Total number of curves 211028
Starting step 14
Analyzing 5 states in spread 7
Analyzing 86 states in spread 8
Analyzing 1817 states in spread 9
Analyzing 29120 states in spread 10
Analyzing 60000 states in spread 11
Analyzing 60000 states in spread 12
Analyzing 60000 states in spread 13
Finished step 14, minimal spread 7, max spread 14, got 0 drops
Total number of curves 253458
Starting step 15
Analyzing 1 states in spread 7
Analyzing 56 states in spread 8
Analyzing 791 states in spread 9
Analyzing 12610 states in spread 10
Analyzing 60000 states in spread 11
Analyzing 60000 states in spread 12
Analyzing 60000 states in spread 13
Analyzing 60000 states in spread 14
Finished step 15, minimal spread 7, max spread 15, got 0 drops
Total number of curves 306135
Starting step 16
Analyzing 1 states in spread 7
Analyzing 21 states in spread 8
Analyzing 472 states in spread 9
Analyzing 5641 states in spread 10
Analyzing 60000 states in spread 11
Analyzing 60000 states in spread 12
Analyzing 60000 states in spread 13
Analyzing 60000 states in spread 14
Analyzing 60000 states in spread 15
Finished step 16, minimal spread 7, max spread 16, got 0 drops
Total number of curves 334868
Starting step 17
Analyzing 1 states in spread 7
Analyzing 22 states in spread 8
Analyzing 229 states in spread 9
Analyzing 3239 states in spread 10
Analyzing 31377 states in spread 11
Analyzing 60000 states in spread 12
Analyzing 60000 states in spread 13
Analyzing 60000 states in spread 14
Analyzing 60000 states in spread 15
Analyzing 60000 states in spread 16
Finished step 17, minimal spread 7, max spread 17, got 1 drops
Total number of curves 380720
Starting step 18
Analyzing 1 states in spread 7
Analyzing 18 states in spread 8
Analyzing 213 states in spread 9
Analyzing 1782 states in spread 10
Analyzing 18706 states in spread 11
Analyzing 60000 states in spread 12
Analyzing 60000 states in spread 13
Analyzing 60000 states in spread 14
Analyzing 60000 states in spread 15
Analyzing 60000 states in spread 16
Finished step 18, minimal spread 7, max spread 17, got 2 drops
Total number of curves 372989
Starting step 19
Analyzing 1 states in spread 7
Analyzing 13 states in spread 8
Analyzing 152 states in spread 9
Analyzing 1512 states in spread 10
Analyzing 11311 states in spread 11
Analyzing 60000 states in spread 12
Analyzing 60000 states in spread 13
Analyzing 60000 states in spread 14
Analyzing 60000 states in spread 15
Analyzing 60000 states in spread 16
Finished step 19, minimal spread 7, max spread 17, got 4 drops
Total number of curves 369498
Starting step 20
Analyzing 1 states in spread 7
Analyzing 12 states in spread 8
Analyzing 93 states in spread 9
Analyzing 1095 states in spread 10
Analyzing 9220 states in spread 11
Analyzing 59077 states in spread 12
Analyzing 60000 states in spread 13
Analyzing 60000 states in spread 14
Analyzing 60000 states in spread 15
Analyzing 60000 states in spread 16
Finished step 20, minimal spread 6, max spread 17, got 6 drops
Total number of curves 357079
Starting step 21
Analyzing 1 states in spread 6
Analyzing 2 states in spread 7
Analyzing 10 states in spread 8
Analyzing 77 states in spread 9
Analyzing 627 states in spread 10
Analyzing 6916 states in spread 11
Analyzing 49446 states in spread 12
Analyzing 60000 states in spread 13
Analyzing 60000 states in spread 14
Analyzing 60000 states in spread 15
Analyzing 60000 states in spread 16
Analyzing 60000 states in spread 17
Finished step 21, minimal spread 6, max spread 18, got 4 drops
Total number of curves 403542
Starting step 22
Analyzing 1 states in spread 6
Analyzing 8 states in spread 7
Analyzing 11 states in spread 8
Analyzing 69 states in spread 9
Analyzing 503 states in spread 10
Analyzing 3980 states in spread 11
Analyzing 38970 states in spread 12
Analyzing 60000 states in spread 13
Analyzing 60000 states in spread 14
Analyzing 60000 states in spread 15
Analyzing 60000 states in spread 16
Analyzing 60000 states in spread 17
Finished step 22, minimal spread 6, max spread 18, got 3 drops
Total number of curves 387102
Starting step 23
Analyzing 1 states in spread 6
Analyzing 9 states in spread 7
Analyzing 42 states in spread 8
Analyzing 63 states in spread 9
Analyzing 429 states in spread 10
Analyzing 3165 states in spread 11
Analyzing 23393 states in spread 12
Analyzing 60000 states in spread 13
Analyzing 60000 states in spread 14
Analyzing 60000 states in spread 15
Analyzing 60000 states in spread 16
Analyzing 60000 states in spread 17
Finished step 23, minimal spread 6, max spread 18, got 3 drops
Total number of curves 381980
Starting step 24
Analyzing 1 states in spread 6
Analyzing 8 states in spread 7
Analyzing 55 states in spread 8
Analyzing 207 states in spread 9
Analyzing 365 states in spread 10
Analyzing 2564 states in spread 11
Analyzing 18780 states in spread 12
Analyzing 60000 states in spread 13
Analyzing 60000 states in spread 14
Analyzing 60000 states in spread 15
Analyzing 60000 states in spread 16
Analyzing 60000 states in spread 17
Finished step 24, minimal spread 7, max spread 18, got 4 drops
Total number of curves 378283
Starting step 25
Analyzing 9 states in spread 7
Analyzing 44 states in spread 8
Analyzing 304 states in spread 9
Analyzing 1027 states in spread 10
Analyzing 2100 states in spread 11
Analyzing 14799 states in spread 12
Analyzing 60000 states in spread 13
Analyzing 60000 states in spread 14
Analyzing 60000 states in spread 15
Analyzing 60000 states in spread 16
Analyzing 60000 states in spread 17
Finished step 25, minimal spread 8, max spread 18, got 6 drops
Total number of curves 378875
Starting step 26
Analyzing 52 states in spread 8
Analyzing 237 states in spread 9
Analyzing 1588 states in spread 10
Analyzing 5150 states in spread 11
Analyzing 11848 states in spread 12
Analyzing 60000 states in spread 13
Analyzing 60000 states in spread 14
Analyzing 60000 states in spread 15
Analyzing 60000 states in spread 16
Analyzing 60000 states in spread 17
Finished step 26, minimal spread 8, max spread 18, got 6 drops
Total number of curves 395548
Starting step 27
Analyzing 2 states in spread 8
Analyzing 279 states in spread 9
Analyzing 1248 states in spread 10
Analyzing 8084 states in spread 11
Analyzing 26006 states in spread 12
Analyzing 59929 states in spread 13
Analyzing 60000 states in spread 14
Analyzing 60000 states in spread 15
Analyzing 60000 states in spread 16
Analyzing 60000 states in spread 17
Finished step 27, minimal spread 8, max spread 18, got 5 drops
Total number of curves 408586
Starting step 28
Analyzing 1 states in spread 8
Analyzing 26 states in spread 9
Analyzing 1454 states in spread 10
Analyzing 6484 states in spread 11
Analyzing 40621 states in spread 12
Analyzing 60000 states in spread 13
Analyzing 60000 states in spread 14
Analyzing 60000 states in spread 15
Analyzing 60000 states in spread 16
Analyzing 60000 states in spread 17
Finished step 28, minimal spread 9, max spread 18, got 3 drops
Total number of curves 401015
Starting step 29
Analyzing 13 states in spread 9
Analyzing 205 states in spread 10
Analyzing 7473 states in spread 11
Analyzing 33324 states in spread 12
Analyzing 60000 states in spread 13
Analyzing 60000 states in spread 14
Analyzing 60000 states in spread 15
Analyzing 60000 states in spread 16
Analyzing 60000 states in spread 17
Finished step 29, minimal spread 9, max spread 18, got 0 drops
Total number of curves 399636
Starting step 30
Analyzing 3 states in spread 9
Analyzing 103 states in spread 10
Analyzing 1398 states in spread 11
Analyzing 38132 states in spread 12
Analyzing 60000 states in spread 13
Analyzing 60000 states in spread 14
Analyzing 60000 states in spread 15
Analyzing 60000 states in spread 16
Analyzing 60000 states in spread 17
Finished step 30, minimal spread 10, max spread 18, got 0 drops
Total number of curves 369585
Starting step 31
Analyzing 38 states in spread 10
Analyzing 728 states in spread 11
Analyzing 8819 states in spread 12
Analyzing 60000 states in spread 13
Analyzing 60000 states in spread 14
Analyzing 60000 states in spread 15
Analyzing 60000 states in spread 16
Analyzing 60000 states in spread 17
Finished step 31, minimal spread 10, max spread 18, got 1 drops
Total number of curves 351096
Starting step 32
Analyzing 11 states in spread 10
Analyzing 338 states in spread 11
Analyzing 4808 states in spread 12
Analyzing 45939 states in spread 13
Analyzing 60000 states in spread 14
Analyzing 60000 states in spread 15
Analyzing 60000 states in spread 16
Analyzing 60000 states in spread 17
Analyzing 60000 states in spread 18
Finished step 32, minimal spread 10, max spread 19, got 0 drops
Total number of curves 389411
Starting step 33
Analyzing 5 states in spread 10
Analyzing 163 states in spread 11
Analyzing 2495 states in spread 12
Analyzing 26748 states in spread 13
Analyzing 60000 states in spread 14
Analyzing 60000 states in spread 15
Analyzing 60000 states in spread 16
Analyzing 60000 states in spread 17
Analyzing 60000 states in spread 18
Finished step 33, minimal spread 10, max spread 19, got 1 drops
Total number of curves 376554
Starting step 34
Analyzing 2 states in spread 10
Analyzing 79 states in spread 11
Analyzing 1413 states in spread 12
Analyzing 15060 states in spread 13
Analyzing 60000 states in spread 14
Analyzing 60000 states in spread 15
Analyzing 60000 states in spread 16
Analyzing 60000 states in spread 17
Analyzing 60000 states in spread 18
Finished step 34, minimal spread 10, max spread 19, got 2 drops
Total number of curves 370168
Starting step 35
Analyzing 2 states in spread 10
Analyzing 38 states in spread 11
Analyzing 715 states in spread 12
Analyzing 9413 states in spread 13
Analyzing 60000 states in spread 14
Analyzing 60000 states in spread 15
Analyzing 60000 states in spread 16
Analyzing 60000 states in spread 17
Analyzing 60000 states in spread 18
Finished step 35, minimal spread 10, max spread 19, got 4 drops
Total number of curves 355788
Starting step 36
Analyzing 2 states in spread 10
Analyzing 31 states in spread 11
Analyzing 380 states in spread 12
Analyzing 5091 states in spread 13
Analyzing 50284 states in spread 14
Analyzing 60000 states in spread 15
Analyzing 60000 states in spread 16
Analyzing 60000 states in spread 17
Analyzing 60000 states in spread 18
Analyzing 60000 states in spread 19
Finished step 36, minimal spread 10, max spread 20, got 1 drops
Total number of curves 392935
Starting step 37
Analyzing 3 states in spread 10
Analyzing 19 states in spread 11
Analyzing 290 states in spread 12
Analyzing 2883 states in spread 13
Analyzing 29740 states in spread 14
Analyzing 60000 states in spread 15
Analyzing 60000 states in spread 16
Analyzing 60000 states in spread 17
Analyzing 60000 states in spread 18
Analyzing 60000 states in spread 19
Finished step 37, minimal spread 10, max spread 20, got 1 drops
Total number of curves 380361
Starting step 38
Analyzing 1 states in spread 10
Analyzing 30 states in spread 11
Analyzing 144 states in spread 12
Analyzing 2132 states in spread 13
Analyzing 18054 states in spread 14
Analyzing 60000 states in spread 15
Analyzing 60000 states in spread 16
Analyzing 60000 states in spread 17
Analyzing 60000 states in spread 18
Analyzing 60000 states in spread 19
Finished step 38, minimal spread 10, max spread 20, got 2 drops
Total number of curves 374593
Starting step 39
Analyzing 1 states in spread 10
Analyzing 11 states in spread 11
Analyzing 197 states in spread 12
Analyzing 1054 states in spread 13
Analyzing 13330 states in spread 14
Analyzing 60000 states in spread 15
Analyzing 60000 states in spread 16
Analyzing 60000 states in spread 17
Analyzing 60000 states in spread 18
Analyzing 60000 states in spread 19
Finished step 39, minimal spread 10, max spread 20, got 4 drops
Total number of curves 368227
Starting step 40
Analyzing 1 states in spread 10
Analyzing 12 states in spread 11
Analyzing 75 states in spread 12
Analyzing 1231 states in spread 13
Analyzing 6908 states in spread 14
Analyzing 60000 states in spread 15
Analyzing 60000 states in spread 16
Analyzing 60000 states in spread 17
Analyzing 60000 states in spread 18
Analyzing 60000 states in spread 19
Finished step 40, minimal spread 10, max spread 20, got 5 drops
Total number of curves 345561
Starting step 41
Analyzing 1 states in spread 10
Analyzing 11 states in spread 11
Analyzing 74 states in spread 12
Analyzing 511 states in spread 13
Analyzing 7351 states in spread 14
Analyzing 37613 states in spread 15
Analyzing 60000 states in spread 16
Analyzing 60000 states in spread 17
Analyzing 60000 states in spread 18
Analyzing 60000 states in spread 19
Analyzing 60000 states in spread 20
Finished step 41, minimal spread 10, max spread 21, got 6 drops
Total number of curves 403741
Starting step 42
Analyzing 2 states in spread 10
Analyzing 8 states in spread 11
Analyzing 75 states in spread 12
Analyzing 459 states in spread 13
Analyzing 3329 states in spread 14
Analyzing 39868 states in spread 15
Analyzing 60000 states in spread 16
Analyzing 60000 states in spread 17
Analyzing 60000 states in spread 18
Analyzing 60000 states in spread 19
Analyzing 60000 states in spread 20
Finished step 42, minimal spread 10, max spread 21, got 6 drops
Total number of curves 383004
Starting step 43
Analyzing 3 states in spread 10
Analyzing 14 states in spread 11
Analyzing 50 states in spread 12
Analyzing 470 states in spread 13
Analyzing 2741 states in spread 14
Analyzing 19726 states in spread 15
Analyzing 60000 states in spread 16
Analyzing 60000 states in spread 17
Analyzing 60000 states in spread 18
Analyzing 60000 states in spread 19
Analyzing 60000 states in spread 20
Finished step 43, minimal spread 10, max spread 21, got 4 drops
Total number of curves 378717
Starting step 44
Analyzing 1 states in spread 10
Analyzing 29 states in spread 11
Analyzing 76 states in spread 12
Analyzing 307 states in spread 13
Analyzing 2749 states in spread 14
Analyzing 15555 states in spread 15
Analyzing 60000 states in spread 16
Analyzing 60000 states in spread 17
Analyzing 60000 states in spread 18
Analyzing 60000 states in spread 19
Analyzing 60000 states in spread 20
Finished step 44, minimal spread 10, max spread 21, got 5 drops
Total number of curves 377725
Starting step 45
Analyzing 1 states in spread 10
Analyzing 8 states in spread 11
Analyzing 182 states in spread 12
Analyzing 412 states in spread 13
Analyzing 1802 states in spread 14
Analyzing 15320 states in spread 15
Analyzing 60000 states in spread 16
Analyzing 60000 states in spread 17
Analyzing 60000 states in spread 18
Analyzing 60000 states in spread 19
Analyzing 60000 states in spread 20
Finished step 45, minimal spread 11, max spread 21, got 2 drops
Total number of curves 373483
Starting step 46
Analyzing 10 states in spread 11
Analyzing 48 states in spread 12
Analyzing 1000 states in spread 13
Analyzing 2213 states in spread 14
Analyzing 10212 states in spread 15
Analyzing 60000 states in spread 16
Analyzing 60000 states in spread 17
Analyzing 60000 states in spread 18
Analyzing 60000 states in spread 19
Analyzing 60000 states in spread 20
Finished step 46, minimal spread 11, max spread 21, got 2 drops
Total number of curves 370295
Starting step 47
Analyzing 3 states in spread 11
Analyzing 65 states in spread 12
Analyzing 284 states in spread 13
Analyzing 5203 states in spread 14
Analyzing 11761 states in spread 15
Analyzing 52979 states in spread 16
Analyzing 60000 states in spread 17
Analyzing 60000 states in spread 18
Analyzing 60000 states in spread 19
Analyzing 60000 states in spread 20
Finished step 47, minimal spread 11, max spread 21, got 2 drops
Total number of curves 388497
Starting step 48
Analyzing 4 states in spread 11
Analyzing 32 states in spread 12
Analyzing 377 states in spread 13
Analyzing 1654 states in spread 14
Analyzing 26430 states in spread 15
Analyzing 60000 states in spread 16
Analyzing 60000 states in spread 17
Analyzing 60000 states in spread 18
Analyzing 60000 states in spread 19
Analyzing 60000 states in spread 20
Finished step 48, minimal spread 11, max spread 21, got 2 drops
Total number of curves 371708
Starting step 49
Analyzing 4 states in spread 11
Analyzing 35 states in spread 12
Analyzing 224 states in spread 13
Analyzing 2079 states in spread 14
Analyzing 9366 states in spread 15
Analyzing 60000 states in spread 16
Analyzing 60000 states in spread 17
Analyzing 60000 states in spread 18
Analyzing 60000 states in spread 19
Analyzing 60000 states in spread 20
Finished step 49, minimal spread 11, max spread 21, got 1 drops
Total number of curves 359239
Starting step 50
Analyzing 1 states in spread 11
Analyzing 38 states in spread 12
Analyzing 213 states in spread 13
Analyzing 1340 states in spread 14
Analyzing 11160 states in spread 15
Analyzing 46487 states in spread 16
Analyzing 60000 states in spread 17
Analyzing 60000 states in spread 18
Analyzing 60000 states in spread 19
Analyzing 60000 states in spread 20
Analyzing 60000 states in spread 21
Finished step 50, minimal spread 11, max spread 22, got 3 drops
Total number of curves 424943
Starting step 51
Analyzing 1 states in spread 11
Analyzing 10 states in spread 12
Analyzing 242 states in spread 13
Analyzing 1204 states in spread 14
Analyzing 7533 states in spread 15
Analyzing 55953 states in spread 16
Analyzing 60000 states in spread 17
Analyzing 60000 states in spread 18
Analyzing 60000 states in spread 19
Analyzing 60000 states in spread 20
Finished step 51, minimal spread 11, max spread 21, got 6 drops
Total number of curves 347678
Starting step 52
Analyzing 1 states in spread 11
Analyzing 11 states in spread 12
Analyzing 76 states in spread 13
Analyzing 1366 states in spread 14
Analyzing 6600 states in spread 15
Analyzing 39624 states in spread 16
Analyzing 60000 states in spread 17
Analyzing 60000 states in spread 18
Analyzing 60000 states in spread 19
Analyzing 60000 states in spread 20
Analyzing 60000 states in spread 21
Finished step 52, minimal spread 12, max spread 22, got 8 drops
Total number of curves 402797
Starting step 53
Analyzing 11 states in spread 12
Analyzing 83 states in spread 13
Analyzing 480 states in spread 14
Analyzing 7367 states in spread 15
Analyzing 34856 states in spread 16
Analyzing 60000 states in spread 17
Analyzing 60000 states in spread 18
Analyzing 60000 states in spread 19
Analyzing 60000 states in spread 20
Analyzing 60000 states in spread 21
Finished step 53, minimal spread 12, max spread 22, got 3 drops
Total number of curves 402078
Starting step 54
Analyzing 2 states in spread 12
Analyzing 76 states in spread 13
Analyzing 515 states in spread 14
Analyzing 2898 states in spread 15
Analyzing 38587 states in spread 16
Analyzing 60000 states in spread 17
Analyzing 60000 states in spread 18
Analyzing 60000 states in spread 19
Analyzing 60000 states in spread 20
Analyzing 60000 states in spread 21
Finished step 54, minimal spread 12, max spread 22, got 3 drops
Total number of curves 380180
Starting step 55
Analyzing 3 states in spread 12
Analyzing 28 states in spread 13
Analyzing 446 states in spread 14
Analyzing 2959 states in spread 15
Analyzing 16744 states in spread 16
Analyzing 60000 states in spread 17
Analyzing 60000 states in spread 18
Analyzing 60000 states in spread 19
Analyzing 60000 states in spread 20
Analyzing 60000 states in spread 21
Finished step 55, minimal spread 12, max spread 22, got 4 drops
Total number of curves 379126
Starting step 56
Analyzing 1 states in spread 12
Analyzing 34 states in spread 13
Analyzing 220 states in spread 14
Analyzing 2451 states in spread 15
Analyzing 16420 states in spread 16
Analyzing 60000 states in spread 17
Analyzing 60000 states in spread 18
Analyzing 60000 states in spread 19
Analyzing 60000 states in spread 20
Analyzing 60000 states in spread 21
Finished step 56, minimal spread 13, max spread 22, got 6 drops
Total number of curves 374923
Starting step 57
Analyzing 9 states in spread 13
Analyzing 252 states in spread 14
Analyzing 1458 states in spread 15
Analyzing 13204 states in spread 16
Analyzing 60000 states in spread 17
Analyzing 60000 states in spread 18
Analyzing 60000 states in spread 19
Analyzing 60000 states in spread 20
Analyzing 60000 states in spread 21
Finished step 57, minimal spread 14, max spread 22, got 6 drops
Total number of curves 370331
Starting step 58
Analyzing 83 states in spread 14
Analyzing 1583 states in spread 15
Analyzing 8665 states in spread 16
Analyzing 60000 states in spread 17
Analyzing 60000 states in spread 18
Analyzing 60000 states in spread 19
Analyzing 60000 states in spread 20
Analyzing 60000 states in spread 21
Finished step 58, minimal spread 14, max spread 22, got 6 drops
Total number of curves 355325
Starting step 59
Analyzing 19 states in spread 14
Analyzing 629 states in spread 15
Analyzing 9058 states in spread 16
Analyzing 45619 states in spread 17
Analyzing 60000 states in spread 18
Analyzing 60000 states in spread 19
Analyzing 60000 states in spread 20
Analyzing 60000 states in spread 21
Analyzing 60000 states in spread 22
Finished step 59, minimal spread 14, max spread 23, got 2 drops
Total number of curves 412369
Starting step 60
Analyzing 8 states in spread 14
Analyzing 235 states in spread 15
Analyzing 4098 states in spread 16
Analyzing 48028 states in spread 17
Analyzing 60000 states in spread 18
Analyzing 60000 states in spread 19
Analyzing 60000 states in spread 20
Analyzing 60000 states in spread 21
Analyzing 60000 states in spread 22
Finished step 60, minimal spread 14, max spread 23, got 3 drops
Total number of curves 386025
Starting step 61
Analyzing 4 states in spread 14
Analyzing 110 states in spread 15
Analyzing 1870 states in spread 16
Analyzing 24041 states in spread 17
Analyzing 60000 states in spread 18
Analyzing 60000 states in spread 19
Analyzing 60000 states in spread 20
Analyzing 60000 states in spread 21
Analyzing 60000 states in spread 22
Finished step 61, minimal spread 14, max spread 23, got 0 drops
Total number of curves 373417
Starting step 62
Analyzing 3 states in spread 14
Analyzing 50 states in spread 15
Analyzing 973 states in spread 16
Analyzing 12391 states in spread 17
Analyzing 60000 states in spread 18
Analyzing 60000 states in spread 19
Analyzing 60000 states in spread 20
Analyzing 60000 states in spread 21
Analyzing 60000 states in spread 22
Finished step 62, minimal spread 14, max spread 23, got 3 drops
Total number of curves 367496
Starting step 63
Analyzing 1 states in spread 14
Analyzing 35 states in spread 15
Analyzing 496 states in spread 16
Analyzing 6964 states in spread 17
Analyzing 60000 states in spread 18
Analyzing 60000 states in spread 19
Analyzing 60000 states in spread 20
Analyzing 60000 states in spread 21
Analyzing 60000 states in spread 22
Finished step 63, minimal spread 14, max spread 23, got 8 drops
Total number of curves 343190
Starting step 64
Analyzing 1 states in spread 14
Analyzing 22 states in spread 15
Analyzing 319 states in spread 16
Analyzing 3857 states in spread 17
Analyzing 38991 states in spread 18
Analyzing 60000 states in spread 19
Analyzing 60000 states in spread 20
Analyzing 60000 states in spread 21
Analyzing 60000 states in spread 22
Analyzing 60000 states in spread 23
Finished step 64, minimal spread 13, max spread 24, got 6 drops
Total number of curves 386133
Starting step 65
Analyzing 1 states in spread 13
Analyzing 3 states in spread 14
Analyzing 16 states in spread 15
Analyzing 221 states in spread 16
Analyzing 2380 states in spread 17
Analyzing 23512 states in spread 18
Analyzing 60000 states in spread 19
Analyzing 60000 states in spread 20
Analyzing 60000 states in spread 21
Analyzing 60000 states in spread 22
Analyzing 60000 states in spread 23
Finished step 65, minimal spread 13, max spread 24, got 3 drops
Total number of curves 376683
Starting step 66
Analyzing 1 states in spread 13
Analyzing 8 states in spread 14
Analyzing 23 states in spread 15
Analyzing 147 states in spread 16
Analyzing 1658 states in spread 17
Analyzing 14846 states in spread 18
Analyzing 60000 states in spread 19
Analyzing 60000 states in spread 20
Analyzing 60000 states in spread 21
Analyzing 60000 states in spread 22
Analyzing 60000 states in spread 23
Finished step 66, minimal spread 14, max spread 24, got 4 drops
Total number of curves 371787
Starting step 67
Analyzing 8 states in spread 14
Analyzing 42 states in spread 15
Analyzing 164 states in spread 16
Analyzing 1077 states in spread 17
Analyzing 10496 states in spread 18
Analyzing 60000 states in spread 19
Analyzing 60000 states in spread 20
Analyzing 60000 states in spread 21
Analyzing 60000 states in spread 22
Analyzing 60000 states in spread 23
Finished step 67, minimal spread 14, max spread 24, got 3 drops
Total number of curves 363743
Starting step 68
Analyzing 1 states in spread 14
Analyzing 49 states in spread 15
Analyzing 226 states in spread 16
Analyzing 1057 states in spread 17
Analyzing 6901 states in spread 18
Analyzing 55509 states in spread 19
Analyzing 60000 states in spread 20
Analyzing 60000 states in spread 21
Analyzing 60000 states in spread 22
Analyzing 60000 states in spread 23
Finished step 68, minimal spread 15, max spread 24, got 2 drops
Total number of curves 346290
Starting step 69
Analyzing 16 states in spread 15
Analyzing 270 states in spread 16
Analyzing 1233 states in spread 17
Analyzing 6331 states in spread 18
Analyzing 38440 states in spread 19
Analyzing 60000 states in spread 20
Analyzing 60000 states in spread 21
Analyzing 60000 states in spread 22
Analyzing 60000 states in spread 23
Analyzing 60000 states in spread 24
Finished step 69, minimal spread 15, max spread 25, got 5 drops
Total number of curves 403462
Starting step 70
Analyzing 6 states in spread 15
Analyzing 132 states in spread 16
Analyzing 1423 states in spread 17
Analyzing 6697 states in spread 18
Analyzing 35204 states in spread 19
Analyzing 60000 states in spread 20
Analyzing 60000 states in spread 21
Analyzing 60000 states in spread 22
Analyzing 60000 states in spread 23
Analyzing 60000 states in spread 24
Finished step 70, minimal spread 15, max spread 25, got 4 drops
Total number of curves 404098
Starting step 71
Analyzing 6 states in spread 15
Analyzing 67 states in spread 16
Analyzing 850 states in spread 17
Analyzing 7389 states in spread 18
Analyzing 35786 states in spread 19
Analyzing 60000 states in spread 20
Analyzing 60000 states in spread 21
Analyzing 60000 states in spread 22
Analyzing 60000 states in spread 23
Analyzing 60000 states in spread 24
Finished step 71, minimal spread 15, max spread 25, got 2 drops
Total number of curves 403634
Starting step 72
Analyzing 4 states in spread 15
Analyzing 59 states in spread 16
Analyzing 471 states in spread 17
Analyzing 4928 states in spread 18
Analyzing 38172 states in spread 19
Analyzing 60000 states in spread 20
Analyzing 60000 states in spread 21
Analyzing 60000 states in spread 22
Analyzing 60000 states in spread 23
Analyzing 60000 states in spread 24
Finished step 72, minimal spread 15, max spread 25, got 1 drops
Total number of curves 390318
Starting step 73
Analyzing 1 states in spread 15
Analyzing 38 states in spread 16
Analyzing 398 states in spread 17
Analyzing 2850 states in spread 18
Analyzing 27031 states in spread 19
Analyzing 60000 states in spread 20
Analyzing 60000 states in spread 21
Analyzing 60000 states in spread 22
Analyzing 60000 states in spread 23
Analyzing 60000 states in spread 24
Finished step 73, minimal spread 16, max spread 25, got 4 drops
Total number of curves 378869
Starting step 74
Analyzing 13 states in spread 16
Analyzing 250 states in spread 17
Analyzing 2413 states in spread 18
Analyzing 16193 states in spread 19
Analyzing 60000 states in spread 20
Analyzing 60000 states in spread 21
Analyzing 60000 states in spread 22
Analyzing 60000 states in spread 23
Analyzing 60000 states in spread 24
Finished step 74, minimal spread 16, max spread 25, got 1 drops
Total number of curves 375402
Starting step 75
Analyzing 5 states in spread 16
Analyzing 113 states in spread 17
Analyzing 1526 states in spread 18
Analyzing 13758 states in spread 19
Analyzing 60000 states in spread 20
Analyzing 60000 states in spread 21
Analyzing 60000 states in spread 22
Analyzing 60000 states in spread 23
Analyzing 60000 states in spread 24
Finished step 75, minimal spread 16, max spread 25, got 1 drops
Total number of curves 369830
Starting step 76
Analyzing 2 states in spread 16
Analyzing 61 states in spread 17
Analyzing 841 states in spread 18
Analyzing 8926 states in spread 19
Analyzing 60000 states in spread 20
Analyzing 60000 states in spread 21
Analyzing 60000 states in spread 22
Analyzing 60000 states in spread 23
Analyzing 60000 states in spread 24
Finished step 76, minimal spread 16, max spread 25, got 4 drops
Total number of curves 352217
Starting step 77
Analyzing 1 states in spread 16
Analyzing 29 states in spread 17
Analyzing 476 states in spread 18
Analyzing 5540 states in spread 19
Analyzing 46171 states in spread 20
Analyzing 60000 states in spread 21
Analyzing 60000 states in spread 22
Analyzing 60000 states in spread 23
Analyzing 60000 states in spread 24
Analyzing 60000 states in spread 25
Finished step 77, minimal spread 16, max spread 26, got 3 drops
Total number of curves 394909
Starting step 78
Analyzing 1 states in spread 16
Analyzing 16 states in spread 17
Analyzing 261 states in spread 18
Analyzing 3174 states in spread 19
Analyzing 31457 states in spread 20
Analyzing 60000 states in spread 21
Analyzing 60000 states in spread 22
Analyzing 60000 states in spread 23
Analyzing 60000 states in spread 24
Analyzing 60000 states in spread 25
Finished step 78, minimal spread 16, max spread 26, got 3 drops
Total number of curves 380873
Starting step 79
Analyzing 1 states in spread 16
Analyzing 9 states in spread 17
Analyzing 156 states in spread 18
Analyzing 1906 states in spread 19
Analyzing 18801 states in spread 20
Analyzing 60000 states in spread 21
Analyzing 60000 states in spread 22
Analyzing 60000 states in spread 23
Analyzing 60000 states in spread 24
Analyzing 60000 states in spread 25
Finished step 79, minimal spread 17, max spread 26, got 3 drops
Total number of curves 373348
Starting step 80
Analyzing 9 states in spread 17
Analyzing 84 states in spread 18
Analyzing 1222 states in spread 19
Analyzing 12033 states in spread 20
Analyzing 60000 states in spread 21
Analyzing 60000 states in spread 22
Analyzing 60000 states in spread 23
Analyzing 60000 states in spread 24
Analyzing 60000 states in spread 25
Finished step 80, minimal spread 17, max spread 26, got 4 drops
Total number of curves 368859
Starting step 81
Analyzing 1 states in spread 17
Analyzing 67 states in spread 18
Analyzing 679 states in spread 19
Analyzing 8112 states in spread 20
Analyzing 60000 states in spread 21
Analyzing 60000 states in spread 22
Analyzing 60000 states in spread 23
Analyzing 60000 states in spread 24
Analyzing 60000 states in spread 25
Finished step 81, minimal spread 17, max spread 26, got 5 drops
Total number of curves 349803
Starting step 82
Analyzing 1 states in spread 17
Analyzing 19 states in spread 18
Analyzing 486 states in spread 19
Analyzing 4706 states in spread 20
Analyzing 44591 states in spread 21
Analyzing 60000 states in spread 22
Analyzing 60000 states in spread 23
Analyzing 60000 states in spread 24
Analyzing 60000 states in spread 25
Analyzing 60000 states in spread 26
Finished step 82, minimal spread 17, max spread 27, got 10 drops
Total number of curves 391170
Starting step 83
Analyzing 2 states in spread 17
Analyzing 15 states in spread 18
Analyzing 204 states in spread 19
Analyzing 3280 states in spread 20
Analyzing 27669 states in spread 21
Analyzing 60000 states in spread 22
Analyzing 60000 states in spread 23
Analyzing 60000 states in spread 24
Analyzing 60000 states in spread 25
Analyzing 60000 states in spread 26
Finished step 83, minimal spread 17, max spread 27, got 13 drops
Total number of curves 381558
Starting step 84
Analyzing 1 states in spread 17
Analyzing 24 states in spread 18
Analyzing 138 states in spread 19
Analyzing 1653 states in spread 20
Analyzing 19742 states in spread 21
Analyzing 60000 states in spread 22
Analyzing 60000 states in spread 23
Analyzing 60000 states in spread 24
Analyzing 60000 states in spread 25
Analyzing 60000 states in spread 26
Finished step 84, minimal spread 18, max spread 27, got 7 drops
Total number of curves 372353
Starting step 85
Analyzing 11 states in spread 18
Analyzing 176 states in spread 19
Analyzing 1049 states in spread 20
Analyzing 11117 states in spread 21
Analyzing 60000 states in spread 22
Analyzing 60000 states in spread 23
Analyzing 60000 states in spread 24
Analyzing 60000 states in spread 25
Analyzing 60000 states in spread 26
Finished step 85, minimal spread 18, max spread 27, got 6 drops
Total number of curves 367453
Starting step 86
Analyzing 2 states in spread 18
Analyzing 85 states in spread 19
Analyzing 1102 states in spread 20
Analyzing 7051 states in spread 21
Analyzing 59213 states in spread 22
Analyzing 60000 states in spread 23
Analyzing 60000 states in spread 24
Analyzing 60000 states in spread 25
Analyzing 60000 states in spread 26
Finished step 86, minimal spread 19, max spread 27, got 5 drops
Total number of curves 347120
Starting step 87
Analyzing 31 states in spread 19
Analyzing 601 states in spread 20
Analyzing 6564 states in spread 21
Analyzing 39924 states in spread 22
Analyzing 60000 states in spread 23
Analyzing 60000 states in spread 24
Analyzing 60000 states in spread 25
Analyzing 60000 states in spread 26
Analyzing 60000 states in spread 27
Finished step 87, minimal spread 18, max spread 28, got 6 drops
Total number of curves 400468
Starting step 88
Analyzing 1 states in spread 18
Analyzing 14 states in spread 19
Analyzing 288 states in spread 20
Analyzing 3903 states in spread 21
Analyzing 36262 states in spread 22
Analyzing 60000 states in spread 23
Analyzing 60000 states in spread 24
Analyzing 60000 states in spread 25
Analyzing 60000 states in spread 26
Analyzing 60000 states in spread 27
Finished step 88, minimal spread 17, max spread 28, got 7 drops
Total number of curves 385338
Starting step 89
Analyzing 1 states in spread 17
Analyzing 3 states in spread 18
Analyzing 16 states in spread 19
Analyzing 168 states in spread 20
Analyzing 2136 states in spread 21
Analyzing 23014 states in spread 22
Analyzing 60000 states in spread 23
Analyzing 60000 states in spread 24
Analyzing 60000 states in spread 25
Analyzing 60000 states in spread 26
Analyzing 60000 states in spread 27
Finished step 89, minimal spread 17, max spread 28, got 1 drops
Total number of curves 375209
Starting step 90
Analyzing 1 states in spread 17
Analyzing 8 states in spread 18
Analyzing 25 states in spread 19
Analyzing 140 states in spread 20
Analyzing 1359 states in spread 21
Analyzing 13676 states in spread 22
Analyzing 60000 states in spread 23
Analyzing 60000 states in spread 24
Analyzing 60000 states in spread 25
Analyzing 60000 states in spread 26
Analyzing 60000 states in spread 27
Finished step 90, minimal spread 18, max spread 28, got 5 drops
Total number of curves 370297
Starting step 91
Analyzing 9 states in spread 18
Analyzing 47 states in spread 19
Analyzing 171 states in spread 20
Analyzing 1002 states in spread 21
Analyzing 9068 states in spread 22
Analyzing 60000 states in spread 23
Analyzing 60000 states in spread 24
Analyzing 60000 states in spread 25
Analyzing 60000 states in spread 26
Analyzing 60000 states in spread 27
Finished step 91, minimal spread 19, max spread 28, got 7 drops
Total number of curves 356692
Starting step 92
Analyzing 55 states in spread 19
Analyzing 264 states in spread 20
Analyzing 1055 states in spread 21
Analyzing 6436 states in spread 22
Analyzing 48882 states in spread 23
Analyzing 60000 states in spread 24
Analyzing 60000 states in spread 25
Analyzing 60000 states in spread 26
Analyzing 60000 states in spread 27
Analyzing 60000 states in spread 28
Finished step 92, minimal spread 19, max spread 29, got 1 drops
Total number of curves 404056
Starting step 93
Analyzing 4 states in spread 19
Analyzing 299 states in spread 20
Analyzing 1430 states in spread 21
Analyzing 6279 states in spread 22
Analyzing 36044 states in spread 23
Analyzing 60000 states in spread 24
Analyzing 60000 states in spread 25
Analyzing 60000 states in spread 26
Analyzing 60000 states in spread 27
Analyzing 60000 states in spread 28
Finished step 93, minimal spread 19, max spread 29, got 6 drops
Total number of curves 404342
Starting step 94
Analyzing 2 states in spread 19
Analyzing 45 states in spread 20
Analyzing 1570 states in spread 21
Analyzing 7731 states in spread 22
Analyzing 34994 states in spread 23
Analyzing 60000 states in spread 24
Analyzing 60000 states in spread 25
Analyzing 60000 states in spread 26
Analyzing 60000 states in spread 27
Analyzing 60000 states in spread 28
Finished step 94, minimal spread 20, max spread 29, got 3 drops
Total number of curves 409539
Starting step 95
Analyzing 25 states in spread 20
Analyzing 345 states in spread 21
Analyzing 8228 states in spread 22
Analyzing 40941 states in spread 23
Analyzing 60000 states in spread 24
Analyzing 60000 states in spread 25
Analyzing 60000 states in spread 26
Analyzing 60000 states in spread 27
Analyzing 60000 states in spread 28
Finished step 95, minimal spread 20, max spread 29, got 4 drops
Total number of curves 405298
Starting step 96
Analyzing 4 states in spread 20
Analyzing 201 states in spread 21
Analyzing 2308 states in spread 22
Analyzing 42785 states in spread 23
Analyzing 60000 states in spread 24
Analyzing 60000 states in spread 25
Analyzing 60000 states in spread 26
Analyzing 60000 states in spread 27
Analyzing 60000 states in spread 28
Finished step 96, minimal spread 20, max spread 29, got 5 drops
Total number of curves 375601
Starting step 97
Analyzing 2 states in spread 20
Analyzing 57 states in spread 21
Analyzing 1398 states in spread 22
Analyzing 14144 states in spread 23
Analyzing 60000 states in spread 24
Analyzing 60000 states in spread 25
Analyzing 60000 states in spread 26
Analyzing 60000 states in spread 27
Analyzing 60000 states in spread 28
Finished step 97, minimal spread 20, max spread 29, got 3 drops
Total number of curves 369401
Starting step 98
Analyzing 1 states in spread 20
Analyzing 26 states in spread 21
Analyzing 522 states in spread 22
Analyzing 8852 states in spread 23
Analyzing 60000 states in spread 24
Analyzing 60000 states in spread 25
Analyzing 60000 states in spread 26
Analyzing 60000 states in spread 27
Analyzing 60000 states in spread 28
Finished step 98, minimal spread 21, max spread 29, got 5 drops
Total number of curves 351281
Starting step 99
Analyzing 16 states in spread 21
Analyzing 247 states in spread 22
Analyzing 3869 states in spread 23
Analyzing 47149 states in spread 24
Analyzing 60000 states in spread 25
Analyzing 60000 states in spread 26
Analyzing 60000 states in spread 27
Analyzing 60000 states in spread 28
Analyzing 60000 states in spread 29
Finished step 99, minimal spread 21, max spread 30, got 3 drops
Total number of curves 385100
Starting step 100
Analyzing 8 states in spread 21
Analyzing 155 states in spread 22
Analyzing 1923 states in spread 23
Analyzing 23014 states in spread 24
Analyzing 60000 states in spread 25
Analyzing 60000 states in spread 26
Analyzing 60000 states in spread 27
Analyzing 60000 states in spread 28
Analyzing 60000 states in spread 29
Finished step 100, minimal spread 21, max spread 30, got 9 drops
Total number of curves 373662
Starting step 101
Analyzing 6 states in spread 21
Analyzing 106 states in spread 22
Analyzing 1210 states in spread 23
Analyzing 12340 states in spread 24
Analyzing 60000 states in spread 25
Analyzing 60000 states in spread 26
Analyzing 60000 states in spread 27
Analyzing 60000 states in spread 28
Analyzing 60000 states in spread 29
Finished step 101, minimal spread 21, max spread 30, got 7 drops
Total number of curves 368877
Starting step 102
Analyzing 4 states in spread 21
Analyzing 80 states in spread 22
Analyzing 885 states in spread 23
Analyzing 7908 states in spread 24
Analyzing 60000 states in spread 25
Analyzing 60000 states in spread 26
Analyzing 60000 states in spread 27
Analyzing 60000 states in spread 28
Analyzing 60000 states in spread 29
Finished step 102, minimal spread 21, max spread 30, got 6 drops
Total number of curves 350108
Starting step 103
Analyzing 3 states in spread 21
Analyzing 52 states in spread 22
Analyzing 654 states in spread 23
Analyzing 5899 states in spread 24
Analyzing 43500 states in spread 25
Analyzing 60000 states in spread 26
Analyzing 60000 states in spread 27
Analyzing 60000 states in spread 28
Analyzing 60000 states in spread 29
Analyzing 60000 states in spread 30
Finished step 103, minimal spread 21, max spread 31, got 4 drops
Total number of curves 398573
Starting step 104
Analyzing 2 states in spread 21
Analyzing 40 states in spread 22
Analyzing 444 states in spread 23
Analyzing 4339 states in spread 24
Analyzing 33748 states in spread 25
Analyzing 60000 states in spread 26
Analyzing 60000 states in spread 27
Analyzing 60000 states in spread 28
Analyzing 60000 states in spread 29
Analyzing 60000 states in spread 30
Finished step 104, minimal spread 22, max spread 31, got 2 drops
Total number of curves 388718
Starting step 105
Analyzing 24 states in spread 22
Analyzing 320 states in spread 23
Analyzing 3066 states in spread 24
Analyzing 25308 states in spread 25
Analyzing 60000 states in spread 26
Analyzing 60000 states in spread 27
Analyzing 60000 states in spread 28
Analyzing 60000 states in spread 29
Analyzing 60000 states in spread 30
Finished step 105, minimal spread 22, max spread 31, got 3 drops
Total number of curves 380815
Starting step 106
Analyzing 10 states in spread 22
Analyzing 199 states in spread 23
Analyzing 2113 states in spread 24
Analyzing 18493 states in spread 25
Analyzing 60000 states in spread 26
Analyzing 60000 states in spread 27
Analyzing 60000 states in spread 28
Analyzing 60000 states in spread 29
Analyzing 60000 states in spread 30
Finished step 106, minimal spread 22, max spread 31, got 3 drops
Total number of curves 374152
Starting step 107
Analyzing 8 states in spread 22
Analyzing 115 states in spread 23
Analyzing 1384 states in spread 24
Analyzing 12645 states in spread 25
Analyzing 60000 states in spread 26
Analyzing 60000 states in spread 27
Analyzing 60000 states in spread 28
Analyzing 60000 states in spread 29
Analyzing 60000 states in spread 30
Finished step 107, minimal spread 22, max spread 31, got 5 drops
Total number of curves 369592
Starting step 108
Analyzing 3 states in spread 22
Analyzing 89 states in spread 23
Analyzing 887 states in spread 24
Analyzing 8613 states in spread 25
Analyzing 60000 states in spread 26
Analyzing 60000 states in spread 27
Analyzing 60000 states in spread 28
Analyzing 60000 states in spread 29
Analyzing 60000 states in spread 30
Finished step 108, minimal spread 22, max spread 31, got 2 drops
Total number of curves 352699
Starting step 109
Analyzing 1 states in spread 22
Analyzing 34 states in spread 23
Analyzing 657 states in spread 24
Analyzing 5821 states in spread 25
Analyzing 46186 states in spread 26
Analyzing 60000 states in spread 27
Analyzing 60000 states in spread 28
Analyzing 60000 states in spread 29
Analyzing 60000 states in spread 30
Analyzing 60000 states in spread 31
Finished step 109, minimal spread 23, max spread 32, got 2 drops
Total number of curves 397542
Starting step 110
Analyzing 19 states in spread 23
Analyzing 282 states in spread 24
Analyzing 4213 states in spread 25
Analyzing 33028 states in spread 26
Analyzing 60000 states in spread 27
Analyzing 60000 states in spread 28
Analyzing 60000 states in spread 29
Analyzing 60000 states in spread 30
Analyzing 60000 states in spread 31
Finished step 110, minimal spread 23, max spread 32, got 3 drops
Total number of curves 386576
Starting step 111
Analyzing 2 states in spread 23
Analyzing 186 states in spread 24
Analyzing 2030 states in spread 25
Analyzing 24358 states in spread 26
Analyzing 60000 states in spread 27
Analyzing 60000 states in spread 28
Analyzing 60000 states in spread 29
Analyzing 60000 states in spread 30
Analyzing 60000 states in spread 31
Finished step 111, minimal spread 23, max spread 32, got 2 drops
Total number of curves 374305
Starting step 112
Analyzing 1 states in spread 23
Analyzing 47 states in spread 24
Analyzing 1409 states in spread 25
Analyzing 12848 states in spread 26
Analyzing 60000 states in spread 27
Analyzing 60000 states in spread 28
Analyzing 60000 states in spread 29
Analyzing 60000 states in spread 30
Analyzing 60000 states in spread 31
Finished step 112, minimal spread 24, max spread 32, got 4 drops
Total number of curves 369735
Starting step 113
Analyzing 21 states in spread 24
Analyzing 517 states in spread 25
Analyzing 9197 states in spread 26
Analyzing 60000 states in spread 27
Analyzing 60000 states in spread 28
Analyzing 60000 states in spread 29
Analyzing 60000 states in spread 30
Analyzing 60000 states in spread 31
Finished step 113, minimal spread 24, max spread 32, got 1 drops
Total number of curves 353440
Starting step 114
Analyzing 8 states in spread 24
Analyzing 255 states in spread 25
Analyzing 4054 states in spread 26
Analyzing 49123 states in spread 27
Analyzing 60000 states in spread 28
Analyzing 60000 states in spread 29
Analyzing 60000 states in spread 30
Analyzing 60000 states in spread 31
Analyzing 60000 states in spread 32
Finished step 114, minimal spread 24, max spread 33, got 3 drops
Total number of curves 386748
Starting step 115
Analyzing 5 states in spread 24
Analyzing 131 states in spread 25
Analyzing 2124 states in spread 26
Analyzing 24488 states in spread 27
Analyzing 60000 states in spread 28
Analyzing 60000 states in spread 29
Analyzing 60000 states in spread 30
Analyzing 60000 states in spread 31
Analyzing 60000 states in spread 32
Finished step 115, minimal spread 24, max spread 33, got 6 drops
Total number of curves 375126
Starting step 116
Analyzing 4 states in spread 24
Analyzing 71 states in spread 25
Analyzing 1239 states in spread 26
Analyzing 13812 states in spread 27
Analyzing 60000 states in spread 28
Analyzing 60000 states in spread 29
Analyzing 60000 states in spread 30
Analyzing 60000 states in spread 31
Analyzing 60000 states in spread 32
Finished step 116, minimal spread 23, max spread 33, got 8 drops
Total number of curves 369406
Starting step 117
Analyzing 1 states in spread 23
Analyzing 6 states in spread 24
Analyzing 58 states in spread 25
Analyzing 668 states in spread 26
Analyzing 8673 states in spread 27
Analyzing 60000 states in spread 28
Analyzing 60000 states in spread 29
Analyzing 60000 states in spread 30
Analyzing 60000 states in spread 31
Analyzing 60000 states in spread 32
Finished step 117, minimal spread 24, max spread 33, got 6 drops
Total number of curves 352371
Starting step 118
Analyzing 13 states in spread 24
Analyzing 61 states in spread 25
Analyzing 500 states in spread 26
Analyzing 4887 states in spread 27
Analyzing 46910 states in spread 28
Analyzing 60000 states in spread 29
Analyzing 60000 states in spread 30
Analyzing 60000 states in spread 31
Analyzing 60000 states in spread 32
Analyzing 60000 states in spread 33
Finished step 118, minimal spread 24, max spread 34, got 4 drops
Total number of curves 392618
Starting step 119
Analyzing 3 states in spread 24
Analyzing 96 states in spread 25
Analyzing 447 states in spread 26
Analyzing 3487 states in spread 27
Analyzing 28585 states in spread 28
Analyzing 60000 states in spread 29
Analyzing 60000 states in spread 30
Analyzing 60000 states in spread 31
Analyzing 60000 states in spread 32
Analyzing 60000 states in spread 33
Finished step 119, minimal spread 25, max spread 34, got 6 drops
Total number of curves 384291
Starting step 120
Analyzing 35 states in spread 25
Analyzing 596 states in spread 26
Analyzing 2881 states in spread 27
Analyzing 20779 states in spread 28
Analyzing 60000 states in spread 29
Analyzing 60000 states in spread 30
Analyzing 60000 states in spread 31
Analyzing 60000 states in spread 32
Analyzing 60000 states in spread 33
Finished step 120, minimal spread 25, max spread 34, got 0 drops
Total number of curves 380717
Starting step 121
Analyzing 8 states in spread 25
Analyzing 272 states in spread 26
Analyzing 3425 states in spread 27
Analyzing 17012 states in spread 28
Analyzing 60000 states in spread 29
Analyzing 60000 states in spread 30
Analyzing 60000 states in spread 31
Analyzing 60000 states in spread 32
Analyzing 60000 states in spread 33
Finished step 121, minimal spread 25, max spread 34, got 3 drops
Total number of curves 380779
Starting step 122
Analyzing 5 states in spread 25
Analyzing 101 states in spread 26
Analyzing 1765 states in spread 27
Analyzing 18908 states in spread 28
Analyzing 60000 states in spread 29
Analyzing 60000 states in spread 30
Analyzing 60000 states in spread 31
Analyzing 60000 states in spread 32
Analyzing 60000 states in spread 33
Finished step 122, minimal spread 25, max spread 34, got 7 drops
Total number of curves 371412
Starting step 123
Analyzing 3 states in spread 25
Analyzing 65 states in spread 26
Analyzing 798 states in spread 27
Analyzing 10546 states in spread 28
Analyzing 60000 states in spread 29
Analyzing 60000 states in spread 30
Analyzing 60000 states in spread 31
Analyzing 60000 states in spread 32
Analyzing 60000 states in spread 33
Finished step 123, minimal spread 25, max spread 34, got 4 drops
Total number of curves 360606
Starting step 124
Analyzing 2 states in spread 25
Analyzing 36 states in spread 26
Analyzing 524 states in spread 27
Analyzing 5402 states in spread 28
Analyzing 54642 states in spread 29
Analyzing 60000 states in spread 30
Analyzing 60000 states in spread 31
Analyzing 60000 states in spread 32
Analyzing 60000 states in spread 33
Finished step 124, minimal spread 25, max spread 34, got 2 drops
Total number of curves 334703
Starting step 125
Analyzing 1 states in spread 25
Analyzing 25 states in spread 26
Analyzing 288 states in spread 27
Analyzing 3581 states in spread 28
Analyzing 30808 states in spread 29
Analyzing 60000 states in spread 30
Analyzing 60000 states in spread 31
Analyzing 60000 states in spread 32
Analyzing 60000 states in spread 33
Analyzing 60000 states in spread 34
Finished step 125, minimal spread 25, max spread 35, got 3 drops
Total number of curves 383503
Starting step 126
Analyzing 2 states in spread 25
Analyzing 10 states in spread 26
Analyzing 196 states in spread 27
Analyzing 2029 states in spread 28
Analyzing 21266 states in spread 29
Analyzing 60000 states in spread 30
Analyzing 60000 states in spread 31
Analyzing 60000 states in spread 32
Analyzing 60000 states in spread 33
Analyzing 60000 states in spread 34
Finished step 126, minimal spread 25, max spread 35, got 7 drops
Total number of curves 374098
Starting step 127
Analyzing 1 states in spread 25
Analyzing 15 states in spread 26
Analyzing 87 states in spread 27
Analyzing 1381 states in spread 28
Analyzing 12614 states in spread 29
Analyzing 60000 states in spread 30
Analyzing 60000 states in spread 31
Analyzing 60000 states in spread 32
Analyzing 60000 states in spread 33
Analyzing 60000 states in spread 34
Finished step 127, minimal spread 26, max spread 35, got 7 drops
Total number of curves 369487
Starting step 128
Analyzing 7 states in spread 26
Analyzing 99 states in spread 27
Analyzing 708 states in spread 28
Analyzing 8673 states in spread 29
Analyzing 60000 states in spread 30
Analyzing 60000 states in spread 31
Analyzing 60000 states in spread 32
Analyzing 60000 states in spread 33
Analyzing 60000 states in spread 34
Finished step 128, minimal spread 26, max spread 35, got 4 drops
Total number of curves 352221
Starting step 129
Analyzing 1 states in spread 26
Analyzing 56 states in spread 27
Analyzing 631 states in spread 28
Analyzing 4900 states in spread 29
Analyzing 46633 states in spread 30
Analyzing 60000 states in spread 31
Analyzing 60000 states in spread 32
Analyzing 60000 states in spread 33
Analyzing 60000 states in spread 34
Analyzing 60000 states in spread 35
Finished step 129, minimal spread 26, max spread 36, got 4 drops
Total number of curves 393050
Starting step 130
Analyzing 1 states in spread 26
Analyzing 16 states in spread 27
Analyzing 411 states in spread 28
Analyzing 3836 states in spread 29
Analyzing 28786 states in spread 30
Analyzing 60000 states in spread 31
Analyzing 60000 states in spread 32
Analyzing 60000 states in spread 33
Analyzing 60000 states in spread 34
Analyzing 60000 states in spread 35
Finished step 130, minimal spread 27, max spread 36, got 6 drops
Total number of curves 384744
Starting step 131
Analyzing 9 states in spread 27
Analyzing 157 states in spread 28
Analyzing 2700 states in spread 29
Analyzing 21878 states in spread 30
Analyzing 60000 states in spread 31
Analyzing 60000 states in spread 32
Analyzing 60000 states in spread 33
Analyzing 60000 states in spread 34
Analyzing 60000 states in spread 35
Finished step 131, minimal spread 27, max spread 36, got 7 drops
Total number of curves 377322
Starting step 132
Analyzing 2 states in spread 27
Analyzing 90 states in spread 28
Analyzing 1201 states in spread 29
Analyzing 16029 states in spread 30
Analyzing 60000 states in spread 31
Analyzing 60000 states in spread 32
Analyzing 60000 states in spread 33
Analyzing 60000 states in spread 34
Analyzing 60000 states in spread 35
Finished step 132, minimal spread 27, max spread 36, got 8 drops
Total number of curves 368670
Starting step 133
Analyzing 3 states in spread 27
Analyzing 37 states in spread 28
Analyzing 737 states in spread 29
Analyzing 7893 states in spread 30
Analyzing 60000 states in spread 31
Analyzing 60000 states in spread 32
Analyzing 60000 states in spread 33
Analyzing 60000 states in spread 34
Analyzing 60000 states in spread 35
Finished step 133, minimal spread 27, max spread 36, got 6 drops
Total number of curves 347282
Starting step 134
Analyzing 3 states in spread 27
Analyzing 34 states in spread 28
Analyzing 351 states in spread 29
Analyzing 5083 states in spread 30
Analyzing 41811 states in spread 31
Analyzing 60000 states in spread 32
Analyzing 60000 states in spread 33
Analyzing 60000 states in spread 34
Analyzing 60000 states in spread 35
Analyzing 60000 states in spread 36
Finished step 134, minimal spread 28, max spread 37, got 6 drops
Total number of curves 392023
Starting step 135
Analyzing 25 states in spread 28
Analyzing 290 states in spread 29
Analyzing 2697 states in spread 30
Analyzing 29011 states in spread 31
Analyzing 60000 states in spread 32
Analyzing 60000 states in spread 33
Analyzing 60000 states in spread 34
Analyzing 60000 states in spread 35
Analyzing 60000 states in spread 36
Finished step 135, minimal spread 28, max spread 37, got 3 drops
Total number of curves 379138
Starting step 136
Analyzing 6 states in spread 28
Analyzing 183 states in spread 29
Analyzing 2091 states in spread 30
Analyzing 16858 states in spread 31
Analyzing 60000 states in spread 32
Analyzing 60000 states in spread 33
Analyzing 60000 states in spread 34
Analyzing 60000 states in spread 35
Analyzing 60000 states in spread 36
Finished step 136, minimal spread 28, max spread 37, got 2 drops
Total number of curves 374309
Starting step 137
Analyzing 4 states in spread 28
Analyzing 77 states in spread 29
Analyzing 1292 states in spread 30
Analyzing 12936 states in spread 31
Analyzing 60000 states in spread 32
Analyzing 60000 states in spread 33
Analyzing 60000 states in spread 34
Analyzing 60000 states in spread 35
Analyzing 60000 states in spread 36
Finished step 137, minimal spread 28, max spread 37, got 5 drops
Total number of curves 368958
Starting step 138
Analyzing 2 states in spread 28
Analyzing 50 states in spread 29
Analyzing 670 states in spread 30
Analyzing 8236 states in spread 31
Analyzing 60000 states in spread 32
Analyzing 60000 states in spread 33
Analyzing 60000 states in spread 34
Analyzing 60000 states in spread 35
Analyzing 60000 states in spread 36
Finished step 138, minimal spread 28, max spread 37, got 11 drops
Total number of curves 349536
Starting step 139
Analyzing 1 states in spread 28
Analyzing 32 states in spread 29
Analyzing 432 states in spread 30
Analyzing 4725 states in spread 31
Analyzing 44346 states in spread 32
Analyzing 60000 states in spread 33
Analyzing 60000 states in spread 34
Analyzing 60000 states in spread 35
Analyzing 60000 states in spread 36
Analyzing 60000 states in spread 37
Finished step 139, minimal spread 28, max spread 38, got 6 drops
Total number of curves 391045
Starting step 140
Analyzing 1 states in spread 28
Analyzing 19 states in spread 29
Analyzing 289 states in spread 30
Analyzing 3066 states in spread 31
Analyzing 27670 states in spread 32
Analyzing 60000 states in spread 33
Analyzing 60000 states in spread 34
Analyzing 60000 states in spread 35
Analyzing 60000 states in spread 36
Analyzing 60000 states in spread 37
Finished step 140, minimal spread 29, max spread 38, got 4 drops
Total number of curves 380902
Starting step 141
Analyzing 17 states in spread 29
Analyzing 187 states in spread 30
Analyzing 2038 states in spread 31
Analyzing 18660 states in spread 32
Analyzing 60000 states in spread 33
Analyzing 60000 states in spread 34
Analyzing 60000 states in spread 35
Analyzing 60000 states in spread 36
Analyzing 60000 states in spread 37
Finished step 141, minimal spread 29, max spread 38, got 3 drops
Total number of curves 374127
Starting step 142
Analyzing 7 states in spread 29
Analyzing 162 states in spread 30
Analyzing 1392 states in spread 31
Analyzing 12566 states in spread 32
Analyzing 60000 states in spread 33
Analyzing 60000 states in spread 34
Analyzing 60000 states in spread 35
Analyzing 60000 states in spread 36
Analyzing 60000 states in spread 37
Finished step 142, minimal spread 29, max spread 38, got 6 drops
Total number of curves 370170
Starting step 143
Analyzing 4 states in spread 29
Analyzing 82 states in spread 30
Analyzing 1146 states in spread 31
Analyzing 8938 states in spread 32
Analyzing 60000 states in spread 33
Analyzing 60000 states in spread 34
Analyzing 60000 states in spread 35
Analyzing 60000 states in spread 36
Analyzing 60000 states in spread 37
Finished step 143, minimal spread 29, max spread 38, got 2 drops
Total number of curves 355925
Starting step 144
Analyzing 3 states in spread 29
Analyzing 46 states in spread 30
Analyzing 597 states in spread 31
Analyzing 7234 states in spread 32
Analyzing 48045 states in spread 33
Analyzing 60000 states in spread 34
Analyzing 60000 states in spread 35
Analyzing 60000 states in spread 36
Analyzing 60000 states in spread 37
Analyzing 60000 states in spread 38
Finished step 144, minimal spread 29, max spread 39, got 2 drops
Total number of curves 404490
Starting step 145
Analyzing 3 states in spread 29
Analyzing 28 states in spread 30
Analyzing 342 states in spread 31
Analyzing 3945 states in spread 32
Analyzing 40172 states in spread 33
Analyzing 60000 states in spread 34
Analyzing 60000 states in spread 35
Analyzing 60000 states in spread 36
Analyzing 60000 states in spread 37
Analyzing 60000 states in spread 38
Finished step 145, minimal spread 29, max spread 39, got 4 drops
Total number of curves 385974
Starting step 146
Analyzing 3 states in spread 29
Analyzing 28 states in spread 30
Analyzing 200 states in spread 31
Analyzing 2335 states in spread 32
Analyzing 23408 states in spread 33
Analyzing 60000 states in spread 34
Analyzing 60000 states in spread 35
Analyzing 60000 states in spread 36
Analyzing 60000 states in spread 37
Analyzing 60000 states in spread 38
Finished step 146, minimal spread 29, max spread 39, got 5 drops
Total number of curves 376042
Starting step 147
Analyzing 1 states in spread 29
Analyzing 29 states in spread 30
Analyzing 194 states in spread 31
Analyzing 1378 states in spread 32
Analyzing 14440 states in spread 33
Analyzing 60000 states in spread 34
Analyzing 60000 states in spread 35
Analyzing 60000 states in spread 36
Analyzing 60000 states in spread 37
Analyzing 60000 states in spread 38
Finished step 147, minimal spread 30, max spread 39, got 2 drops
Total number of curves 370301
Starting step 148
Analyzing 12 states in spread 30
Analyzing 193 states in spread 31
Analyzing 1235 states in spread 32
Analyzing 8861 states in spread 33
Analyzing 60000 states in spread 34
Analyzing 60000 states in spread 35
Analyzing 60000 states in spread 36
Analyzing 60000 states in spread 37
Analyzing 60000 states in spread 38
Finished step 148, minimal spread 30, max spread 39, got 6 drops
Total number of curves 355483
Starting step 149
Analyzing 3 states in spread 30
Analyzing 95 states in spread 31
Analyzing 1157 states in spread 32
Analyzing 7536 states in spread 33
Analyzing 46692 states in spread 34
Analyzing 60000 states in spread 35
Analyzing 60000 states in spread 36
Analyzing 60000 states in spread 37
Analyzing 60000 states in spread 38
Analyzing 60000 states in spread 39
Finished step 149, minimal spread 30, max spread 40, got 5 drops
Total number of curves 408145
Starting step 150
Analyzing 1 states in spread 30
Analyzing 46 states in spread 31
Analyzing 637 states in spread 32
Analyzing 6655 states in spread 33
Analyzing 40806 states in spread 34
Analyzing 60000 states in spread 35
Analyzing 60000 states in spread 36
Analyzing 60000 states in spread 37
Analyzing 60000 states in spread 38
Analyzing 60000 states in spread 39
Finished step 150, minimal spread 31, max spread 40, got 6 drops
Total number of curves 400161
Starting step 151
Analyzing 19 states in spread 31
Analyzing 376 states in spread 32
Analyzing 3957 states in spread 33
Analyzing 35809 states in spread 34
Analyzing 60000 states in spread 35
Analyzing 60000 states in spread 36
Analyzing 60000 states in spread 37
Analyzing 60000 states in spread 38
Analyzing 60000 states in spread 39
Finished step 151, minimal spread 31, max spread 40, got 3 drops
Total number of curves 385443
Starting step 152
Analyzing 6 states in spread 31
Analyzing 176 states in spread 32
Analyzing 2520 states in spread 33
Analyzing 22741 states in spread 34
Analyzing 60000 states in spread 35
Analyzing 60000 states in spread 36
Analyzing 60000 states in spread 37
Analyzing 60000 states in spread 38
Analyzing 60000 states in spread 39
Finished step 152, minimal spread 31, max spread 40, got 9 drops
Total number of curves 376519
Starting step 153
Analyzing 5 states in spread 31
Analyzing 87 states in spread 32
Analyzing 1300 states in spread 33
Analyzing 15127 states in spread 34
Analyzing 60000 states in spread 35
Analyzing 60000 states in spread 36
Analyzing 60000 states in spread 37
Analyzing 60000 states in spread 38
Analyzing 60000 states in spread 39
Finished step 153, minimal spread 31, max spread 40, got 2 drops
Total number of curves 369210
Starting step 154
Analyzing 3 states in spread 31
Analyzing 60 states in spread 32
Analyzing 745 states in spread 33
Analyzing 8402 states in spread 34
Analyzing 60000 states in spread 35
Analyzing 60000 states in spread 36
Analyzing 60000 states in spread 37
Analyzing 60000 states in spread 38
Analyzing 60000 states in spread 39
Finished step 154, minimal spread 31, max spread 40, got 6 drops
Total number of curves 349546
Starting step 155
Analyzing 1 states in spread 31
Analyzing 41 states in spread 32
Analyzing 487 states in spread 33
Analyzing 5214 states in spread 34
Analyzing 43803 states in spread 35
Analyzing 60000 states in spread 36
Analyzing 60000 states in spread 37
Analyzing 60000 states in spread 38
Analyzing 60000 states in spread 39
Analyzing 60000 states in spread 40
Finished step 155, minimal spread 31, max spread 41, got 5 drops
Total number of curves 393347
Starting step 156
Analyzing 2 states in spread 31
Analyzing 17 states in spread 32
Analyzing 348 states in spread 33
Analyzing 3393 states in spread 34
Analyzing 29587 states in spread 35
Analyzing 60000 states in spread 36
Analyzing 60000 states in spread 37
Analyzing 60000 states in spread 38
Analyzing 60000 states in spread 39
Analyzing 60000 states in spread 40
Finished step 156, minimal spread 31, max spread 41, got 3 drops
Total number of curves 382591
Starting step 157
Analyzing 1 states in spread 31
Analyzing 21 states in spread 32
Analyzing 157 states in spread 33
Analyzing 2438 states in spread 34
Analyzing 19974 states in spread 35
Analyzing 60000 states in spread 36
Analyzing 60000 states in spread 37
Analyzing 60000 states in spread 38
Analyzing 60000 states in spread 39
Analyzing 60000 states in spread 40
Finished step 157, minimal spread 32, max spread 41, got 2 drops
Total number of curves 376022
Starting step 158
Analyzing 11 states in spread 32
Analyzing 154 states in spread 33
Analyzing 1207 states in spread 34
Analyzing 14650 states in spread 35
Analyzing 60000 states in spread 36
Analyzing 60000 states in spread 37
Analyzing 60000 states in spread 38
Analyzing 60000 states in spread 39
Analyzing 60000 states in spread 40
Finished step 158, minimal spread 32, max spread 41, got 5 drops
Total number of curves 368949
Starting step 159
Analyzing 3 states in spread 32
Analyzing 101 states in spread 33
Analyzing 1008 states in spread 34
Analyzing 7837 states in spread 35
Analyzing 60000 states in spread 36
Analyzing 60000 states in spread 37
Analyzing 60000 states in spread 38
Analyzing 60000 states in spread 39
Analyzing 60000 states in spread 40
Finished step 159, minimal spread 31, max spread 41, got 7 drops
Total number of curves 348674
Starting step 160
Analyzing 1 states in spread 31
Analyzing 2 states in spread 32
Analyzing 39 states in spread 33
Analyzing 738 states in spread 34
Analyzing 6098 states in spread 35
Analyzing 41796 states in spread 36
Analyzing 60000 states in spread 37
Analyzing 60000 states in spread 38
Analyzing 60000 states in spread 39
Analyzing 60000 states in spread 40
Analyzing 60000 states in spread 41
Finished step 160, minimal spread 31, max spread 42, got 4 drops
Total number of curves 398148
Starting step 161
Analyzing 2 states in spread 31
Analyzing 7 states in spread 32
Analyzing 24 states in spread 33
Analyzing 338 states in spread 34
Analyzing 4677 states in spread 35
Analyzing 33100 states in spread 36
Analyzing 60000 states in spread 37
Analyzing 60000 states in spread 38
Analyzing 60000 states in spread 39
Analyzing 60000 states in spread 40
Analyzing 60000 states in spread 41
Finished step 161, minimal spread 31, max spread 42, got 4 drops
Total number of curves 389137
Starting step 162
Analyzing 3 states in spread 31
Analyzing 16 states in spread 32
Analyzing 42 states in spread 33
Analyzing 219 states in spread 34
Analyzing 2371 states in spread 35
Analyzing 26486 states in spread 36
Analyzing 60000 states in spread 37
Analyzing 60000 states in spread 38
Analyzing 60000 states in spread 39
Analyzing 60000 states in spread 40
Analyzing 60000 states in spread 41
Finished step 162, minimal spread 32, max spread 42, got 6 drops
Total number of curves 376445
Starting step 163
Analyzing 28 states in spread 32
Analyzing 91 states in spread 33
Analyzing 272 states in spread 34
Analyzing 1588 states in spread 35
Analyzing 14466 states in spread 36
Analyzing 60000 states in spread 37
Analyzing 60000 states in spread 38
Analyzing 60000 states in spread 39
Analyzing 60000 states in spread 40
Analyzing 60000 states in spread 41
Finished step 163, minimal spread 32, max spread 42, got 6 drops
Total number of curves 372375
Starting step 164
Analyzing 3 states in spread 32
Analyzing 166 states in spread 33
Analyzing 510 states in spread 34
Analyzing 1683 states in spread 35
Analyzing 10013 states in spread 36
Analyzing 60000 states in spread 37
Analyzing 60000 states in spread 38
Analyzing 60000 states in spread 39
Analyzing 60000 states in spread 40
Analyzing 60000 states in spread 41
Finished step 164, minimal spread 32, max spread 42, got 3 drops
Total number of curves 366484
Starting step 165
Analyzing 5 states in spread 32
Analyzing 34 states in spread 33
Analyzing 887 states in spread 34
Analyzing 2781 states in spread 35
Analyzing 9811 states in spread 36
Analyzing 52966 states in spread 37
Analyzing 60000 states in spread 38
Analyzing 60000 states in spread 39
Analyzing 60000 states in spread 40
Analyzing 60000 states in spread 41
Finished step 165, minimal spread 32, max spread 42, got 3 drops
Total number of curves 372063
Starting step 166
Analyzing 2 states in spread 32
Analyzing 49 states in spread 33
Analyzing 262 states in spread 34
Analyzing 4579 states in spread 35
Analyzing 14775 states in spread 36
Analyzing 52396 states in spread 37
Analyzing 60000 states in spread 38
Analyzing 60000 states in spread 39
Analyzing 60000 states in spread 40
Analyzing 60000 states in spread 41
Finished step 166, minimal spread 32, max spread 42, got 2 drops
Total number of curves 385343
Starting step 167
Analyzing 1 states in spread 32
Analyzing 19 states in spread 33
Analyzing 325 states in spread 34
Analyzing 1693 states in spread 35
Analyzing 23305 states in spread 36
Analyzing 60000 states in spread 37
Analyzing 60000 states in spread 38
Analyzing 60000 states in spread 39
Analyzing 60000 states in spread 40
Analyzing 60000 states in spread 41
Finished step 167, minimal spread 33, max spread 42, got 5 drops
Total number of curves 372005
Starting step 168
Analyzing 12 states in spread 33
Analyzing 133 states in spread 34
Analyzing 1905 states in spread 35
Analyzing 9955 states in spread 36
Analyzing 60000 states in spread 37
Analyzing 60000 states in spread 38
Analyzing 60000 states in spread 39
Analyzing 60000 states in spread 40
Analyzing 60000 states in spread 41
Finished step 168, minimal spread 33, max spread 42, got 7 drops
Total number of curves 363421
Starting step 169
Analyzing 5 states in spread 33
Analyzing 86 states in spread 34
Analyzing 840 states in spread 35
Analyzing 10599 states in spread 36
Analyzing 51891 states in spread 37
Analyzing 60000 states in spread 38
Analyzing 60000 states in spread 39
Analyzing 60000 states in spread 40
Analyzing 60000 states in spread 41
Finished step 169, minimal spread 34, max spread 42, got 5 drops
Total number of curves 360976
Starting step 170
Analyzing 54 states in spread 34
Analyzing 546 states in spread 35
Analyzing 5084 states in spread 36
Analyzing 55292 states in spread 37
Analyzing 60000 states in spread 38
Analyzing 60000 states in spread 39
Analyzing 60000 states in spread 40
Analyzing 60000 states in spread 41
Finished step 170, minimal spread 34, max spread 42, got 6 drops
Total number of curves 332453
Starting step 171
Analyzing 13 states in spread 34
Analyzing 397 states in spread 35
Analyzing 3342 states in spread 36
Analyzing 28701 states in spread 37
Analyzing 60000 states in spread 38
Analyzing 60000 states in spread 39
Analyzing 60000 states in spread 40
Analyzing 60000 states in spread 41
Analyzing 60000 states in spread 42
Finished step 171, minimal spread 34, max spread 43, got 1 drops
Total number of curves 382008
Starting step 172
Analyzing 8 states in spread 34
Analyzing 151 states in spread 35
Analyzing 2521 states in spread 36
Analyzing 19328 states in spread 37
Analyzing 60000 states in spread 38
Analyzing 60000 states in spread 39
Analyzing 60000 states in spread 40
Analyzing 60000 states in spread 41
Analyzing 60000 states in spread 42
Finished step 172, minimal spread 34, max spread 43, got 3 drops
Total number of curves 376066
Starting step 173
Analyzing 4 states in spread 34
Analyzing 89 states in spread 35
Analyzing 1197 states in spread 36
Analyzing 14776 states in spread 37
Analyzing 60000 states in spread 38
Analyzing 60000 states in spread 39
Analyzing 60000 states in spread 40
Analyzing 60000 states in spread 41
Analyzing 60000 states in spread 42
Finished step 173, minimal spread 34, max spread 43, got 4 drops
Total number of curves 368730
Starting step 174
Analyzing 3 states in spread 34
Analyzing 52 states in spread 35
Analyzing 711 states in spread 36
Analyzing 7964 states in spread 37
Analyzing 60000 states in spread 38
Analyzing 60000 states in spread 39
Analyzing 60000 states in spread 40
Analyzing 60000 states in spread 41
Analyzing 60000 states in spread 42
Finished step 174, minimal spread 34, max spread 43, got 5 drops
Total number of curves 348505
Starting step 175
Analyzing 4 states in spread 34
Analyzing 35 states in spread 35
Analyzing 440 states in spread 36
Analyzing 4874 states in spread 37
Analyzing 43152 states in spread 38
Analyzing 60000 states in spread 39
Analyzing 60000 states in spread 40
Analyzing 60000 states in spread 41
Analyzing 60000 states in spread 42
Analyzing 60000 states in spread 43
Finished step 175, minimal spread 34, max spread 44, got 4 drops
Total number of curves 391371
Starting step 176
Analyzing 4 states in spread 34
Analyzing 42 states in spread 35
Analyzing 284 states in spread 36
Analyzing 3120 states in spread 37
Analyzing 27921 states in spread 38
Analyzing 60000 states in spread 39
Analyzing 60000 states in spread 40
Analyzing 60000 states in spread 41
Analyzing 60000 states in spread 42
Analyzing 60000 states in spread 43
Finished step 176, minimal spread 34, max spread 44, got 5 drops
Total number of curves 381179
Starting step 177
Analyzing 2 states in spread 34
Analyzing 48 states in spread 35
Analyzing 294 states in spread 36
Analyzing 2004 states in spread 37
Analyzing 18831 states in spread 38
Analyzing 60000 states in spread 39
Analyzing 60000 states in spread 40
Analyzing 60000 states in spread 41
Analyzing 60000 states in spread 42
Analyzing 60000 states in spread 43
Finished step 177, minimal spread 34, max spread 44, got 4 drops
Total number of curves 374526
Starting step 178
Analyzing 1 states in spread 34
Analyzing 26 states in spread 35
Analyzing 332 states in spread 36
Analyzing 1872 states in spread 37
Analyzing 12295 states in spread 38
Analyzing 60000 states in spread 39
Analyzing 60000 states in spread 40
Analyzing 60000 states in spread 41
Analyzing 60000 states in spread 42
Analyzing 60000 states in spread 43
Finished step 178, minimal spread 34, max spread 44, got 8 drops
Total number of curves 373227
Starting step 179
Analyzing 1 states in spread 34
Analyzing 10 states in spread 35
Analyzing 212 states in spread 36
Analyzing 2004 states in spread 37
Analyzing 11000 states in spread 38
Analyzing 60000 states in spread 39
Analyzing 60000 states in spread 40
Analyzing 60000 states in spread 41
Analyzing 60000 states in spread 42
Analyzing 60000 states in spread 43
Finished step 179, minimal spread 34, max spread 44, got 9 drops
Total number of curves 370238
Starting step 180
Analyzing 1 states in spread 34
Analyzing 10 states in spread 35
Analyzing 98 states in spread 36
Analyzing 1410 states in spread 37
Analyzing 11245 states in spread 38
Analyzing 57474 states in spread 39
Analyzing 60000 states in spread 40
Analyzing 60000 states in spread 41
Analyzing 60000 states in spread 42
Analyzing 60000 states in spread 43
Finished step 180, minimal spread 35, max spread 44, got 13 drops
Total number of curves 368204
Starting step 181
Analyzing 10 states in spread 35
Analyzing 82 states in spread 36
Analyzing 782 states in spread 37
Analyzing 8365 states in spread 38
Analyzing 58965 states in spread 39
Analyzing 60000 states in spread 40
Analyzing 60000 states in spread 41
Analyzing 60000 states in spread 42
Analyzing 60000 states in spread 43
Finished step 181, minimal spread 35, max spread 44, got 9 drops
Total number of curves 351548
Starting step 182
Analyzing 2 states in spread 35
Analyzing 73 states in spread 36
Analyzing 591 states in spread 37
Analyzing 5162 states in spread 38
Analyzing 45720 states in spread 39
Analyzing 60000 states in spread 40
Analyzing 60000 states in spread 41
Analyzing 60000 states in spread 42
Analyzing 60000 states in spread 43
Analyzing 60000 states in spread 44
Finished step 182, minimal spread 35, max spread 45, got 7 drops
Total number of curves 394701
Starting step 183
Analyzing 2 states in spread 35
Analyzing 26 states in spread 36
Analyzing 470 states in spread 37
Analyzing 3809 states in spread 38
Analyzing 30394 states in spread 39
Analyzing 60000 states in spread 40
Analyzing 60000 states in spread 41
Analyzing 60000 states in spread 42
Analyzing 60000 states in spread 43
Analyzing 60000 states in spread 44
Finished step 183, minimal spread 35, max spread 45, got 9 drops
Total number of curves 385696
Starting step 184
Analyzing 2 states in spread 35
Analyzing 21 states in spread 36
Analyzing 214 states in spread 37
Analyzing 2865 states in spread 38
Analyzing 22594 states in spread 39
Analyzing 60000 states in spread 40
Analyzing 60000 states in spread 41
Analyzing 60000 states in spread 42
Analyzing 60000 states in spread 43
Analyzing 60000 states in spread 44
Finished step 184, minimal spread 35, max spread 45, got 4 drops
Total number of curves 378372
Starting step 185
Analyzing 1 states in spread 35
Analyzing 22 states in spread 36
Analyzing 168 states in spread 37
Analyzing 1487 states in spread 38
Analyzing 16694 states in spread 39
Analyzing 60000 states in spread 40
Analyzing 60000 states in spread 41
Analyzing 60000 states in spread 42
Analyzing 60000 states in spread 43
Analyzing 60000 states in spread 44
Finished step 185, minimal spread 36, max spread 45, got 7 drops
Total number of curves 370706
Starting step 186
Analyzing 11 states in spread 36
Analyzing 163 states in spread 37
Analyzing 1135 states in spread 38
Analyzing 9397 states in spread 39
Analyzing 60000 states in spread 40
Analyzing 60000 states in spread 41
Analyzing 60000 states in spread 42
Analyzing 60000 states in spread 43
Analyzing 60000 states in spread 44
Finished step 186, minimal spread 36, max spread 45, got 7 drops
Total number of curves 357143
Starting step 187
Analyzing 2 states in spread 36
Analyzing 80 states in spread 37
Analyzing 1030 states in spread 38
Analyzing 7064 states in spread 39
Analyzing 48967 states in spread 40
Analyzing 60000 states in spread 41
Analyzing 60000 states in spread 42
Analyzing 60000 states in spread 43
Analyzing 60000 states in spread 44
Analyzing 60000 states in spread 45
Finished step 187, minimal spread 36, max spread 46, got 5 drops
Total number of curves 405112
Starting step 188
Analyzing 2 states in spread 36
Analyzing 22 states in spread 37
Analyzing 535 states in spread 38
Analyzing 6138 states in spread 39
Analyzing 38415 states in spread 40
Analyzing 60000 states in spread 41
Analyzing 60000 states in spread 42
Analyzing 60000 states in spread 43
Analyzing 60000 states in spread 44
Analyzing 60000 states in spread 45
Finished step 188, minimal spread 36, max spread 46, got 2 drops
Total number of curves 397390
Starting step 189
Analyzing 2 states in spread 36
Analyzing 17 states in spread 37
Analyzing 188 states in spread 38
Analyzing 3427 states in spread 39
Analyzing 33756 states in spread 40
Analyzing 60000 states in spread 41
Analyzing 60000 states in spread 42
Analyzing 60000 states in spread 43
Analyzing 60000 states in spread 44
Analyzing 60000 states in spread 45
Finished step 189, minimal spread 36, max spread 46, got 3 drops
Total number of curves 381612
Starting step 190
Analyzing 2 states in spread 36
Analyzing 19 states in spread 37
Analyzing 122 states in spread 38
Analyzing 1476 states in spread 39
Analyzing 19993 states in spread 40
Analyzing 60000 states in spread 41
Analyzing 60000 states in spread 42
Analyzing 60000 states in spread 43
Analyzing 60000 states in spread 44
Analyzing 60000 states in spread 45
Finished step 190, minimal spread 35, max spread 46, got 5 drops
Total number of curves 370853
Starting step 191
Analyzing 1 states in spread 35
Analyzing 2 states in spread 36
Analyzing 19 states in spread 37
Analyzing 122 states in spread 38
Analyzing 902 states in spread 39
Analyzing 9807 states in spread 40
Analyzing 60000 states in spread 41
Analyzing 60000 states in spread 42
Analyzing 60000 states in spread 43
Analyzing 60000 states in spread 44
Analyzing 60000 states in spread 45
Finished step 191, minimal spread 35, max spread 46, got 2 drops
Total number of curves 357683
Starting step 192
Analyzing 2 states in spread 35
Analyzing 9 states in spread 36
Analyzing 12 states in spread 37
Analyzing 123 states in spread 38
Analyzing 779 states in spread 39
Analyzing 6069 states in spread 40
Analyzing 50689 states in spread 41
Analyzing 60000 states in spread 42
Analyzing 60000 states in spread 43
Analyzing 60000 states in spread 44
Analyzing 60000 states in spread 45
Analyzing 60000 states in spread 46
Finished step 192, minimal spread 35, max spread 47, got 2 drops
Total number of curves 399510
Starting step 193
Analyzing 1 states in spread 35
Analyzing 15 states in spread 36
Analyzing 52 states in spread 37
Analyzing 73 states in spread 38
Analyzing 750 states in spread 39
Analyzing 4840 states in spread 40
Analyzing 33779 states in spread 41
Analyzing 60000 states in spread 42
Analyzing 60000 states in spread 43
Analyzing 60000 states in spread 44
Analyzing 60000 states in spread 45
Analyzing 60000 states in spread 46
Finished step 193, minimal spread 35, max spread 47, got 3 drops
Total number of curves 392448
Starting step 194
Analyzing 1 states in spread 35
Analyzing 9 states in spread 36
Analyzing 79 states in spread 37
Analyzing 282 states in spread 38
Analyzing 456 states in spread 39
Analyzing 4489 states in spread 40
Analyzing 27132 states in spread 41
Analyzing 60000 states in spread 42
Analyzing 60000 states in spread 43
Analyzing 60000 states in spread 44
Analyzing 60000 states in spread 45
Analyzing 60000 states in spread 46
Finished step 194, minimal spread 36, max spread 47, got 5 drops
Total number of curves 389816
Starting step 195
Analyzing 7 states in spread 36
Analyzing 62 states in spread 37
Analyzing 392 states in spread 38
Analyzing 1497 states in spread 39
Analyzing 2760 states in spread 40
Analyzing 25098 states in spread 41
Analyzing 60000 states in spread 42
Analyzing 60000 states in spread 43
Analyzing 60000 states in spread 44
Analyzing 60000 states in spread 45
Analyzing 60000 states in spread 46
Finished step 195, minimal spread 36, max spread 47, got 5 drops
Total number of curves 386005
Starting step 196
Analyzing 1 states in spread 36
Analyzing 44 states in spread 37
Analyzing 360 states in spread 38
Analyzing 1936 states in spread 39
Analyzing 7802 states in spread 40
Analyzing 15862 states in spread 41
Analyzing 60000 states in spread 42
Analyzing 60000 states in spread 43
Analyzing 60000 states in spread 44
Analyzing 60000 states in spread 45
Analyzing 60000 states in spread 46
Finished step 196, minimal spread 37, max spread 47, got 3 drops
Total number of curves 411832
Starting step 197
Analyzing 18 states in spread 37
Analyzing 249 states in spread 38
Analyzing 1930 states in spread 39
Analyzing 9611 states in spread 40
Analyzing 40024 states in spread 41
Analyzing 60000 states in spread 42
Analyzing 60000 states in spread 43
Analyzing 60000 states in spread 44
Analyzing 60000 states in spread 45
Analyzing 60000 states in spread 46
Finished step 197, minimal spread 37, max spread 47, got 3 drops
Total number of curves 419356
Starting step 198
Analyzing 3 states in spread 37
Analyzing 150 states in spread 38
Analyzing 1339 states in spread 39
Analyzing 9954 states in spread 40
Analyzing 47910 states in spread 41
Analyzing 60000 states in spread 42
Analyzing 60000 states in spread 43
Analyzing 60000 states in spread 44
Analyzing 60000 states in spread 45
Analyzing 60000 states in spread 46
Finished step 198, minimal spread 37, max spread 47, got 3 drops
Total number of curves 418528
Starting step 199
Analyzing 2 states in spread 37
Analyzing 33 states in spread 38
Analyzing 961 states in spread 39
Analyzing 7033 states in spread 40
Analyzing 50499 states in spread 41
Analyzing 60000 states in spread 42
Analyzing 60000 states in spread 43
Analyzing 60000 states in spread 44
Analyzing 60000 states in spread 45
Analyzing 60000 states in spread 46
Finished step 199, minimal spread 37, max spread 47, got 1 drops
Total number of curves 402347
Starting step 200
Analyzing 1 states in spread 37
Analyzing 21 states in spread 38
Analyzing 259 states in spread 39
Analyzing 5512 states in spread 40
Analyzing 36554 states in spread 41
Analyzing 60000 states in spread 42
Analyzing 60000 states in spread 43
Analyzing 60000 states in spread 44
Analyzing 60000 states in spread 45
Analyzing 60000 states in spread 46
Finished step 200, minimal spread 37, max spread 47, got 2 drops
Total number of curves 391960
Starting step 201
Analyzing 1 states in spread 37
Analyzing 13 states in spread 38
Analyzing 169 states in spread 39
Analyzing 1766 states in spread 40
Analyzing 30011 states in spread 41
Analyzing 60000 states in spread 42
Analyzing 60000 states in spread 43
Analyzing 60000 states in spread 44
Analyzing 60000 states in spread 45
Analyzing 60000 states in spread 46
Finished step 201, minimal spread 38, max spread 47, got 2 drops
Total number of curves 372471
Starting step 202
Analyzing 12 states in spread 38
Analyzing 118 states in spread 39
Analyzing 1177 states in spread 40
Analyzing 11164 states in spread 41
Analyzing 60000 states in spread 42
Analyzing 60000 states in spread 43
Analyzing 60000 states in spread 44
Analyzing 60000 states in spread 45
Analyzing 60000 states in spread 46
Finished step 202, minimal spread 38, max spread 47, got 3 drops
Total number of curves 365223
Starting step 203
Analyzing 2 states in spread 38
Analyzing 96 states in spread 39
Analyzing 851 states in spread 40
Analyzing 7570 states in spread 41
Analyzing 56704 states in spread 42
Analyzing 60000 states in spread 43
Analyzing 60000 states in spread 44
Analyzing 60000 states in spread 45
Analyzing 60000 states in spread 46
Finished step 203, minimal spread 38, max spread 47, got 5 drops
Total number of curves 347161
Starting step 204
Analyzing 1 states in spread 38
Analyzing 33 states in spread 39
Analyzing 669 states in spread 40
Analyzing 5486 states in spread 41
Analyzing 40972 states in spread 42
Analyzing 60000 states in spread 43
Analyzing 60000 states in spread 44
Analyzing 60000 states in spread 45
Analyzing 60000 states in spread 46
Analyzing 60000 states in spread 47
Finished step 204, minimal spread 39, max spread 48, got 3 drops
Total number of curves 395344
Starting step 205
Analyzing 17 states in spread 39
Analyzing 312 states in spread 40
Analyzing 4236 states in spread 41
Analyzing 30779 states in spread 42
Analyzing 60000 states in spread 43
Analyzing 60000 states in spread 44
Analyzing 60000 states in spread 45
Analyzing 60000 states in spread 46
Analyzing 60000 states in spread 47
Finished step 205, minimal spread 39, max spread 48, got 6 drops
Total number of curves 386658
Starting step 206
Analyzing 4 states in spread 39
Analyzing 158 states in spread 40
Analyzing 2261 states in spread 41
Analyzing 24235 states in spread 42
Analyzing 60000 states in spread 43
Analyzing 60000 states in spread 44
Analyzing 60000 states in spread 45
Analyzing 60000 states in spread 46
Analyzing 60000 states in spread 47
Finished step 206, minimal spread 39, max spread 48, got 6 drops
Total number of curves 375288
Starting step 207
Analyzing 2 states in spread 39
Analyzing 62 states in spread 40
Analyzing 1204 states in spread 41
Analyzing 14020 states in spread 42
Analyzing 60000 states in spread 43
Analyzing 60000 states in spread 44
Analyzing 60000 states in spread 45
Analyzing 60000 states in spread 46
Analyzing 60000 states in spread 47
Finished step 207, minimal spread 39, max spread 48, got 5 drops
Total number of curves 368559
Starting step 208
Analyzing 1 states in spread 39
Analyzing 32 states in spread 40
Analyzing 566 states in spread 41
Analyzing 7960 states in spread 42
Analyzing 60000 states in spread 43
Analyzing 60000 states in spread 44
Analyzing 60000 states in spread 45
Analyzing 60000 states in spread 46
Analyzing 60000 states in spread 47
Finished step 208, minimal spread 39, max spread 48, got 4 drops
Total number of curves 348271
Starting step 209
Analyzing 1 states in spread 39
Analyzing 16 states in spread 40
Analyzing 321 states in spread 41
Analyzing 4152 states in spread 42
Analyzing 43781 states in spread 43
Analyzing 60000 states in spread 44
Analyzing 60000 states in spread 45
Analyzing 60000 states in spread 46
Analyzing 60000 states in spread 47
Analyzing 60000 states in spread 48
Finished step 209, minimal spread 39, max spread 49, got 6 drops
Total number of curves 387742
Starting step 210
Analyzing 1 states in spread 39
Analyzing 16 states in spread 40
Analyzing 175 states in spread 41
Analyzing 2459 states in spread 42
Analyzing 25091 states in spread 43
Analyzing 60000 states in spread 44
Analyzing 60000 states in spread 45
Analyzing 60000 states in spread 46
Analyzing 60000 states in spread 47
Analyzing 60000 states in spread 48
Finished step 210, minimal spread 39, max spread 49, got 8 drops
Total number of curves 377115
Starting step 211
Analyzing 2 states in spread 39
Analyzing 15 states in spread 40
Analyzing 153 states in spread 41
Analyzing 1407 states in spread 42
Analyzing 15538 states in spread 43
Analyzing 60000 states in spread 44
Analyzing 60000 states in spread 45
Analyzing 60000 states in spread 46
Analyzing 60000 states in spread 47
Analyzing 60000 states in spread 48
Finished step 211, minimal spread 39, max spread 49, got 6 drops
Total number of curves 370685
Starting step 212
Analyzing 1 states in spread 39
Analyzing 18 states in spread 40
Analyzing 129 states in spread 41
Analyzing 1140 states in spread 42
Analyzing 9397 states in spread 43
Analyzing 60000 states in spread 44
Analyzing 60000 states in spread 45
Analyzing 60000 states in spread 46
Analyzing 60000 states in spread 47
Analyzing 60000 states in spread 48
Finished step 212, minimal spread 39, max spread 49, got 7 drops
Total number of curves 359540
Starting step 213
Analyzing 1 states in spread 39
Analyzing 9 states in spread 40
Analyzing 118 states in spread 41
Analyzing 924 states in spread 42
Analyzing 7369 states in spread 43
Analyzing 51119 states in spread 44
Analyzing 60000 states in spread 45
Analyzing 60000 states in spread 46
Analyzing 60000 states in spread 47
Analyzing 60000 states in spread 48
Analyzing 60000 states in spread 49
Finished step 213, minimal spread 40, max spread 50, got 7 drops
Total number of curves 408058
Starting step 214
Analyzing 8 states in spread 40
Analyzing 63 states in spread 41
Analyzing 756 states in spread 42
Analyzing 5898 states in spread 43
Analyzing 41333 states in spread 44
Analyzing 60000 states in spread 45
Analyzing 60000 states in spread 46
Analyzing 60000 states in spread 47
Analyzing 60000 states in spread 48
Analyzing 60000 states in spread 49
Finished step 214, minimal spread 40, max spread 50, got 1 drops
Total number of curves 398969
Starting step 215
Analyzing 1 states in spread 40
Analyzing 49 states in spread 41
Analyzing 432 states in spread 42
Analyzing 4627 states in spread 43
Analyzing 33860 states in spread 44
Analyzing 60000 states in spread 45
Analyzing 60000 states in spread 46
Analyzing 60000 states in spread 47
Analyzing 60000 states in spread 48
Analyzing 60000 states in spread 49
Finished step 215, minimal spread 41, max spread 50, got 4 drops
Total number of curves 389709
Starting step 216
Analyzing 12 states in spread 41
Analyzing 300 states in spread 42
Analyzing 2811 states in spread 43
Analyzing 26586 states in spread 44
Analyzing 60000 states in spread 45
Analyzing 60000 states in spread 46
Analyzing 60000 states in spread 47
Analyzing 60000 states in spread 48
Analyzing 60000 states in spread 49
Finished step 216, minimal spread 41, max spread 50, got 2 drops
Total number of curves 378971
Starting step 217
Analyzing 2 states in spread 41
Analyzing 113 states in spread 42
Analyzing 1841 states in spread 43
Analyzing 17015 states in spread 44
Analyzing 60000 states in spread 45
Analyzing 60000 states in spread 46
Analyzing 60000 states in spread 47
Analyzing 60000 states in spread 48
Analyzing 60000 states in spread 49
Finished step 217, minimal spread 41, max spread 50, got 7 drops
Total number of curves 371949
Starting step 218
Analyzing 2 states in spread 41
Analyzing 41 states in spread 42
Analyzing 890 states in spread 43
Analyzing 11016 states in spread 44
Analyzing 60000 states in spread 45
Analyzing 60000 states in spread 46
Analyzing 60000 states in spread 47
Analyzing 60000 states in spread 48
Analyzing 60000 states in spread 49
Finished step 218, minimal spread 41, max spread 50, got 6 drops
Total number of curves 363143
Starting step 219
Analyzing 2 states in spread 41
Analyzing 34 states in spread 42
Analyzing 424 states in spread 43
Analyzing 6083 states in spread 44
Analyzing 56600 states in spread 45
Analyzing 60000 states in spread 46
Analyzing 60000 states in spread 47
Analyzing 60000 states in spread 48
Analyzing 60000 states in spread 49
Finished step 219, minimal spread 41, max spread 50, got 2 drops
Total number of curves 338340
Starting step 220
Analyzing 1 states in spread 41
Analyzing 28 states in spread 42
Analyzing 302 states in spread 43
Analyzing 3277 states in spread 44
Analyzing 34732 states in spread 45
Analyzing 60000 states in spread 46
Analyzing 60000 states in spread 47
Analyzing 60000 states in spread 48
Analyzing 60000 states in spread 49
Analyzing 60000 states in spread 50
Finished step 220, minimal spread 41, max spread 51, got 1 drops
Total number of curves 382829
Starting step 221
Analyzing 1 states in spread 41
Analyzing 14 states in spread 42
Analyzing 232 states in spread 43
Analyzing 2233 states in spread 44
Analyzing 20349 states in spread 45
Analyzing 60000 states in spread 46
Analyzing 60000 states in spread 47
Analyzing 60000 states in spread 48
Analyzing 60000 states in spread 49
Analyzing 60000 states in spread 50
Finished step 221, minimal spread 41, max spread 51, got 3 drops
Total number of curves 375854
Starting step 222
Analyzing 1 states in spread 41
Analyzing 9 states in spread 42
Analyzing 115 states in spread 43
Analyzing 1676 states in spread 44
Analyzing 14053 states in spread 45
Analyzing 60000 states in spread 46
Analyzing 60000 states in spread 47
Analyzing 60000 states in spread 48
Analyzing 60000 states in spread 49
Analyzing 60000 states in spread 50
Finished step 222, minimal spread 41, max spread 51, got 3 drops
Total number of curves 371473
Starting step 223
Analyzing 1 states in spread 41
Analyzing 8 states in spread 42
Analyzing 64 states in spread 43
Analyzing 894 states in spread 44
Analyzing 10506 states in spread 45
Analyzing 60000 states in spread 46
Analyzing 60000 states in spread 47
Analyzing 60000 states in spread 48
Analyzing 60000 states in spread 49
Analyzing 60000 states in spread 50
Finished step 223, minimal spread 42, max spread 51, got 3 drops
Total number of curves 361685
Starting step 224
Analyzing 10 states in spread 42
Analyzing 52 states in spread 43
Analyzing 472 states in spread 44
Analyzing 6021 states in spread 45
Analyzing 55130 states in spread 46
Analyzing 60000 states in spread 47
Analyzing 60000 states in spread 48
Analyzing 60000 states in spread 49
Analyzing 60000 states in spread 50
Finished step 224, minimal spread 42, max spread 51, got 3 drops
Total number of curves 338160
Starting step 225
Analyzing 2 states in spread 42
Analyzing 59 states in spread 43
Analyzing 345 states in spread 44
Analyzing 3226 states in spread 45
Analyzing 34528 states in spread 46
Analyzing 60000 states in spread 47
Analyzing 60000 states in spread 48
Analyzing 60000 states in spread 49
Analyzing 60000 states in spread 50
Analyzing 60000 states in spread 51
Finished step 225, minimal spread 42, max spread 52, got 1 drops
Total number of curves 382239
Starting step 226
Analyzing 1 states in spread 42
Analyzing 20 states in spread 43
Analyzing 325 states in spread 44
Analyzing 2293 states in spread 45
Analyzing 19600 states in spread 46
Analyzing 60000 states in spread 47
Analyzing 60000 states in spread 48
Analyzing 60000 states in spread 49
Analyzing 60000 states in spread 50
Analyzing 60000 states in spread 51
Finished step 226, minimal spread 43, max spread 52, got 3 drops
Total number of curves 375969
Starting step 227
Analyzing 12 states in spread 43
Analyzing 147 states in spread 44
Analyzing 1910 states in spread 45
Analyzing 13900 states in spread 46
Analyzing 60000 states in spread 47
Analyzing 60000 states in spread 48
Analyzing 60000 states in spread 49
Analyzing 60000 states in spread 50
Analyzing 60000 states in spread 51
Finished step 227, minimal spread 43, max spread 52, got 5 drops
Total number of curves 372148
Starting step 228
Analyzing 5 states in spread 43
Analyzing 92 states in spread 44
Analyzing 1044 states in spread 45
Analyzing 11007 states in spread 46
Analyzing 60000 states in spread 47
Analyzing 60000 states in spread 48
Analyzing 60000 states in spread 49
Analyzing 60000 states in spread 50
Analyzing 60000 states in spread 51
Finished step 228, minimal spread 43, max spread 52, got 6 drops
Total number of curves 364440
Starting step 229
Analyzing 2 states in spread 43
Analyzing 56 states in spread 44
Analyzing 646 states in spread 45
Analyzing 6693 states in spread 46
Analyzing 57043 states in spread 47
Analyzing 60000 states in spread 48
Analyzing 60000 states in spread 49
Analyzing 60000 states in spread 50
Analyzing 60000 states in spread 51
Finished step 229, minimal spread 43, max spread 52, got 5 drops
Total number of curves 342267
Starting step 230
Analyzing 1 states in spread 43
Analyzing 29 states in spread 44
Analyzing 435 states in spread 45
Analyzing 4150 states in spread 46
Analyzing 37652 states in spread 47
Analyzing 60000 states in spread 48
Analyzing 60000 states in spread 49
Analyzing 60000 states in spread 50
Analyzing 60000 states in spread 51
Analyzing 60000 states in spread 52
Finished step 230, minimal spread 43, max spread 53, got 4 drops
Total number of curves 387281
Starting step 231
Analyzing 1 states in spread 43
Analyzing 11 states in spread 44
Analyzing 251 states in spread 45
Analyzing 2889 states in spread 46
Analyzing 24129 states in spread 47
Analyzing 60000 states in spread 48
Analyzing 60000 states in spread 49
Analyzing 60000 states in spread 50
Analyzing 60000 states in spread 51
Analyzing 60000 states in spread 52
Finished step 231, minimal spread 44, max spread 53, got 5 drops
Total number of curves 379162
Starting step 232
Analyzing 13 states in spread 44
Analyzing 103 states in spread 45
Analyzing 1745 states in spread 46
Analyzing 17301 states in spread 47
Analyzing 60000 states in spread 48
Analyzing 60000 states in spread 49
Analyzing 60000 states in spread 50
Analyzing 60000 states in spread 51
Analyzing 60000 states in spread 52
Finished step 232, minimal spread 43, max spread 53, got 9 drops
Total number of curves 371767
Starting step 233
Analyzing 1 states in spread 43
Analyzing 6 states in spread 44
Analyzing 102 states in spread 45
Analyzing 795 states in spread 46
Analyzing 10863 states in spread 47
Analyzing 60000 states in spread 48
Analyzing 60000 states in spread 49
Analyzing 60000 states in spread 50
Analyzing 60000 states in spread 51
Analyzing 60000 states in spread 52
Finished step 233, minimal spread 44, max spread 53, got 3 drops
Total number of curves 362994
Starting step 234
Analyzing 11 states in spread 44
Analyzing 53 states in spread 45
Analyzing 706 states in spread 46
Analyzing 5391 states in spread 47
Analyzing 56833 states in spread 48
Analyzing 60000 states in spread 49
Analyzing 60000 states in spread 50
Analyzing 60000 states in spread 51
Analyzing 60000 states in spread 52
Finished step 234, minimal spread 44, max spread 53, got 4 drops
Total number of curves 335842
Starting step 235
Analyzing 1 states in spread 44
Analyzing 78 states in spread 45
Analyzing 418 states in spread 46
Analyzing 4485 states in spread 47
Analyzing 30860 states in spread 48
Analyzing 60000 states in spread 49
Analyzing 60000 states in spread 50
Analyzing 60000 states in spread 51
Analyzing 60000 states in spread 52
Analyzing 60000 states in spread 53
Finished step 235, minimal spread 45, max spread 54, got 4 drops
Total number of curves 388865
Starting step 236
Analyzing 13 states in spread 45
Analyzing 494 states in spread 46
Analyzing 2890 states in spread 47
Analyzing 25468 states in spread 48
Analyzing 60000 states in spread 49
Analyzing 60000 states in spread 50
Analyzing 60000 states in spread 51
Analyzing 60000 states in spread 52
Analyzing 60000 states in spread 53
Finished step 236, minimal spread 45, max spread 54, got 2 drops
Total number of curves 380508
Starting step 237
Analyzing 4 states in spread 45
Analyzing 138 states in spread 46
Analyzing 2980 states in spread 47
Analyzing 17386 states in spread 48
Analyzing 60000 states in spread 49
Analyzing 60000 states in spread 50
Analyzing 60000 states in spread 51
Analyzing 60000 states in spread 52
Analyzing 60000 states in spread 53
Finished step 237, minimal spread 45, max spread 54, got 5 drops
Total number of curves 378157
Starting step 238
Analyzing 3 states in spread 45
Analyzing 69 states in spread 46
Analyzing 1122 states in spread 47
Analyzing 16963 states in spread 48
Analyzing 60000 states in spread 49
Analyzing 60000 states in spread 50
Analyzing 60000 states in spread 51
Analyzing 60000 states in spread 52
Analyzing 60000 states in spread 53
Finished step 238, minimal spread 45, max spread 54, got 11 drops
Total number of curves 368257
Starting step 239
Analyzing 2 states in spread 45
Analyzing 45 states in spread 46
Analyzing 653 states in spread 47
Analyzing 7557 states in spread 48
Analyzing 60000 states in spread 49
Analyzing 60000 states in spread 50
Analyzing 60000 states in spread 51
Analyzing 60000 states in spread 52
Analyzing 60000 states in spread 53
Finished step 239, minimal spread 45, max spread 54, got 5 drops
Total number of curves 345487
Starting step 240
Analyzing 1 states in spread 45
Analyzing 27 states in spread 46
Analyzing 410 states in spread 47
Analyzing 4694 states in spread 48
Analyzing 40355 states in spread 49
Analyzing 60000 states in spread 50
Analyzing 60000 states in spread 51
Analyzing 60000 states in spread 52
Analyzing 60000 states in spread 53
Analyzing 60000 states in spread 54
Finished step 240, minimal spread 46, max spread 55, got 6 drops
Total number of curves 390348
Starting step 241
Analyzing 16 states in spread 46
Analyzing 244 states in spread 47
Analyzing 2980 states in spread 48
Analyzing 27108 states in spread 49
Analyzing 60000 states in spread 50
Analyzing 60000 states in spread 51
Analyzing 60000 states in spread 52
Analyzing 60000 states in spread 53
Analyzing 60000 states in spread 54
Finished step 241, minimal spread 45, max spread 55, got 12 drops
Total number of curves 380129
Starting step 242
Analyzing 2 states in spread 45
Analyzing 9 states in spread 46
Analyzing 141 states in spread 47
Analyzing 1856 states in spread 48
Analyzing 18121 states in spread 49
Analyzing 60000 states in spread 50
Analyzing 60000 states in spread 51
Analyzing 60000 states in spread 52
Analyzing 60000 states in spread 53
Analyzing 60000 states in spread 54
Finished step 242, minimal spread 45, max spread 55, got 12 drops
Total number of curves 373124
Starting step 243
Analyzing 2 states in spread 45
Analyzing 18 states in spread 46
Analyzing 76 states in spread 47
Analyzing 1065 states in spread 48
Analyzing 11963 states in spread 49
Analyzing 60000 states in spread 50
Analyzing 60000 states in spread 51
Analyzing 60000 states in spread 52
Analyzing 60000 states in spread 53
Analyzing 60000 states in spread 54
Finished step 243, minimal spread 45, max spread 55, got 10 drops
Total number of curves 367824
Starting step 244
Analyzing 2 states in spread 45
Analyzing 18 states in spread 46
Analyzing 113 states in spread 47
Analyzing 592 states in spread 48
Analyzing 7099 states in spread 49
Analyzing 60000 states in spread 50
Analyzing 60000 states in spread 51
Analyzing 60000 states in spread 52
Analyzing 60000 states in spread 53
Analyzing 60000 states in spread 54
Finished step 244, minimal spread 45, max spread 55, got 8 drops
Total number of curves 344489
Starting step 245
Analyzing 2 states in spread 45
Analyzing 19 states in spread 46
Analyzing 108 states in spread 47
Analyzing 694 states in spread 48
Analyzing 4169 states in spread 49
Analyzing 39497 states in spread 50
Analyzing 60000 states in spread 51
Analyzing 60000 states in spread 52
Analyzing 60000 states in spread 53
Analyzing 60000 states in spread 54
Analyzing 60000 states in spread 55
Finished step 245, minimal spread 45, max spread 56, got 5 drops
Total number of curves 389889
Starting step 246
Analyzing 1 states in spread 45
Analyzing 20 states in spread 46
Analyzing 117 states in spread 47
Analyzing 632 states in spread 48
Analyzing 4179 states in spread 49
Analyzing 24940 states in spread 50
Analyzing 60000 states in spread 51
Analyzing 60000 states in spread 52
Analyzing 60000 states in spread 53
Analyzing 60000 states in spread 54
Analyzing 60000 states in spread 55
Finished step 246, minimal spread 45, max spread 55, got 7 drops
Total number of curves 328119
Starting step 247
Analyzing 2 states in spread 45
Analyzing 14 states in spread 46
Analyzing 132 states in spread 47
Analyzing 658 states in spread 48
Analyzing 3666 states in spread 49
Analyzing 23647 states in spread 50
Analyzing 60000 states in spread 51
Analyzing 60000 states in spread 52
Analyzing 60000 states in spread 53
Analyzing 60000 states in spread 54
Analyzing 60000 states in spread 55
Finished step 247, minimal spread 45, max spread 54, got 8 drops
Total number of curves 264969
Starting step 248
Analyzing 3 states in spread 45
Analyzing 21 states in spread 46
Analyzing 98 states in spread 47
Analyzing 764 states in spread 48
Analyzing 3631 states in spread 49
Analyzing 20452 states in spread 50
Analyzing 60000 states in spread 51
Analyzing 60000 states in spread 52
Analyzing 60000 states in spread 53
Analyzing 60000 states in spread 54
Finished step 248, minimal spread 45, max spread 53, got 6 drops
Total number of curves 204600
Starting step 249
Analyzing 5 states in spread 45
Analyzing 26 states in spread 46
Analyzing 146 states in spread 47
Analyzing 566 states in spread 48
Analyzing 4172 states in spread 49
Analyzing 19685 states in spread 50
Analyzing 60000 states in spread 51
Analyzing 60000 states in spread 52
Analyzing 60000 states in spread 53
Finished step 249, minimal spread 45, max spread 52, got 5 drops
Total number of curves 146326
Starting step 250
Analyzing 5 states in spread 45
Analyzing 46 states in spread 46
Analyzing 156 states in spread 47
Analyzing 854 states in spread 48
Analyzing 3087 states in spread 49
Analyzing 22178 states in spread 50
Analyzing 60000 states in spread 51
Analyzing 60000 states in spread 52
Finished step 250, minimal spread 45, max spread 51, got 6 drops
Total number of curves 82335
Starting step 251
Analyzing 1 states in spread 45
Analyzing 40 states in spread 46
Analyzing 285 states in spread 47
Analyzing 871 states in spread 48
Analyzing 4666 states in spread 49
Analyzing 16472 states in spread 50
Analyzing 60000 states in spread 51
Finished step 251, minimal spread 45, max spread 50, got 3 drops
Total number of curves 31117
Starting step 252
Analyzing 1 states in spread 45
Analyzing 10 states in spread 46
Analyzing 225 states in spread 47
Analyzing 1578 states in spread 48
Analyzing 4726 states in spread 49
Analyzing 24577 states in spread 50
Finished step 252, minimal spread 45, max spread 49, got 2 drops
Total number of curves 9557
Starting step 253
Analyzing 1 states in spread 45
Analyzing 10 states in spread 46
Analyzing 74 states in spread 47
Analyzing 1186 states in spread 48
Analyzing 8286 states in spread 49
Finished step 253, minimal spread 45, max spread 48, got 1 drops
Total number of curves 565
Starting step 254
Analyzing 1 states in spread 45
Analyzing 9 states in spread 46
Analyzing 72 states in spread 47
Analyzing 483 states in spread 48
Finished step 254, minimal spread 46, max spread 47, got 1 drops
Total number of curves 74
Starting step 255
Analyzing 9 states in spread 46
Analyzing 65 states in spread 47
Finished step 255, minimal spread 46, max spread 46, got 0 drops
Total number of curves 1
Starting step 256
Analyzing 1 states in spread 46
Altogether, runtime= 159.463328125
SUMMARY witness_output= logs/a3_mod7_exact_b60k_u400k_u300k_fs12_len300_seed0_20260310_witnesses.txt
SUMMARY found= False
SUMMARY first_depth= None
SUMMARY unique_witnesses= 0
SUMMARY total_hits= 0
SUMMARY accepted_hits= 0
SUMMARY rejected_hits= 0
SUMMARY witness_depth_histogram= {}
CUDA max_memory_allocated_bytes: 11363970048
CUDA max_memory_reserved_bytes: 13790871552
