Starting A3 torch search with p= 7 caps 40000 40000 totalcaps 200000 150000 FIRST_STEPS 20 base_point 1 device cuda
We have 6 atoms and 14 dual simples
Initialized step 1 with spreads: {1: 2}
Starting step 2
Analyzing 2 states in spread 1
Finished step 2, minimal spread 2, max spread 2, got 0 drops
Total number of curves 8
Starting step 3
Analyzing 8 states in spread 2
Finished step 3, minimal spread 3, max spread 3, got 0 drops
Total number of curves 36
Starting step 4
Analyzing 36 states in spread 3
Finished step 4, minimal spread 4, max spread 4, got 0 drops
Total number of curves 170
Starting step 5
Analyzing 170 states in spread 4
Finished step 5, minimal spread 5, max spread 5, got 0 drops
Total number of curves 816
Starting step 6
Analyzing 816 states in spread 5
Finished step 6, minimal spread 5, max spread 6, got 0 drops
Total number of curves 3938
Starting step 7
Analyzing 2 states in spread 5
Analyzing 3936 states in spread 6
Finished step 7, minimal spread 5, max spread 7, got 0 drops
Total number of curves 19040
Starting step 8
Analyzing 2 states in spread 5
Analyzing 38 states in spread 6
Analyzing 19000 states in spread 7
Finished step 8, minimal spread 6, max spread 8, got 0 drops
Total number of curves 40452
Starting step 9
Analyzing 37 states in spread 6
Analyzing 415 states in spread 7
Analyzing 40000 states in spread 8
Finished step 9, minimal spread 6, max spread 9, got 0 drops
Total number of curves 42969
Starting step 10
Analyzing 5 states in spread 6
Analyzing 372 states in spread 7
Analyzing 2592 states in spread 8
Analyzing 40000 states in spread 9
Finished step 10, minimal spread 7, max spread 10, got 0 drops
Total number of curves 55769
Starting step 11
Analyzing 84 states in spread 7
Analyzing 2391 states in spread 8
Analyzing 13294 states in spread 9
Analyzing 40000 states in spread 10
Finished step 11, minimal spread 7, max spread 11, got 0 drops
Total number of curves 93549
Starting step 12
Analyzing 11 states in spread 7
Analyzing 672 states in spread 8
Analyzing 12866 states in spread 9
Analyzing 40000 states in spread 10
Analyzing 40000 states in spread 11
Finished step 12, minimal spread 7, max spread 12, got 0 drops
Total number of curves 124538
Starting step 13
Analyzing 6 states in spread 7
Analyzing 177 states in spread 8
Analyzing 4355 states in spread 9
Analyzing 40000 states in spread 10
Analyzing 40000 states in spread 11
Analyzing 40000 states in spread 12
Finished step 13, minimal spread 7, max spread 13, got 0 drops
Total number of curves 145255
Starting step 14
Analyzing 5 states in spread 7
Analyzing 79 states in spread 8
Analyzing 1639 states in spread 9
Analyzing 23532 states in spread 10
Analyzing 40000 states in spread 11
Analyzing 40000 states in spread 12
Analyzing 40000 states in spread 13
Finished step 14, minimal spread 7, max spread 14, got 0 drops
Total number of curves 171427
Starting step 15
Analyzing 1 states in spread 7
Analyzing 53 states in spread 8
Analyzing 702 states in spread 9
Analyzing 10671 states in spread 10
Analyzing 40000 states in spread 11
Analyzing 40000 states in spread 12
Analyzing 40000 states in spread 13
Analyzing 40000 states in spread 14
Finished step 15, minimal spread 7, max spread 15, got 0 drops
Total number of curves 205190
Starting step 16
Analyzing 1 states in spread 7
Analyzing 20 states in spread 8
Analyzing 424 states in spread 9
Analyzing 4745 states in spread 10
Analyzing 40000 states in spread 11
Analyzing 40000 states in spread 12
Analyzing 40000 states in spread 13
Analyzing 40000 states in spread 14
Analyzing 40000 states in spread 15
Finished step 16, minimal spread 7, max spread 16, got 0 drops
Total number of curves 228489
Starting step 17
Analyzing 1 states in spread 7
Analyzing 21 states in spread 8
Analyzing 214 states in spread 9
Analyzing 2781 states in spread 10
Analyzing 25472 states in spread 11
Analyzing 40000 states in spread 12
Analyzing 40000 states in spread 13
Analyzing 40000 states in spread 14
Analyzing 40000 states in spread 15
Analyzing 40000 states in spread 16
Finished step 17, minimal spread 7, max spread 17, got 1 drops
Total number of curves 257364
Starting step 18
Analyzing 1 states in spread 7
Analyzing 17 states in spread 8
Analyzing 200 states in spread 9
Analyzing 1621 states in spread 10
Analyzing 15525 states in spread 11
Analyzing 40000 states in spread 12
Analyzing 40000 states in spread 13
Analyzing 40000 states in spread 14
Analyzing 40000 states in spread 15
Analyzing 40000 states in spread 16
Finished step 18, minimal spread 7, max spread 17, got 1 drops
Total number of curves 251542
Starting step 19
Analyzing 1 states in spread 7
Analyzing 13 states in spread 8
Analyzing 143 states in spread 9
Analyzing 1387 states in spread 10
Analyzing 9998 states in spread 11
Analyzing 40000 states in spread 12
Analyzing 40000 states in spread 13
Analyzing 40000 states in spread 14
Analyzing 40000 states in spread 15
Analyzing 40000 states in spread 16
Finished step 19, minimal spread 7, max spread 17, got 3 drops
Total number of curves 249389
Starting step 20
Analyzing 1 states in spread 7
Analyzing 12 states in spread 8
Analyzing 92 states in spread 9
Analyzing 999 states in spread 10
Analyzing 8285 states in spread 11
Analyzing 40000 states in spread 12
Analyzing 40000 states in spread 13
Analyzing 40000 states in spread 14
Analyzing 40000 states in spread 15
Finished step 20, minimal spread 6, max spread 16, got 3 drops
Total number of curves 206949
Starting step 21
Analyzing 1 states in spread 6
Analyzing 2 states in spread 7
Analyzing 10 states in spread 8
Analyzing 76 states in spread 9
Analyzing 582 states in spread 10
Analyzing 6278 states in spread 11
Analyzing 40000 states in spread 12
Analyzing 40000 states in spread 13
Analyzing 40000 states in spread 14
Analyzing 40000 states in spread 15
Finished step 21, minimal spread 6, max spread 16, got 3 drops
Total number of curves 198464
Starting step 22
Analyzing 1 states in spread 6
Analyzing 8 states in spread 7
Analyzing 11 states in spread 8
Analyzing 69 states in spread 9
Analyzing 464 states in spread 10
Analyzing 3644 states in spread 11
Analyzing 34267 states in spread 12
Analyzing 40000 states in spread 13
Analyzing 40000 states in spread 14
Analyzing 40000 states in spread 15
Finished step 22, minimal spread 6, max spread 16, got 3 drops
Total number of curves 184232
Starting step 23
Analyzing 1 states in spread 6
Analyzing 9 states in spread 7
Analyzing 42 states in spread 8
Analyzing 63 states in spread 9
Analyzing 424 states in spread 10
Analyzing 2843 states in spread 11
Analyzing 20850 states in spread 12
Analyzing 40000 states in spread 13
Analyzing 40000 states in spread 14
Analyzing 40000 states in spread 15
Analyzing 40000 states in spread 16
Finished step 23, minimal spread 6, max spread 17, got 1 drops
Total number of curves 219568
Starting step 24
Analyzing 1 states in spread 6
Analyzing 8 states in spread 7
Analyzing 55 states in spread 8
Analyzing 207 states in spread 9
Analyzing 361 states in spread 10
Analyzing 2491 states in spread 11
Analyzing 16445 states in spread 12
Analyzing 40000 states in spread 13
Analyzing 40000 states in spread 14
Analyzing 40000 states in spread 15
Analyzing 40000 states in spread 16
Finished step 24, minimal spread 7, max spread 17, got 1 drops
Total number of curves 217457
Starting step 25
Analyzing 9 states in spread 7
Analyzing 44 states in spread 8
Analyzing 304 states in spread 9
Analyzing 1023 states in spread 10
Analyzing 2051 states in spread 11
Analyzing 14026 states in spread 12
Analyzing 40000 states in spread 13
Analyzing 40000 states in spread 14
Analyzing 40000 states in spread 15
Analyzing 40000 states in spread 16
Finished step 25, minimal spread 8, max spread 17, got 5 drops
Total number of curves 218350
Starting step 26
Analyzing 52 states in spread 8
Analyzing 237 states in spread 9
Analyzing 1586 states in spread 10
Analyzing 5113 states in spread 11
Analyzing 11362 states in spread 12
Analyzing 40000 states in spread 13
Analyzing 40000 states in spread 14
Analyzing 40000 states in spread 15
Analyzing 40000 states in spread 16
Finished step 26, minimal spread 8, max spread 17, got 3 drops
Total number of curves 235293
Starting step 27
Analyzing 2 states in spread 8
Analyzing 279 states in spread 9
Analyzing 1246 states in spread 10
Analyzing 8063 states in spread 11
Analyzing 25703 states in spread 12
Analyzing 40000 states in spread 13
Analyzing 40000 states in spread 14
Analyzing 40000 states in spread 15
Finished step 27, minimal spread 8, max spread 16, got 3 drops
Total number of curves 207935
Starting step 28
Analyzing 1 states in spread 8
Analyzing 26 states in spread 9
Analyzing 1453 states in spread 10
Analyzing 6455 states in spread 11
Analyzing 40000 states in spread 12
Analyzing 40000 states in spread 13
Analyzing 40000 states in spread 14
Analyzing 40000 states in spread 15
Finished step 28, minimal spread 9, max spread 16, got 3 drops
Total number of curves 200759
Starting step 29
Analyzing 13 states in spread 9
Analyzing 205 states in spread 10
Analyzing 7455 states in spread 11
Analyzing 33086 states in spread 12
Analyzing 40000 states in spread 13
Analyzing 40000 states in spread 14
Analyzing 40000 states in spread 15
Finished step 29, minimal spread 9, max spread 16, got 0 drops
Total number of curves 199463
Starting step 30
Analyzing 3 states in spread 9
Analyzing 103 states in spread 10
Analyzing 1393 states in spread 11
Analyzing 37964 states in spread 12
Analyzing 40000 states in spread 13
Analyzing 40000 states in spread 14
Analyzing 40000 states in spread 15
Finished step 30, minimal spread 10, max spread 16, got 0 drops
Total number of curves 169514
Starting step 31
Analyzing 38 states in spread 10
Analyzing 728 states in spread 11
Analyzing 8748 states in spread 12
Analyzing 40000 states in spread 13
Analyzing 40000 states in spread 14
Analyzing 40000 states in spread 15
Analyzing 40000 states in spread 16
Finished step 31, minimal spread 10, max spread 17, got 1 drops
Total number of curves 205144
Starting step 32
Analyzing 11 states in spread 10
Analyzing 338 states in spread 11
Analyzing 4795 states in spread 12
Analyzing 40000 states in spread 13
Analyzing 40000 states in spread 14
Analyzing 40000 states in spread 15
Analyzing 40000 states in spread 16
Finished step 32, minimal spread 10, max spread 17, got 0 drops
Total number of curves 188744
Starting step 33
Analyzing 5 states in spread 10
Analyzing 163 states in spread 11
Analyzing 2494 states in spread 12
Analyzing 26082 states in spread 13
Analyzing 40000 states in spread 14
Analyzing 40000 states in spread 15
Analyzing 40000 states in spread 16
Analyzing 40000 states in spread 17
Finished step 33, minimal spread 10, max spread 18, got 1 drops
Total number of curves 216260
Starting step 34
Analyzing 2 states in spread 10
Analyzing 79 states in spread 11
Analyzing 1414 states in spread 12
Analyzing 14765 states in spread 13
Analyzing 40000 states in spread 14
Analyzing 40000 states in spread 15
Analyzing 40000 states in spread 16
Analyzing 40000 states in spread 17
Finished step 34, minimal spread 10, max spread 18, got 2 drops
Total number of curves 210014
Starting step 35
Analyzing 2 states in spread 10
Analyzing 38 states in spread 11
Analyzing 716 states in spread 12
Analyzing 9258 states in spread 13
Analyzing 40000 states in spread 14
Analyzing 40000 states in spread 15
Analyzing 40000 states in spread 16
Analyzing 40000 states in spread 17
Finished step 35, minimal spread 10, max spread 18, got 2 drops
Total number of curves 205452
Starting step 36
Analyzing 2 states in spread 10
Analyzing 31 states in spread 11
Analyzing 380 states in spread 12
Analyzing 5039 states in spread 13
Analyzing 40000 states in spread 14
Analyzing 40000 states in spread 15
Analyzing 40000 states in spread 16
Analyzing 40000 states in spread 17
Finished step 36, minimal spread 10, max spread 18, got 0 drops
Total number of curves 190914
Starting step 37
Analyzing 3 states in spread 10
Analyzing 18 states in spread 11
Analyzing 285 states in spread 12
Analyzing 2845 states in spread 13
Analyzing 27763 states in spread 14
Analyzing 40000 states in spread 15
Analyzing 40000 states in spread 16
Analyzing 40000 states in spread 17
Finished step 37, minimal spread 10, max spread 18, got 1 drops
Total number of curves 179295
Starting step 38
Analyzing 1 states in spread 10
Analyzing 29 states in spread 11
Analyzing 135 states in spread 12
Analyzing 2088 states in spread 13
Analyzing 17042 states in spread 14
Analyzing 40000 states in spread 15
Analyzing 40000 states in spread 16
Analyzing 40000 states in spread 17
Analyzing 40000 states in spread 18
Finished step 38, minimal spread 10, max spread 19, got 2 drops
Total number of curves 213896
Starting step 39
Analyzing 1 states in spread 10
Analyzing 10 states in spread 11
Analyzing 191 states in spread 12
Analyzing 996 states in spread 13
Analyzing 12698 states in spread 14
Analyzing 40000 states in spread 15
Analyzing 40000 states in spread 16
Analyzing 40000 states in spread 17
Analyzing 40000 states in spread 18
Finished step 39, minimal spread 10, max spread 19, got 4 drops
Total number of curves 207731
Starting step 40
Analyzing 1 states in spread 10
Analyzing 12 states in spread 11
Analyzing 69 states in spread 12
Analyzing 1197 states in spread 13
Analyzing 6452 states in spread 14
Analyzing 40000 states in spread 15
Analyzing 40000 states in spread 16
Analyzing 40000 states in spread 17
Analyzing 40000 states in spread 18
Finished step 40, minimal spread 10, max spread 19, got 3 drops
Total number of curves 201118
Starting step 41
Analyzing 1 states in spread 10
Analyzing 11 states in spread 11
Analyzing 74 states in spread 12
Analyzing 472 states in spread 13
Analyzing 7061 states in spread 14
Analyzing 33499 states in spread 15
Analyzing 40000 states in spread 16
Analyzing 40000 states in spread 17
Analyzing 40000 states in spread 18
Finished step 41, minimal spread 10, max spread 19, got 5 drops
Total number of curves 200992
Starting step 42
Analyzing 2 states in spread 10
Analyzing 8 states in spread 11
Analyzing 75 states in spread 12
Analyzing 453 states in spread 13
Analyzing 3058 states in spread 14
Analyzing 37396 states in spread 15
Analyzing 40000 states in spread 16
Analyzing 40000 states in spread 17
Analyzing 40000 states in spread 18
Finished step 42, minimal spread 10, max spread 19, got 5 drops
Total number of curves 181020
Starting step 43
Analyzing 3 states in spread 10
Analyzing 14 states in spread 11
Analyzing 50 states in spread 12
Analyzing 467 states in spread 13
Analyzing 2664 states in spread 14
Analyzing 17822 states in spread 15
Analyzing 40000 states in spread 16
Analyzing 40000 states in spread 17
Analyzing 40000 states in spread 18
Analyzing 40000 states in spread 19
Finished step 43, minimal spread 10, max spread 20, got 4 drops
Total number of curves 217985
Starting step 44
Analyzing 1 states in spread 10
Analyzing 29 states in spread 11
Analyzing 76 states in spread 12
Analyzing 306 states in spread 13
Analyzing 2718 states in spread 14
Analyzing 14855 states in spread 15
Analyzing 40000 states in spread 16
Analyzing 40000 states in spread 17
Analyzing 40000 states in spread 18
Analyzing 40000 states in spread 19
Finished step 44, minimal spread 10, max spread 20, got 3 drops
Total number of curves 217379
Starting step 45
Analyzing 1 states in spread 10
Analyzing 8 states in spread 11
Analyzing 182 states in spread 12
Analyzing 409 states in spread 13
Analyzing 1784 states in spread 14
Analyzing 14995 states in spread 15
Analyzing 40000 states in spread 16
Analyzing 40000 states in spread 17
Analyzing 40000 states in spread 18
Analyzing 40000 states in spread 19
Finished step 45, minimal spread 11, max spread 20, got 1 drops
Total number of curves 213269
Starting step 46
Analyzing 10 states in spread 11
Analyzing 48 states in spread 12
Analyzing 998 states in spread 13
Analyzing 2180 states in spread 14
Analyzing 10033 states in spread 15
Analyzing 40000 states in spread 16
Analyzing 40000 states in spread 17
Analyzing 40000 states in spread 18
Analyzing 40000 states in spread 19
Finished step 46, minimal spread 11, max spread 20, got 0 drops
Total number of curves 217053
Starting step 47
Analyzing 3 states in spread 11
Analyzing 65 states in spread 12
Analyzing 282 states in spread 13
Analyzing 5180 states in spread 14
Analyzing 11523 states in spread 15
Analyzing 40000 states in spread 16
Analyzing 40000 states in spread 17
Analyzing 40000 states in spread 18
Analyzing 40000 states in spread 19
Finished step 47, minimal spread 11, max spread 20, got 0 drops
Total number of curves 228305
Starting step 48
Analyzing 4 states in spread 11
Analyzing 31 states in spread 12
Analyzing 373 states in spread 13
Analyzing 1630 states in spread 14
Analyzing 26267 states in spread 15
Analyzing 40000 states in spread 16
Analyzing 40000 states in spread 17
Analyzing 40000 states in spread 18
Analyzing 40000 states in spread 19
Finished step 48, minimal spread 11, max spread 20, got 0 drops
Total number of curves 211500
Starting step 49
Analyzing 4 states in spread 11
Analyzing 33 states in spread 12
Analyzing 212 states in spread 13
Analyzing 2046 states in spread 14
Analyzing 9205 states in spread 15
Analyzing 40000 states in spread 16
Analyzing 40000 states in spread 17
Analyzing 40000 states in spread 18
Analyzing 40000 states in spread 19
Finished step 49, minimal spread 11, max spread 20, got 1 drops
Total number of curves 212461
Starting step 50
Analyzing 1 states in spread 11
Analyzing 38 states in spread 12
Analyzing 195 states in spread 13
Analyzing 1268 states in spread 14
Analyzing 10959 states in spread 15
Analyzing 40000 states in spread 16
Analyzing 40000 states in spread 17
Analyzing 40000 states in spread 18
Analyzing 40000 states in spread 19
Finished step 50, minimal spread 11, max spread 20, got 3 drops
Total number of curves 208493
Starting step 51
Analyzing 1 states in spread 11
Analyzing 10 states in spread 12
Analyzing 239 states in spread 13
Analyzing 1096 states in spread 14
Analyzing 7147 states in spread 15
Analyzing 40000 states in spread 16
Analyzing 40000 states in spread 17
Analyzing 40000 states in spread 18
Analyzing 40000 states in spread 19
Finished step 51, minimal spread 11, max spread 20, got 4 drops
Total number of curves 203268
Starting step 52
Analyzing 1 states in spread 11
Analyzing 11 states in spread 12
Analyzing 75 states in spread 13
Analyzing 1333 states in spread 14
Analyzing 6019 states in spread 15
Analyzing 35829 states in spread 16
Analyzing 40000 states in spread 17
Analyzing 40000 states in spread 18
Analyzing 40000 states in spread 19
Finished step 52, minimal spread 12, max spread 20, got 3 drops
Total number of curves 198571
Starting step 53
Analyzing 11 states in spread 12
Analyzing 82 states in spread 13
Analyzing 470 states in spread 14
Analyzing 7127 states in spread 15
Analyzing 30881 states in spread 16
Analyzing 40000 states in spread 17
Analyzing 40000 states in spread 18
Analyzing 40000 states in spread 19
Finished step 53, minimal spread 12, max spread 20, got 2 drops
Total number of curves 200099
Starting step 54
Analyzing 2 states in spread 12
Analyzing 75 states in spread 13
Analyzing 506 states in spread 14
Analyzing 2817 states in spread 15
Analyzing 36699 states in spread 16
Analyzing 40000 states in spread 17
Analyzing 40000 states in spread 18
Analyzing 40000 states in spread 19
Finished step 54, minimal spread 12, max spread 20, got 3 drops
Total number of curves 179297
Starting step 55
Analyzing 3 states in spread 12
Analyzing 27 states in spread 13
Analyzing 439 states in spread 14
Analyzing 2895 states in spread 15
Analyzing 15933 states in spread 16
Analyzing 40000 states in spread 17
Analyzing 40000 states in spread 18
Analyzing 40000 states in spread 19
Analyzing 40000 states in spread 20
Finished step 55, minimal spread 12, max spread 21, got 1 drops
Total number of curves 218533
Starting step 56
Analyzing 1 states in spread 12
Analyzing 34 states in spread 13
Analyzing 211 states in spread 14
Analyzing 2409 states in spread 15
Analyzing 15878 states in spread 16
Analyzing 40000 states in spread 17
Analyzing 40000 states in spread 18
Analyzing 40000 states in spread 19
Analyzing 40000 states in spread 20
Finished step 56, minimal spread 13, max spread 21, got 1 drops
Total number of curves 214500
Starting step 57
Analyzing 9 states in spread 13
Analyzing 248 states in spread 14
Analyzing 1396 states in spread 15
Analyzing 12847 states in spread 16
Analyzing 40000 states in spread 17
Analyzing 40000 states in spread 18
Analyzing 40000 states in spread 19
Analyzing 40000 states in spread 20
Finished step 57, minimal spread 14, max spread 21, got 2 drops
Total number of curves 209897
Starting step 58
Analyzing 78 states in spread 14
Analyzing 1537 states in spread 15
Analyzing 8282 states in spread 16
Analyzing 40000 states in spread 17
Analyzing 40000 states in spread 18
Analyzing 40000 states in spread 19
Analyzing 40000 states in spread 20
Finished step 58, minimal spread 14, max spread 21, got 0 drops
Total number of curves 209329
Starting step 59
Analyzing 14 states in spread 14
Analyzing 578 states in spread 15
Analyzing 8737 states in spread 16
Analyzing 40000 states in spread 17
Analyzing 40000 states in spread 18
Analyzing 40000 states in spread 19
Analyzing 40000 states in spread 20
Finished step 59, minimal spread 14, max spread 21, got 1 drops
Total number of curves 203946
Starting step 60
Analyzing 6 states in spread 14
Analyzing 181 states in spread 15
Analyzing 3759 states in spread 16
Analyzing 40000 states in spread 17
Analyzing 40000 states in spread 18
Analyzing 40000 states in spread 19
Analyzing 40000 states in spread 20
Finished step 60, minimal spread 14, max spread 21, got 0 drops
Total number of curves 182800
Starting step 61
Analyzing 3 states in spread 14
Analyzing 88 states in spread 15
Analyzing 1495 states in spread 16
Analyzing 21214 states in spread 17
Analyzing 40000 states in spread 18
Analyzing 40000 states in spread 19
Analyzing 40000 states in spread 20
Analyzing 40000 states in spread 21
Finished step 61, minimal spread 14, max spread 22, got 0 drops
Total number of curves 210603
Starting step 62
Analyzing 3 states in spread 14
Analyzing 42 states in spread 15
Analyzing 791 states in spread 16
Analyzing 9767 states in spread 17
Analyzing 40000 states in spread 18
Analyzing 40000 states in spread 19
Analyzing 40000 states in spread 20
Analyzing 40000 states in spread 21
Finished step 62, minimal spread 14, max spread 22, got 2 drops
Total number of curves 206010
Starting step 63
Analyzing 1 states in spread 14
Analyzing 35 states in spread 15
Analyzing 421 states in spread 16
Analyzing 5553 states in spread 17
Analyzing 40000 states in spread 18
Analyzing 40000 states in spread 19
Analyzing 40000 states in spread 20
Analyzing 40000 states in spread 21
Finished step 63, minimal spread 14, max spread 22, got 4 drops
Total number of curves 193635
Starting step 64
Analyzing 1 states in spread 14
Analyzing 22 states in spread 15
Analyzing 302 states in spread 16
Analyzing 3177 states in spread 17
Analyzing 30133 states in spread 18
Analyzing 40000 states in spread 19
Analyzing 40000 states in spread 20
Analyzing 40000 states in spread 21
Finished step 64, minimal spread 13, max spread 22, got 4 drops
Total number of curves 180998
Starting step 65
Analyzing 1 states in spread 13
Analyzing 3 states in spread 14
Analyzing 15 states in spread 15
Analyzing 209 states in spread 16
Analyzing 2101 states in spread 17
Analyzing 18669 states in spread 18
Analyzing 40000 states in spread 19
Analyzing 40000 states in spread 20
Analyzing 40000 states in spread 21
Analyzing 40000 states in spread 22
Finished step 65, minimal spread 13, max spread 23, got 1 drops
Total number of curves 214065
Starting step 66
Analyzing 1 states in spread 13
Analyzing 8 states in spread 14
Analyzing 21 states in spread 15
Analyzing 134 states in spread 16
Analyzing 1494 states in spread 17
Analyzing 12407 states in spread 18
Analyzing 40000 states in spread 19
Analyzing 40000 states in spread 20
Analyzing 40000 states in spread 21
Analyzing 40000 states in spread 22
Finished step 66, minimal spread 14, max spread 23, got 2 drops
Total number of curves 210267
Starting step 67
Analyzing 8 states in spread 14
Analyzing 42 states in spread 15
Analyzing 138 states in spread 16
Analyzing 949 states in spread 17
Analyzing 9130 states in spread 18
Analyzing 40000 states in spread 19
Analyzing 40000 states in spread 20
Analyzing 40000 states in spread 21
Analyzing 40000 states in spread 22
Finished step 67, minimal spread 14, max spread 23, got 2 drops
Total number of curves 207027
Starting step 68
Analyzing 1 states in spread 14
Analyzing 49 states in spread 15
Analyzing 221 states in spread 16
Analyzing 859 states in spread 17
Analyzing 5897 states in spread 18
Analyzing 40000 states in spread 19
Analyzing 40000 states in spread 20
Analyzing 40000 states in spread 21
Analyzing 40000 states in spread 22
Finished step 68, minimal spread 15, max spread 23, got 0 drops
Total number of curves 197966
Starting step 69
Analyzing 16 states in spread 15
Analyzing 265 states in spread 16
Analyzing 1179 states in spread 17
Analyzing 5062 states in spread 18
Analyzing 31444 states in spread 19
Analyzing 40000 states in spread 20
Analyzing 40000 states in spread 21
Analyzing 40000 states in spread 22
Finished step 69, minimal spread 15, max spread 23, got 1 drops
Total number of curves 195328
Starting step 70
Analyzing 6 states in spread 15
Analyzing 130 states in spread 16
Analyzing 1373 states in spread 17
Analyzing 6263 states in spread 18
Analyzing 27556 states in spread 19
Analyzing 40000 states in spread 20
Analyzing 40000 states in spread 21
Analyzing 40000 states in spread 22
Finished step 70, minimal spread 15, max spread 23, got 1 drops
Total number of curves 200563
Starting step 71
Analyzing 6 states in spread 15
Analyzing 65 states in spread 16
Analyzing 829 states in spread 17
Analyzing 7016 states in spread 18
Analyzing 32647 states in spread 19
Analyzing 40000 states in spread 20
Analyzing 40000 states in spread 21
Analyzing 40000 states in spread 22
Finished step 71, minimal spread 15, max spread 23, got 0 drops
Total number of curves 200898
Starting step 72
Analyzing 4 states in spread 15
Analyzing 57 states in spread 16
Analyzing 452 states in spread 17
Analyzing 4747 states in spread 18
Analyzing 35638 states in spread 19
Analyzing 40000 states in spread 20
Analyzing 40000 states in spread 21
Analyzing 40000 states in spread 22
Finished step 72, minimal spread 15, max spread 23, got 0 drops
Total number of curves 188836
Starting step 73
Analyzing 1 states in spread 15
Analyzing 37 states in spread 16
Analyzing 379 states in spread 17
Analyzing 2715 states in spread 18
Analyzing 25704 states in spread 19
Analyzing 40000 states in spread 20
Analyzing 40000 states in spread 21
Analyzing 40000 states in spread 22
Analyzing 40000 states in spread 23
Finished step 73, minimal spread 16, max spread 24, got 4 drops
Total number of curves 217845
Starting step 74
Analyzing 13 states in spread 16
Analyzing 240 states in spread 17
Analyzing 2285 states in spread 18
Analyzing 15307 states in spread 19
Analyzing 40000 states in spread 20
Analyzing 40000 states in spread 21
Analyzing 40000 states in spread 22
Analyzing 40000 states in spread 23
Finished step 74, minimal spread 16, max spread 24, got 1 drops
Total number of curves 214540
Starting step 75
Analyzing 5 states in spread 16
Analyzing 111 states in spread 17
Analyzing 1459 states in spread 18
Analyzing 12965 states in spread 19
Analyzing 40000 states in spread 20
Analyzing 40000 states in spread 21
Analyzing 40000 states in spread 22
Analyzing 40000 states in spread 23
Finished step 75, minimal spread 16, max spread 24, got 1 drops
Total number of curves 209369
Starting step 76
Analyzing 2 states in spread 16
Analyzing 60 states in spread 17
Analyzing 812 states in spread 18
Analyzing 8495 states in spread 19
Analyzing 40000 states in spread 20
Analyzing 40000 states in spread 21
Analyzing 40000 states in spread 22
Analyzing 40000 states in spread 23
Finished step 76, minimal spread 16, max spread 24, got 3 drops
Total number of curves 205783
Starting step 77
Analyzing 1 states in spread 16
Analyzing 29 states in spread 17
Analyzing 459 states in spread 18
Analyzing 5294 states in spread 19
Analyzing 40000 states in spread 20
Analyzing 40000 states in spread 21
Analyzing 40000 states in spread 22
Analyzing 40000 states in spread 23
Finished step 77, minimal spread 16, max spread 24, got 2 drops
Total number of curves 192020
Starting step 78
Analyzing 1 states in spread 16
Analyzing 16 states in spread 17
Analyzing 255 states in spread 18
Analyzing 3035 states in spread 19
Analyzing 28713 states in spread 20
Analyzing 40000 states in spread 21
Analyzing 40000 states in spread 22
Analyzing 40000 states in spread 23
Finished step 78, minimal spread 16, max spread 24, got 2 drops
Total number of curves 179397
Starting step 79
Analyzing 1 states in spread 16
Analyzing 9 states in spread 17
Analyzing 153 states in spread 18
Analyzing 1838 states in spread 19
Analyzing 17396 states in spread 20
Analyzing 40000 states in spread 21
Analyzing 40000 states in spread 22
Analyzing 40000 states in spread 23
Analyzing 40000 states in spread 24
Finished step 79, minimal spread 17, max spread 25, got 2 drops
Total number of curves 212555
Starting step 80
Analyzing 9 states in spread 17
Analyzing 82 states in spread 18
Analyzing 1190 states in spread 19
Analyzing 11274 states in spread 20
Analyzing 40000 states in spread 21
Analyzing 40000 states in spread 22
Analyzing 40000 states in spread 23
Analyzing 40000 states in spread 24
Finished step 80, minimal spread 17, max spread 25, got 2 drops
Total number of curves 208449
Starting step 81
Analyzing 1 states in spread 17
Analyzing 67 states in spread 18
Analyzing 656 states in spread 19
Analyzing 7725 states in spread 20
Analyzing 40000 states in spread 21
Analyzing 40000 states in spread 22
Analyzing 40000 states in spread 23
Analyzing 40000 states in spread 24
Finished step 81, minimal spread 17, max spread 25, got 3 drops
Total number of curves 204954
Starting step 82
Analyzing 1 states in spread 17
Analyzing 19 states in spread 18
Analyzing 481 states in spread 19
Analyzing 4453 states in spread 20
Analyzing 40000 states in spread 21
Analyzing 40000 states in spread 22
Analyzing 40000 states in spread 23
Analyzing 40000 states in spread 24
Finished step 82, minimal spread 17, max spread 25, got 6 drops
Total number of curves 188542
Starting step 83
Analyzing 2 states in spread 17
Analyzing 15 states in spread 18
Analyzing 199 states in spread 19
Analyzing 3168 states in spread 20
Analyzing 25158 states in spread 21
Analyzing 40000 states in spread 22
Analyzing 40000 states in spread 23
Analyzing 40000 states in spread 24
Analyzing 40000 states in spread 25
Finished step 83, minimal spread 17, max spread 26, got 5 drops
Total number of curves 220234
Starting step 84
Analyzing 1 states in spread 17
Analyzing 22 states in spread 18
Analyzing 129 states in spread 19
Analyzing 1583 states in spread 20
Analyzing 18499 states in spread 21
Analyzing 40000 states in spread 22
Analyzing 40000 states in spread 23
Analyzing 40000 states in spread 24
Analyzing 40000 states in spread 25
Finished step 84, minimal spread 18, max spread 26, got 1 drops
Total number of curves 211515
Starting step 85
Analyzing 9 states in spread 18
Analyzing 153 states in spread 19
Analyzing 974 states in spread 20
Analyzing 10379 states in spread 21
Analyzing 40000 states in spread 22
Analyzing 40000 states in spread 23
Analyzing 40000 states in spread 24
Analyzing 40000 states in spread 25
Finished step 85, minimal spread 18, max spread 26, got 2 drops
Total number of curves 207490
Starting step 86
Analyzing 2 states in spread 18
Analyzing 69 states in spread 19
Analyzing 963 states in spread 20
Analyzing 6456 states in spread 21
Analyzing 40000 states in spread 22
Analyzing 40000 states in spread 23
Analyzing 40000 states in spread 24
Analyzing 40000 states in spread 25
Finished step 86, minimal spread 19, max spread 26, got 3 drops
Total number of curves 201119
Starting step 87
Analyzing 30 states in spread 19
Analyzing 499 states in spread 20
Analyzing 5776 states in spread 21
Analyzing 34814 states in spread 22
Analyzing 40000 states in spread 23
Analyzing 40000 states in spread 24
Analyzing 40000 states in spread 25
Finished step 87, minimal spread 18, max spread 26, got 6 drops
Total number of curves 194840
Starting step 88
Analyzing 1 states in spread 18
Analyzing 14 states in spread 19
Analyzing 271 states in spread 20
Analyzing 3299 states in spread 21
Analyzing 31255 states in spread 22
Analyzing 40000 states in spread 23
Analyzing 40000 states in spread 24
Analyzing 40000 states in spread 25
Finished step 88, minimal spread 17, max spread 26, got 6 drops
Total number of curves 181503
Starting step 89
Analyzing 1 states in spread 17
Analyzing 3 states in spread 18
Analyzing 16 states in spread 19
Analyzing 163 states in spread 20
Analyzing 1971 states in spread 21
Analyzing 19349 states in spread 22
Analyzing 40000 states in spread 23
Analyzing 40000 states in spread 24
Analyzing 40000 states in spread 25
Analyzing 40000 states in spread 26
Finished step 89, minimal spread 17, max spread 27, got 1 drops
Total number of curves 213747
Starting step 90
Analyzing 1 states in spread 17
Analyzing 8 states in spread 18
Analyzing 25 states in spread 19
Analyzing 137 states in spread 20
Analyzing 1290 states in spread 21
Analyzing 12286 states in spread 22
Analyzing 40000 states in spread 23
Analyzing 40000 states in spread 24
Analyzing 40000 states in spread 25
Analyzing 40000 states in spread 26
Finished step 90, minimal spread 18, max spread 27, got 3 drops
Total number of curves 209596
Starting step 91
Analyzing 9 states in spread 18
Analyzing 47 states in spread 19
Analyzing 169 states in spread 20
Analyzing 962 states in spread 21
Analyzing 8409 states in spread 22
Analyzing 40000 states in spread 23
Analyzing 40000 states in spread 24
Analyzing 40000 states in spread 25
Analyzing 40000 states in spread 26
Finished step 91, minimal spread 19, max spread 27, got 3 drops
Total number of curves 207399
Starting step 92
Analyzing 55 states in spread 19
Analyzing 262 states in spread 20
Analyzing 1025 states in spread 21
Analyzing 6057 states in spread 22
Analyzing 40000 states in spread 23
Analyzing 40000 states in spread 24
Analyzing 40000 states in spread 25
Analyzing 40000 states in spread 26
Finished step 92, minimal spread 19, max spread 27, got 4 drops
Total number of curves 200478
Starting step 93
Analyzing 4 states in spread 19
Analyzing 299 states in spread 20
Analyzing 1413 states in spread 21
Analyzing 5997 states in spread 22
Analyzing 32765 states in spread 23
Analyzing 40000 states in spread 24
Analyzing 40000 states in spread 25
Analyzing 40000 states in spread 26
Finished step 93, minimal spread 19, max spread 27, got 12 drops
Total number of curves 201856
Starting step 94
Analyzing 3 states in spread 19
Analyzing 47 states in spread 20
Analyzing 1568 states in spread 21
Analyzing 7592 states in spread 22
Analyzing 32646 states in spread 23
Analyzing 40000 states in spread 24
Analyzing 40000 states in spread 25
Analyzing 40000 states in spread 26
Finished step 94, minimal spread 19, max spread 27, got 7 drops
Total number of curves 208340
Starting step 95
Analyzing 1 states in spread 19
Analyzing 34 states in spread 20
Analyzing 347 states in spread 21
Analyzing 8190 states in spread 22
Analyzing 39768 states in spread 23
Analyzing 40000 states in spread 24
Analyzing 40000 states in spread 25
Analyzing 40000 states in spread 26
Finished step 95, minimal spread 19, max spread 27, got 10 drops
Total number of curves 202524
Starting step 96
Analyzing 1 states in spread 19
Analyzing 12 states in spread 20
Analyzing 251 states in spread 21
Analyzing 2260 states in spread 22
Analyzing 40000 states in spread 23
Analyzing 40000 states in spread 24
Analyzing 40000 states in spread 25
Analyzing 40000 states in spread 26
Finished step 96, minimal spread 19, max spread 27, got 10 drops
Total number of curves 175253
Starting step 97
Analyzing 1 states in spread 19
Analyzing 9 states in spread 20
Analyzing 101 states in spread 21
Analyzing 1631 states in spread 22
Analyzing 13511 states in spread 23
Analyzing 40000 states in spread 24
Analyzing 40000 states in spread 25
Analyzing 40000 states in spread 26
Analyzing 40000 states in spread 27
Finished step 97, minimal spread 20, max spread 28, got 3 drops
Total number of curves 210640
Starting step 98
Analyzing 7 states in spread 20
Analyzing 61 states in spread 21
Analyzing 741 states in spread 22
Analyzing 9831 states in spread 23
Analyzing 40000 states in spread 24
Analyzing 40000 states in spread 25
Analyzing 40000 states in spread 26
Analyzing 40000 states in spread 27
Finished step 98, minimal spread 20, max spread 28, got 4 drops
Total number of curves 205341
Starting step 99
Analyzing 1 states in spread 20
Analyzing 46 states in spread 21
Analyzing 420 states in spread 22
Analyzing 4874 states in spread 23
Analyzing 40000 states in spread 24
Analyzing 40000 states in spread 25
Analyzing 40000 states in spread 26
Analyzing 40000 states in spread 27
Finished step 99, minimal spread 21, max spread 28, got 0 drops
Total number of curves 189586
Starting step 100
Analyzing 18 states in spread 21
Analyzing 299 states in spread 22
Analyzing 2749 states in spread 23
Analyzing 26520 states in spread 24
Analyzing 40000 states in spread 25
Analyzing 40000 states in spread 26
Analyzing 40000 states in spread 27
Analyzing 40000 states in spread 28
Finished step 100, minimal spread 21, max spread 29, got 6 drops
Total number of curves 217895
Starting step 101
Analyzing 6 states in spread 21
Analyzing 172 states in spread 22
Analyzing 1909 states in spread 23
Analyzing 15808 states in spread 24
Analyzing 40000 states in spread 25
Analyzing 40000 states in spread 26
Analyzing 40000 states in spread 27
Analyzing 40000 states in spread 28
Finished step 101, minimal spread 21, max spread 29, got 4 drops
Total number of curves 212494
Starting step 102
Analyzing 5 states in spread 21
Analyzing 84 states in spread 22
Analyzing 1275 states in spread 23
Analyzing 11130 states in spread 24
Analyzing 40000 states in spread 25
Analyzing 40000 states in spread 26
Analyzing 40000 states in spread 27
Analyzing 40000 states in spread 28
Finished step 102, minimal spread 21, max spread 29, got 4 drops
Total number of curves 208729
Starting step 103
Analyzing 4 states in spread 21
Analyzing 61 states in spread 22
Analyzing 718 states in spread 23
Analyzing 7946 states in spread 24
Analyzing 40000 states in spread 25
Analyzing 40000 states in spread 26
Analyzing 40000 states in spread 27
Analyzing 40000 states in spread 28
Finished step 103, minimal spread 21, max spread 29, got 2 drops
Total number of curves 205417
Starting step 104
Analyzing 2 states in spread 21
Analyzing 45 states in spread 22
Analyzing 497 states in spread 23
Analyzing 4873 states in spread 24
Analyzing 40000 states in spread 25
Analyzing 40000 states in spread 26
Analyzing 40000 states in spread 27
Analyzing 40000 states in spread 28
Finished step 104, minimal spread 22, max spread 29, got 2 drops
Total number of curves 191116
Starting step 105
Analyzing 21 states in spread 22
Analyzing 348 states in spread 23
Analyzing 3387 states in spread 24
Analyzing 27360 states in spread 25
Analyzing 40000 states in spread 26
Analyzing 40000 states in spread 27
Analyzing 40000 states in spread 28
Finished step 105, minimal spread 22, max spread 29, got 3 drops
Total number of curves 182261
Starting step 106
Analyzing 8 states in spread 22
Analyzing 179 states in spread 23
Analyzing 2313 states in spread 24
Analyzing 19761 states in spread 25
Analyzing 40000 states in spread 26
Analyzing 40000 states in spread 27
Analyzing 40000 states in spread 28
Analyzing 40000 states in spread 29
Finished step 106, minimal spread 22, max spread 30, got 1 drops
Total number of curves 215098
Starting step 107
Analyzing 8 states in spread 22
Analyzing 93 states in spread 23
Analyzing 1313 states in spread 24
Analyzing 13684 states in spread 25
Analyzing 40000 states in spread 26
Analyzing 40000 states in spread 27
Analyzing 40000 states in spread 28
Analyzing 40000 states in spread 29
Finished step 107, minimal spread 22, max spread 30, got 7 drops
Total number of curves 209257
Starting step 108
Analyzing 3 states in spread 22
Analyzing 89 states in spread 23
Analyzing 767 states in spread 24
Analyzing 8398 states in spread 25
Analyzing 40000 states in spread 26
Analyzing 40000 states in spread 27
Analyzing 40000 states in spread 28
Analyzing 40000 states in spread 29
Finished step 108, minimal spread 22, max spread 30, got 7 drops
Total number of curves 205971
Starting step 109
Analyzing 2 states in spread 22
Analyzing 38 states in spread 23
Analyzing 662 states in spread 24
Analyzing 5269 states in spread 25
Analyzing 40000 states in spread 26
Analyzing 40000 states in spread 27
Analyzing 40000 states in spread 28
Analyzing 40000 states in spread 29
Finished step 109, minimal spread 22, max spread 30, got 5 drops
Total number of curves 193552
Starting step 110
Analyzing 1 states in spread 22
Analyzing 27 states in spread 23
Analyzing 309 states in spread 24
Analyzing 4243 states in spread 25
Analyzing 28972 states in spread 26
Analyzing 40000 states in spread 27
Analyzing 40000 states in spread 28
Analyzing 40000 states in spread 29
Finished step 110, minimal spread 23, max spread 30, got 1 drops
Total number of curves 186122
Starting step 111
Analyzing 9 states in spread 23
Analyzing 228 states in spread 24
Analyzing 2172 states in spread 25
Analyzing 23713 states in spread 26
Analyzing 40000 states in spread 27
Analyzing 40000 states in spread 28
Analyzing 40000 states in spread 29
Analyzing 40000 states in spread 30
Finished step 111, minimal spread 23, max spread 31, got 4 drops
Total number of curves 214915
Starting step 112
Analyzing 2 states in spread 23
Analyzing 84 states in spread 24
Analyzing 1596 states in spread 25
Analyzing 13233 states in spread 26
Analyzing 40000 states in spread 27
Analyzing 40000 states in spread 28
Analyzing 40000 states in spread 29
Analyzing 40000 states in spread 30
Finished step 112, minimal spread 24, max spread 31, got 3 drops
Total number of curves 210589
Starting step 113
Analyzing 37 states in spread 24
Analyzing 680 states in spread 25
Analyzing 9872 states in spread 26
Analyzing 40000 states in spread 27
Analyzing 40000 states in spread 28
Analyzing 40000 states in spread 29
Analyzing 40000 states in spread 30
Finished step 113, minimal spread 24, max spread 31, got 3 drops
Total number of curves 205066
Starting step 114
Analyzing 10 states in spread 24
Analyzing 375 states in spread 25
Analyzing 4681 states in spread 26
Analyzing 40000 states in spread 27
Analyzing 40000 states in spread 28
Analyzing 40000 states in spread 29
Analyzing 40000 states in spread 30
Finished step 114, minimal spread 24, max spread 31, got 1 drops
Total number of curves 188143
Starting step 115
Analyzing 6 states in spread 24
Analyzing 163 states in spread 25
Analyzing 2776 states in spread 26
Analyzing 25198 states in spread 27
Analyzing 40000 states in spread 28
Analyzing 40000 states in spread 29
Analyzing 40000 states in spread 30
Analyzing 40000 states in spread 31
Finished step 115, minimal spread 24, max spread 32, got 1 drops
Total number of curves 217683
Starting step 116
Analyzing 4 states in spread 24
Analyzing 85 states in spread 25
Analyzing 1470 states in spread 26
Analyzing 16124 states in spread 27
Analyzing 40000 states in spread 28
Analyzing 40000 states in spread 29
Analyzing 40000 states in spread 30
Analyzing 40000 states in spread 31
Finished step 116, minimal spread 23, max spread 32, got 4 drops
Total number of curves 210463
Starting step 117
Analyzing 1 states in spread 23
Analyzing 4 states in spread 24
Analyzing 55 states in spread 25
Analyzing 781 states in spread 26
Analyzing 9622 states in spread 27
Analyzing 40000 states in spread 28
Analyzing 40000 states in spread 29
Analyzing 40000 states in spread 30
Analyzing 40000 states in spread 31
Finished step 117, minimal spread 24, max spread 32, got 4 drops
Total number of curves 206018
Starting step 118
Analyzing 11 states in spread 24
Analyzing 46 states in spread 25
Analyzing 501 states in spread 26
Analyzing 5460 states in spread 27
Analyzing 40000 states in spread 28
Analyzing 40000 states in spread 29
Analyzing 40000 states in spread 30
Analyzing 40000 states in spread 31
Finished step 118, minimal spread 24, max spread 32, got 4 drops
Total number of curves 193440
Starting step 119
Analyzing 2 states in spread 24
Analyzing 79 states in spread 25
Analyzing 380 states in spread 26
Analyzing 3525 states in spread 27
Analyzing 29454 states in spread 28
Analyzing 40000 states in spread 29
Analyzing 40000 states in spread 30
Analyzing 40000 states in spread 31
Finished step 119, minimal spread 25, max spread 32, got 3 drops
Total number of curves 183381
Starting step 120
Analyzing 28 states in spread 25
Analyzing 499 states in spread 26
Analyzing 2586 states in spread 27
Analyzing 20268 states in spread 28
Analyzing 40000 states in spread 29
Analyzing 40000 states in spread 30
Analyzing 40000 states in spread 31
Analyzing 40000 states in spread 32
Finished step 120, minimal spread 25, max spread 33, got 0 drops
Total number of curves 218435
Starting step 121
Analyzing 9 states in spread 25
Analyzing 224 states in spread 26
Analyzing 2916 states in spread 27
Analyzing 15286 states in spread 28
Analyzing 40000 states in spread 29
Analyzing 40000 states in spread 30
Analyzing 40000 states in spread 31
Analyzing 40000 states in spread 32
Finished step 121, minimal spread 25, max spread 33, got 0 drops
Total number of curves 217744
Starting step 122
Analyzing 6 states in spread 25
Analyzing 99 states in spread 26
Analyzing 1452 states in spread 27
Analyzing 16187 states in spread 28
Analyzing 40000 states in spread 29
Analyzing 40000 states in spread 30
Analyzing 40000 states in spread 31
Analyzing 40000 states in spread 32
Finished step 122, minimal spread 25, max spread 33, got 2 drops
Total number of curves 209517
Starting step 123
Analyzing 3 states in spread 25
Analyzing 64 states in spread 26
Analyzing 728 states in spread 27
Analyzing 8722 states in spread 28
Analyzing 40000 states in spread 29
Analyzing 40000 states in spread 30
Analyzing 40000 states in spread 31
Analyzing 40000 states in spread 32
Finished step 123, minimal spread 25, max spread 33, got 1 drops
Total number of curves 205294
Starting step 124
Analyzing 2 states in spread 25
Analyzing 32 states in spread 26
Analyzing 484 states in spread 27
Analyzing 4776 states in spread 28
Analyzing 40000 states in spread 29
Analyzing 40000 states in spread 30
Analyzing 40000 states in spread 31
Analyzing 40000 states in spread 32
Finished step 124, minimal spread 25, max spread 33, got 1 drops
Total number of curves 189635
Starting step 125
Analyzing 1 states in spread 25
Analyzing 23 states in spread 26
Analyzing 248 states in spread 27
Analyzing 3276 states in spread 28
Analyzing 26087 states in spread 29
Analyzing 40000 states in spread 30
Analyzing 40000 states in spread 31
Analyzing 40000 states in spread 32
Analyzing 40000 states in spread 33
Finished step 125, minimal spread 25, max spread 34, got 2 drops
Total number of curves 220878
Starting step 126
Analyzing 2 states in spread 25
Analyzing 9 states in spread 26
Analyzing 167 states in spread 27
Analyzing 1778 states in spread 28
Analyzing 18922 states in spread 29
Analyzing 40000 states in spread 30
Analyzing 40000 states in spread 31
Analyzing 40000 states in spread 32
Analyzing 40000 states in spread 33
Finished step 126, minimal spread 25, max spread 34, got 3 drops
Total number of curves 212163
Starting step 127
Analyzing 1 states in spread 25
Analyzing 15 states in spread 26
Analyzing 67 states in spread 27
Analyzing 1150 states in spread 28
Analyzing 10930 states in spread 29
Analyzing 40000 states in spread 30
Analyzing 40000 states in spread 31
Analyzing 40000 states in spread 32
Analyzing 40000 states in spread 33
Finished step 127, minimal spread 26, max spread 34, got 4 drops
Total number of curves 207792
Starting step 128
Analyzing 7 states in spread 26
Analyzing 91 states in spread 27
Analyzing 529 states in spread 28
Analyzing 7165 states in spread 29
Analyzing 40000 states in spread 30
Analyzing 40000 states in spread 31
Analyzing 40000 states in spread 32
Analyzing 40000 states in spread 33
Finished step 128, minimal spread 27, max spread 34, got 3 drops
Total number of curves 201423
Starting step 129
Analyzing 49 states in spread 27
Analyzing 551 states in spread 28
Analyzing 3653 states in spread 29
Analyzing 37170 states in spread 30
Analyzing 40000 states in spread 31
Analyzing 40000 states in spread 32
Analyzing 40000 states in spread 33
Finished step 129, minimal spread 27, max spread 34, got 3 drops
Total number of curves 184607
Starting step 130
Analyzing 6 states in spread 27
Analyzing 337 states in spread 28
Analyzing 3238 states in spread 29
Analyzing 21026 states in spread 30
Analyzing 40000 states in spread 31
Analyzing 40000 states in spread 32
Analyzing 40000 states in spread 33
Analyzing 40000 states in spread 34
Finished step 130, minimal spread 27, max spread 35, got 2 drops
Total number of curves 220094
Starting step 131
Analyzing 2 states in spread 27
Analyzing 89 states in spread 28
Analyzing 2143 states in spread 29
Analyzing 17860 states in spread 30
Analyzing 40000 states in spread 31
Analyzing 40000 states in spread 32
Analyzing 40000 states in spread 33
Analyzing 40000 states in spread 34
Finished step 131, minimal spread 27, max spread 35, got 4 drops
Total number of curves 213276
Starting step 132
Analyzing 1 states in spread 27
Analyzing 48 states in spread 28
Analyzing 780 states in spread 29
Analyzing 12447 states in spread 30
Analyzing 40000 states in spread 31
Analyzing 40000 states in spread 32
Analyzing 40000 states in spread 33
Analyzing 40000 states in spread 34
Finished step 132, minimal spread 27, max spread 35, got 2 drops
Total number of curves 205848
Starting step 133
Analyzing 1 states in spread 27
Analyzing 23 states in spread 28
Analyzing 484 states in spread 29
Analyzing 5340 states in spread 30
Analyzing 40000 states in spread 31
Analyzing 40000 states in spread 32
Analyzing 40000 states in spread 33
Analyzing 40000 states in spread 34
Finished step 133, minimal spread 27, max spread 35, got 3 drops
Total number of curves 191631
Starting step 134
Analyzing 1 states in spread 27
Analyzing 17 states in spread 28
Analyzing 239 states in spread 29
Analyzing 3581 states in spread 30
Analyzing 27793 states in spread 31
Analyzing 40000 states in spread 32
Analyzing 40000 states in spread 33
Analyzing 40000 states in spread 34
Finished step 134, minimal spread 28, max spread 35, got 5 drops
Total number of curves 182382
Starting step 135
Analyzing 10 states in spread 28
Analyzing 171 states in spread 29
Analyzing 1885 states in spread 30
Analyzing 20316 states in spread 31
Analyzing 40000 states in spread 32
Analyzing 40000 states in spread 33
Analyzing 40000 states in spread 34
Analyzing 40000 states in spread 35
Finished step 135, minimal spread 28, max spread 36, got 2 drops
Total number of curves 213101
Starting step 136
Analyzing 2 states in spread 28
Analyzing 91 states in spread 29
Analyzing 1313 states in spread 30
Analyzing 11695 states in spread 31
Analyzing 40000 states in spread 32
Analyzing 40000 states in spread 33
Analyzing 40000 states in spread 34
Analyzing 40000 states in spread 35
Finished step 136, minimal spread 28, max spread 36, got 2 drops
Total number of curves 209058
Starting step 137
Analyzing 2 states in spread 28
Analyzing 32 states in spread 29
Analyzing 720 states in spread 30
Analyzing 8304 states in spread 31
Analyzing 40000 states in spread 32
Analyzing 40000 states in spread 33
Analyzing 40000 states in spread 34
Analyzing 40000 states in spread 35
Finished step 137, minimal spread 28, max spread 36, got 3 drops
Total number of curves 205130
Starting step 138
Analyzing 2 states in spread 28
Analyzing 26 states in spread 29
Analyzing 311 states in spread 30
Analyzing 4791 states in spread 31
Analyzing 40000 states in spread 32
Analyzing 40000 states in spread 33
Analyzing 40000 states in spread 34
Analyzing 40000 states in spread 35
Finished step 138, minimal spread 28, max spread 36, got 4 drops
Total number of curves 189322
Starting step 139
Analyzing 1 states in spread 28
Analyzing 28 states in spread 29
Analyzing 225 states in spread 30
Analyzing 2340 states in spread 31
Analyzing 26728 states in spread 32
Analyzing 40000 states in spread 33
Analyzing 40000 states in spread 34
Analyzing 40000 states in spread 35
Analyzing 40000 states in spread 36
Finished step 139, minimal spread 28, max spread 37, got 2 drops
Total number of curves 216305
Starting step 140
Analyzing 1 states in spread 28
Analyzing 18 states in spread 29
Analyzing 225 states in spread 30
Analyzing 1626 states in spread 31
Analyzing 14435 states in spread 32
Analyzing 40000 states in spread 33
Analyzing 40000 states in spread 34
Analyzing 40000 states in spread 35
Analyzing 40000 states in spread 36
Finished step 140, minimal spread 29, max spread 37, got 4 drops
Total number of curves 211727
Starting step 141
Analyzing 16 states in spread 29
Analyzing 164 states in spread 30
Analyzing 1483 states in spread 31
Analyzing 10064 states in spread 32
Analyzing 40000 states in spread 33
Analyzing 40000 states in spread 34
Analyzing 40000 states in spread 35
Analyzing 40000 states in spread 36
Finished step 141, minimal spread 29, max spread 37, got 3 drops
Total number of curves 210100
Starting step 142
Analyzing 6 states in spread 29
Analyzing 145 states in spread 30
Analyzing 1133 states in spread 31
Analyzing 8816 states in spread 32
Analyzing 40000 states in spread 33
Analyzing 40000 states in spread 34
Analyzing 40000 states in spread 35
Analyzing 40000 states in spread 36
Finished step 142, minimal spread 29, max spread 37, got 2 drops
Total number of curves 207934
Starting step 143
Analyzing 3 states in spread 29
Analyzing 63 states in spread 30
Analyzing 997 states in spread 31
Analyzing 6871 states in spread 32
Analyzing 40000 states in spread 33
Analyzing 40000 states in spread 34
Analyzing 40000 states in spread 35
Analyzing 40000 states in spread 36
Finished step 143, minimal spread 29, max spread 37, got 1 drops
Total number of curves 202716
Starting step 144
Analyzing 2 states in spread 29
Analyzing 32 states in spread 30
Analyzing 447 states in spread 31
Analyzing 6094 states in spread 32
Analyzing 36141 states in spread 33
Analyzing 40000 states in spread 34
Analyzing 40000 states in spread 35
Analyzing 40000 states in spread 36
Finished step 144, minimal spread 29, max spread 37, got 2 drops
Total number of curves 196622
Starting step 145
Analyzing 2 states in spread 29
Analyzing 20 states in spread 30
Analyzing 245 states in spread 31
Analyzing 2916 states in spread 32
Analyzing 33439 states in spread 33
Analyzing 40000 states in spread 34
Analyzing 40000 states in spread 35
Analyzing 40000 states in spread 36
Finished step 145, minimal spread 29, max spread 37, got 2 drops
Total number of curves 179199
Starting step 146
Analyzing 2 states in spread 29
Analyzing 21 states in spread 30
Analyzing 150 states in spread 31
Analyzing 1695 states in spread 32
Analyzing 17331 states in spread 33
Analyzing 40000 states in spread 34
Analyzing 40000 states in spread 35
Analyzing 40000 states in spread 36
Analyzing 40000 states in spread 37
Finished step 146, minimal spread 29, max spread 38, got 2 drops
Total number of curves 211778
Starting step 147
Analyzing 1 states in spread 29
Analyzing 19 states in spread 30
Analyzing 149 states in spread 31
Analyzing 1055 states in spread 32
Analyzing 10554 states in spread 33
Analyzing 40000 states in spread 34
Analyzing 40000 states in spread 35
Analyzing 40000 states in spread 36
Analyzing 40000 states in spread 37
Finished step 147, minimal spread 30, max spread 38, got 0 drops
Total number of curves 207905
Starting step 148
Analyzing 10 states in spread 30
Analyzing 131 states in spread 31
Analyzing 952 states in spread 32
Analyzing 6812 states in spread 33
Analyzing 40000 states in spread 34
Analyzing 40000 states in spread 35
Analyzing 40000 states in spread 36
Analyzing 40000 states in spread 37
Finished step 148, minimal spread 30, max spread 38, got 6 drops
Total number of curves 201820
Starting step 149
Analyzing 1 states in spread 30
Analyzing 77 states in spread 31
Analyzing 816 states in spread 32
Analyzing 5803 states in spread 33
Analyzing 35123 states in spread 34
Analyzing 40000 states in spread 35
Analyzing 40000 states in spread 36
Analyzing 40000 states in spread 37
Finished step 149, minimal spread 31, max spread 38, got 5 drops
Total number of curves 196305
Starting step 150
Analyzing 27 states in spread 31
Analyzing 522 states in spread 32
Analyzing 4777 states in spread 33
Analyzing 30979 states in spread 34
Analyzing 40000 states in spread 35
Analyzing 40000 states in spread 36
Analyzing 40000 states in spread 37
Finished step 150, minimal spread 31, max spread 38, got 6 drops
Total number of curves 189185
Starting step 151
Analyzing 9 states in spread 31
Analyzing 258 states in spread 32
Analyzing 3219 states in spread 33
Analyzing 25699 states in spread 34
Analyzing 40000 states in spread 35
Analyzing 40000 states in spread 36
Analyzing 40000 states in spread 37
Analyzing 40000 states in spread 38
Finished step 151, minimal spread 31, max spread 39, got 1 drops
Total number of curves 220232
Starting step 152
Analyzing 6 states in spread 31
Analyzing 105 states in spread 32
Analyzing 1815 states in spread 33
Analyzing 18306 states in spread 34
Analyzing 40000 states in spread 35
Analyzing 40000 states in spread 36
Analyzing 40000 states in spread 37
Analyzing 40000 states in spread 38
Finished step 152, minimal spread 31, max spread 39, got 6 drops
Total number of curves 212001
Starting step 153
Analyzing 6 states in spread 31
Analyzing 74 states in spread 32
Analyzing 829 states in spread 33
Analyzing 11092 states in spread 34
Analyzing 40000 states in spread 35
Analyzing 40000 states in spread 36
Analyzing 40000 states in spread 37
Analyzing 40000 states in spread 38
Finished step 153, minimal spread 31, max spread 39, got 1 drops
Total number of curves 206170
Starting step 154
Analyzing 3 states in spread 31
Analyzing 58 states in spread 32
Analyzing 590 states in spread 33
Analyzing 5519 states in spread 34
Analyzing 40000 states in spread 35
Analyzing 40000 states in spread 36
Analyzing 40000 states in spread 37
Analyzing 40000 states in spread 38
Finished step 154, minimal spread 31, max spread 39, got 4 drops
Total number of curves 192809
Starting step 155
Analyzing 1 states in spread 31
Analyzing 36 states in spread 32
Analyzing 421 states in spread 33
Analyzing 3980 states in spread 34
Analyzing 28371 states in spread 35
Analyzing 40000 states in spread 36
Analyzing 40000 states in spread 37
Analyzing 40000 states in spread 38
Finished step 155, minimal spread 31, max spread 39, got 6 drops
Total number of curves 184822
Starting step 156
Analyzing 2 states in spread 31
Analyzing 17 states in spread 32
Analyzing 290 states in spread 33
Analyzing 2786 states in spread 34
Analyzing 21727 states in spread 35
Analyzing 40000 states in spread 36
Analyzing 40000 states in spread 37
Analyzing 40000 states in spread 38
Analyzing 40000 states in spread 39
Finished step 156, minimal spread 31, max spread 40, got 2 drops
Total number of curves 217942
Starting step 157
Analyzing 1 states in spread 31
Analyzing 22 states in spread 32
Analyzing 152 states in spread 33
Analyzing 1960 states in spread 34
Analyzing 15807 states in spread 35
Analyzing 40000 states in spread 36
Analyzing 40000 states in spread 37
Analyzing 40000 states in spread 38
Analyzing 40000 states in spread 39
Finished step 157, minimal spread 32, max spread 40, got 4 drops
Total number of curves 212735
Starting step 158
Analyzing 12 states in spread 32
Analyzing 153 states in spread 33
Analyzing 1100 states in spread 34
Analyzing 11470 states in spread 35
Analyzing 40000 states in spread 36
Analyzing 40000 states in spread 37
Analyzing 40000 states in spread 38
Analyzing 40000 states in spread 39
Finished step 158, minimal spread 32, max spread 40, got 4 drops
Total number of curves 207861
Starting step 159
Analyzing 4 states in spread 32
Analyzing 103 states in spread 33
Analyzing 928 states in spread 34
Analyzing 6826 states in spread 35
Analyzing 40000 states in spread 36
Analyzing 40000 states in spread 37
Analyzing 40000 states in spread 38
Analyzing 40000 states in spread 39
Finished step 159, minimal spread 31, max spread 40, got 3 drops
Total number of curves 201197
Starting step 160
Analyzing 1 states in spread 31
Analyzing 3 states in spread 32
Analyzing 43 states in spread 33
Analyzing 704 states in spread 34
Analyzing 5316 states in spread 35
Analyzing 35130 states in spread 36
Analyzing 40000 states in spread 37
Analyzing 40000 states in spread 38
Analyzing 40000 states in spread 39
Finished step 160, minimal spread 31, max spread 40, got 1 drops
Total number of curves 192524
Starting step 161
Analyzing 2 states in spread 31
Analyzing 8 states in spread 32
Analyzing 29 states in spread 33
Analyzing 322 states in spread 34
Analyzing 4275 states in spread 35
Analyzing 27888 states in spread 36
Analyzing 40000 states in spread 37
Analyzing 40000 states in spread 38
Analyzing 40000 states in spread 39
Finished step 161, minimal spread 31, max spread 40, got 0 drops
Total number of curves 185858
Starting step 162
Analyzing 3 states in spread 31
Analyzing 16 states in spread 32
Analyzing 49 states in spread 33
Analyzing 217 states in spread 34
Analyzing 2107 states in spread 35
Analyzing 23466 states in spread 36
Analyzing 40000 states in spread 37
Analyzing 40000 states in spread 38
Analyzing 40000 states in spread 39
Analyzing 40000 states in spread 40
Finished step 162, minimal spread 32, max spread 41, got 2 drops
Total number of curves 214259
Starting step 163
Analyzing 28 states in spread 32
Analyzing 89 states in spread 33
Analyzing 303 states in spread 34
Analyzing 1441 states in spread 35
Analyzing 12398 states in spread 36
Analyzing 40000 states in spread 37
Analyzing 40000 states in spread 38
Analyzing 40000 states in spread 39
Analyzing 40000 states in spread 40
Finished step 163, minimal spread 32, max spread 41, got 2 drops
Total number of curves 211167
Starting step 164
Analyzing 3 states in spread 32
Analyzing 166 states in spread 33
Analyzing 493 states in spread 34
Analyzing 1784 states in spread 35
Analyzing 8721 states in spread 36
Analyzing 40000 states in spread 37
Analyzing 40000 states in spread 38
Analyzing 40000 states in spread 39
Analyzing 40000 states in spread 40
Finished step 164, minimal spread 32, max spread 41, got 2 drops
Total number of curves 213600
Starting step 165
Analyzing 5 states in spread 32
Analyzing 34 states in spread 33
Analyzing 888 states in spread 34
Analyzing 2667 states in spread 35
Analyzing 10006 states in spread 36
Analyzing 40000 states in spread 37
Analyzing 40000 states in spread 38
Analyzing 40000 states in spread 39
Analyzing 40000 states in spread 40
Finished step 165, minimal spread 32, max spread 41, got 3 drops
Total number of curves 218981
Starting step 166
Analyzing 2 states in spread 32
Analyzing 49 states in spread 33
Analyzing 265 states in spread 34
Analyzing 4588 states in spread 35
Analyzing 14077 states in spread 36
Analyzing 40000 states in spread 37
Analyzing 40000 states in spread 38
Analyzing 40000 states in spread 39
Analyzing 40000 states in spread 40
Finished step 166, minimal spread 32, max spread 41, got 2 drops
Total number of curves 225374
Starting step 167
Analyzing 1 states in spread 32
Analyzing 19 states in spread 33
Analyzing 324 states in spread 34
Analyzing 1721 states in spread 35
Analyzing 23309 states in spread 36
Analyzing 40000 states in spread 37
Analyzing 40000 states in spread 38
Analyzing 40000 states in spread 39
Analyzing 40000 states in spread 40
Finished step 167, minimal spread 33, max spread 41, got 3 drops
Total number of curves 212150
Starting step 168
Analyzing 12 states in spread 33
Analyzing 133 states in spread 34
Analyzing 1896 states in spread 35
Analyzing 10109 states in spread 36
Analyzing 40000 states in spread 37
Analyzing 40000 states in spread 38
Analyzing 40000 states in spread 39
Analyzing 40000 states in spread 40
Finished step 168, minimal spread 33, max spread 41, got 1 drops
Total number of curves 211480
Starting step 169
Analyzing 5 states in spread 33
Analyzing 86 states in spread 34
Analyzing 839 states in spread 35
Analyzing 10550 states in spread 36
Analyzing 40000 states in spread 37
Analyzing 40000 states in spread 38
Analyzing 40000 states in spread 39
Analyzing 40000 states in spread 40
Finished step 169, minimal spread 34, max spread 41, got 0 drops
Total number of curves 205659
Starting step 170
Analyzing 54 states in spread 34
Analyzing 545 states in spread 35
Analyzing 5060 states in spread 36
Analyzing 40000 states in spread 37
Analyzing 40000 states in spread 38
Analyzing 40000 states in spread 39
Analyzing 40000 states in spread 40
Finished step 170, minimal spread 34, max spread 41, got 0 drops
Total number of curves 190876
Starting step 171
Analyzing 12 states in spread 34
Analyzing 395 states in spread 35
Analyzing 3328 states in spread 36
Analyzing 27141 states in spread 37
Analyzing 40000 states in spread 38
Analyzing 40000 states in spread 39
Analyzing 40000 states in spread 40
Finished step 171, minimal spread 34, max spread 41, got 0 drops
Total number of curves 181267
Starting step 172
Analyzing 8 states in spread 34
Analyzing 141 states in spread 35
Analyzing 2508 states in spread 36
Analyzing 18610 states in spread 37
Analyzing 40000 states in spread 38
Analyzing 40000 states in spread 39
Analyzing 40000 states in spread 40
Analyzing 40000 states in spread 41
Finished step 172, minimal spread 34, max spread 42, got 1 drops
Total number of curves 215651
Starting step 173
Analyzing 4 states in spread 34
Analyzing 88 states in spread 35
Analyzing 1133 states in spread 36
Analyzing 14426 states in spread 37
Analyzing 40000 states in spread 38
Analyzing 40000 states in spread 39
Analyzing 40000 states in spread 40
Analyzing 40000 states in spread 41
Finished step 173, minimal spread 34, max spread 42, got 3 drops
Total number of curves 208243
Starting step 174
Analyzing 3 states in spread 34
Analyzing 51 states in spread 35
Analyzing 696 states in spread 36
Analyzing 7493 states in spread 37
Analyzing 40000 states in spread 38
Analyzing 40000 states in spread 39
Analyzing 40000 states in spread 40
Analyzing 40000 states in spread 41
Finished step 174, minimal spread 34, max spread 42, got 3 drops
Total number of curves 204149
Starting step 175
Analyzing 4 states in spread 34
Analyzing 35 states in spread 35
Analyzing 423 states in spread 36
Analyzing 4713 states in spread 37
Analyzing 38974 states in spread 38
Analyzing 40000 states in spread 39
Analyzing 40000 states in spread 40
Analyzing 40000 states in spread 41
Finished step 175, minimal spread 34, max spread 42, got 4 drops
Total number of curves 189367
Starting step 176
Analyzing 4 states in spread 34
Analyzing 41 states in spread 35
Analyzing 277 states in spread 36
Analyzing 2977 states in spread 37
Analyzing 26068 states in spread 38
Analyzing 40000 states in spread 39
Analyzing 40000 states in spread 40
Analyzing 40000 states in spread 41
Analyzing 40000 states in spread 42
Finished step 176, minimal spread 34, max spread 43, got 4 drops
Total number of curves 219738
Starting step 177
Analyzing 2 states in spread 34
Analyzing 46 states in spread 35
Analyzing 282 states in spread 36
Analyzing 1938 states in spread 37
Analyzing 17470 states in spread 38
Analyzing 40000 states in spread 39
Analyzing 40000 states in spread 40
Analyzing 40000 states in spread 41
Analyzing 40000 states in spread 42
Finished step 177, minimal spread 34, max spread 43, got 2 drops
Total number of curves 213805
Starting step 178
Analyzing 1 states in spread 34
Analyzing 26 states in spread 35
Analyzing 317 states in spread 36
Analyzing 1782 states in spread 37
Analyzing 11679 states in spread 38
Analyzing 40000 states in spread 39
Analyzing 40000 states in spread 40
Analyzing 40000 states in spread 41
Analyzing 40000 states in spread 42
Finished step 178, minimal spread 34, max spread 43, got 3 drops
Total number of curves 212495
Starting step 179
Analyzing 1 states in spread 34
Analyzing 10 states in spread 35
Analyzing 208 states in spread 36
Analyzing 1905 states in spread 37
Analyzing 10371 states in spread 38
Analyzing 40000 states in spread 39
Analyzing 40000 states in spread 40
Analyzing 40000 states in spread 41
Analyzing 40000 states in spread 42
Finished step 179, minimal spread 34, max spread 43, got 2 drops
Total number of curves 212100
Starting step 180
Analyzing 1 states in spread 34
Analyzing 10 states in spread 35
Analyzing 96 states in spread 36
Analyzing 1357 states in spread 37
Analyzing 10636 states in spread 38
Analyzing 40000 states in spread 39
Analyzing 40000 states in spread 40
Analyzing 40000 states in spread 41
Analyzing 40000 states in spread 42
Finished step 180, minimal spread 35, max spread 43, got 2 drops
Total number of curves 208770
Starting step 181
Analyzing 10 states in spread 35
Analyzing 80 states in spread 36
Analyzing 750 states in spread 37
Analyzing 7930 states in spread 38
Analyzing 40000 states in spread 39
Analyzing 40000 states in spread 40
Analyzing 40000 states in spread 41
Analyzing 40000 states in spread 42
Finished step 181, minimal spread 35, max spread 43, got 0 drops
Total number of curves 205541
Starting step 182
Analyzing 2 states in spread 35
Analyzing 71 states in spread 36
Analyzing 566 states in spread 37
Analyzing 4902 states in spread 38
Analyzing 40000 states in spread 39
Analyzing 40000 states in spread 40
Analyzing 40000 states in spread 41
Analyzing 40000 states in spread 42
Finished step 182, minimal spread 35, max spread 43, got 1 drops
Total number of curves 191571
Starting step 183
Analyzing 2 states in spread 35
Analyzing 25 states in spread 36
Analyzing 449 states in spread 37
Analyzing 3613 states in spread 38
Analyzing 27482 states in spread 39
Analyzing 40000 states in spread 40
Analyzing 40000 states in spread 41
Analyzing 40000 states in spread 42
Finished step 183, minimal spread 35, max spread 43, got 3 drops
Total number of curves 183636
Starting step 184
Analyzing 2 states in spread 35
Analyzing 21 states in spread 36
Analyzing 203 states in spread 37
Analyzing 2710 states in spread 38
Analyzing 20700 states in spread 39
Analyzing 40000 states in spread 40
Analyzing 40000 states in spread 41
Analyzing 40000 states in spread 42
Analyzing 40000 states in spread 43
Finished step 184, minimal spread 35, max spread 44, got 3 drops
Total number of curves 217024
Starting step 185
Analyzing 1 states in spread 35
Analyzing 22 states in spread 36
Analyzing 164 states in spread 37
Analyzing 1401 states in spread 38
Analyzing 15436 states in spread 39
Analyzing 40000 states in spread 40
Analyzing 40000 states in spread 41
Analyzing 40000 states in spread 42
Analyzing 40000 states in spread 43
Finished step 185, minimal spread 36, max spread 44, got 4 drops
Total number of curves 209936
Starting step 186
Analyzing 11 states in spread 36
Analyzing 161 states in spread 37
Analyzing 1089 states in spread 38
Analyzing 8675 states in spread 39
Analyzing 40000 states in spread 40
Analyzing 40000 states in spread 41
Analyzing 40000 states in spread 42
Analyzing 40000 states in spread 43
Finished step 186, minimal spread 36, max spread 44, got 4 drops
Total number of curves 207727
Starting step 187
Analyzing 2 states in spread 36
Analyzing 78 states in spread 37
Analyzing 1002 states in spread 38
Analyzing 6645 states in spread 39
Analyzing 40000 states in spread 40
Analyzing 40000 states in spread 41
Analyzing 40000 states in spread 42
Analyzing 40000 states in spread 43
Finished step 187, minimal spread 36, max spread 44, got 4 drops
Total number of curves 201207
Starting step 188
Analyzing 2 states in spread 36
Analyzing 21 states in spread 37
Analyzing 507 states in spread 38
Analyzing 5892 states in spread 39
Analyzing 34785 states in spread 40
Analyzing 40000 states in spread 41
Analyzing 40000 states in spread 42
Analyzing 40000 states in spread 43
Finished step 188, minimal spread 36, max spread 44, got 2 drops
Total number of curves 195013
Starting step 189
Analyzing 2 states in spread 36
Analyzing 17 states in spread 37
Analyzing 175 states in spread 38
Analyzing 3197 states in spread 39
Analyzing 31622 states in spread 40
Analyzing 40000 states in spread 41
Analyzing 40000 states in spread 42
Analyzing 40000 states in spread 43
Finished step 189, minimal spread 36, max spread 44, got 3 drops
Total number of curves 179714
Starting step 190
Analyzing 2 states in spread 36
Analyzing 19 states in spread 37
Analyzing 122 states in spread 38
Analyzing 1350 states in spread 39
Analyzing 18221 states in spread 40
Analyzing 40000 states in spread 41
Analyzing 40000 states in spread 42
Analyzing 40000 states in spread 43
Analyzing 40000 states in spread 44
Finished step 190, minimal spread 35, max spread 45, got 4 drops
Total number of curves 209772
Starting step 191
Analyzing 1 states in spread 35
Analyzing 2 states in spread 36
Analyzing 19 states in spread 37
Analyzing 122 states in spread 38
Analyzing 878 states in spread 39
Analyzing 8750 states in spread 40
Analyzing 40000 states in spread 41
Analyzing 40000 states in spread 42
Analyzing 40000 states in spread 43
Analyzing 40000 states in spread 44
Finished step 191, minimal spread 35, max spread 45, got 0 drops
Total number of curves 206635
Starting step 192
Analyzing 2 states in spread 35
Analyzing 9 states in spread 36
Analyzing 12 states in spread 37
Analyzing 123 states in spread 38
Analyzing 761 states in spread 39
Analyzing 5728 states in spread 40
Analyzing 40000 states in spread 41
Analyzing 40000 states in spread 42
Analyzing 40000 states in spread 43
Analyzing 40000 states in spread 44
Finished step 192, minimal spread 35, max spread 45, got 1 drops
Total number of curves 196232
Starting step 193
Analyzing 1 states in spread 35
Analyzing 15 states in spread 36
Analyzing 52 states in spread 37
Analyzing 73 states in spread 38
Analyzing 736 states in spread 39
Analyzing 4607 states in spread 40
Analyzing 30748 states in spread 41
Analyzing 40000 states in spread 42
Analyzing 40000 states in spread 43
Analyzing 40000 states in spread 44
Finished step 193, minimal spread 35, max spread 45, got 1 drops
Total number of curves 190367
Starting step 194
Analyzing 1 states in spread 35
Analyzing 9 states in spread 36
Analyzing 79 states in spread 37
Analyzing 280 states in spread 38
Analyzing 441 states in spread 39
Analyzing 4342 states in spread 40
Analyzing 25215 states in spread 41
Analyzing 40000 states in spread 42
Analyzing 40000 states in spread 43
Analyzing 40000 states in spread 44
Finished step 194, minimal spread 36, max spread 45, got 5 drops
Total number of curves 188461
Starting step 195
Analyzing 7 states in spread 36
Analyzing 61 states in spread 37
Analyzing 388 states in spread 38
Analyzing 1477 states in spread 39
Analyzing 2631 states in spread 40
Analyzing 23897 states in spread 41
Analyzing 40000 states in spread 42
Analyzing 40000 states in spread 43
Analyzing 40000 states in spread 44
Analyzing 40000 states in spread 45
Finished step 195, minimal spread 36, max spread 46, got 2 drops
Total number of curves 224886
Starting step 196
Analyzing 1 states in spread 36
Analyzing 44 states in spread 37
Analyzing 350 states in spread 38
Analyzing 1907 states in spread 39
Analyzing 7663 states in spread 40
Analyzing 14921 states in spread 41
Analyzing 40000 states in spread 42
Analyzing 40000 states in spread 43
Analyzing 40000 states in spread 44
Analyzing 40000 states in spread 45
Finished step 196, minimal spread 37, max spread 46, got 2 drops
Total number of curves 250646
Starting step 197
Analyzing 18 states in spread 37
Analyzing 247 states in spread 38
Analyzing 1869 states in spread 39
Analyzing 9437 states in spread 40
Analyzing 39075 states in spread 41
Analyzing 40000 states in spread 42
Analyzing 40000 states in spread 43
Analyzing 40000 states in spread 44
Finished step 197, minimal spread 37, max spread 45, got 2 drops
Total number of curves 211088
Starting step 198
Analyzing 3 states in spread 37
Analyzing 148 states in spread 38
Analyzing 1318 states in spread 39
Analyzing 9619 states in spread 40
Analyzing 40000 states in spread 41
Analyzing 40000 states in spread 42
Analyzing 40000 states in spread 43
Analyzing 40000 states in spread 44
Finished step 198, minimal spread 37, max spread 45, got 3 drops
Total number of curves 207867
Starting step 199
Analyzing 2 states in spread 37
Analyzing 32 states in spread 38
Analyzing 943 states in spread 39
Analyzing 6890 states in spread 40
Analyzing 40000 states in spread 41
Analyzing 40000 states in spread 42
Analyzing 40000 states in spread 43
Analyzing 40000 states in spread 44
Finished step 199, minimal spread 37, max spread 45, got 1 drops
Total number of curves 200526
Starting step 200
Analyzing 1 states in spread 37
Analyzing 21 states in spread 38
Analyzing 249 states in spread 39
Analyzing 5398 states in spread 40
Analyzing 34857 states in spread 41
Analyzing 40000 states in spread 42
Analyzing 40000 states in spread 43
Analyzing 40000 states in spread 44
Finished step 200, minimal spread 37, max spread 45, got 2 drops
Total number of curves 190794
Starting step 201
Analyzing 1 states in spread 37
Analyzing 13 states in spread 38
Analyzing 168 states in spread 39
Analyzing 1700 states in spread 40
Analyzing 28912 states in spread 41
Analyzing 40000 states in spread 42
Analyzing 40000 states in spread 43
Analyzing 40000 states in spread 44
Finished step 201, minimal spread 38, max spread 45, got 2 drops
Total number of curves 171869
Starting step 202
Analyzing 12 states in spread 38
Analyzing 118 states in spread 39
Analyzing 1162 states in spread 40
Analyzing 10577 states in spread 41
Analyzing 40000 states in spread 42
Analyzing 40000 states in spread 43
Analyzing 40000 states in spread 44
Analyzing 40000 states in spread 45
Finished step 202, minimal spread 38, max spread 46, got 2 drops
Total number of curves 208301
Starting step 203
Analyzing 2 states in spread 38
Analyzing 96 states in spread 39
Analyzing 849 states in spread 40
Analyzing 7354 states in spread 41
Analyzing 40000 states in spread 42
Analyzing 40000 states in spread 43
Analyzing 40000 states in spread 44
Analyzing 40000 states in spread 45
Finished step 203, minimal spread 38, max spread 46, got 2 drops
Total number of curves 204476
Starting step 204
Analyzing 1 states in spread 38
Analyzing 33 states in spread 39
Analyzing 666 states in spread 40
Analyzing 5396 states in spread 41
Analyzing 38380 states in spread 42
Analyzing 40000 states in spread 43
Analyzing 40000 states in spread 44
Analyzing 40000 states in spread 45
Finished step 204, minimal spread 39, max spread 46, got 2 drops
Total number of curves 194015
Starting step 205
Analyzing 17 states in spread 39
Analyzing 310 states in spread 40
Analyzing 4177 states in spread 41
Analyzing 29511 states in spread 42
Analyzing 40000 states in spread 43
Analyzing 40000 states in spread 44
Analyzing 40000 states in spread 45
Finished step 205, minimal spread 39, max spread 46, got 5 drops
Total number of curves 185875
Starting step 206
Analyzing 4 states in spread 39
Analyzing 158 states in spread 40
Analyzing 2228 states in spread 41
Analyzing 23485 states in spread 42
Analyzing 40000 states in spread 43
Analyzing 40000 states in spread 44
Analyzing 40000 states in spread 45
Analyzing 40000 states in spread 46
Finished step 206, minimal spread 39, max spread 47, got 5 drops
Total number of curves 214867
Starting step 207
Analyzing 2 states in spread 39
Analyzing 61 states in spread 40
Analyzing 1192 states in spread 41
Analyzing 13612 states in spread 42
Analyzing 40000 states in spread 43
Analyzing 40000 states in spread 44
Analyzing 40000 states in spread 45
Analyzing 40000 states in spread 46
Finished step 207, minimal spread 39, max spread 47, got 2 drops
Total number of curves 208365
Starting step 208
Analyzing 1 states in spread 39
Analyzing 31 states in spread 40
Analyzing 551 states in spread 41
Analyzing 7782 states in spread 42
Analyzing 40000 states in spread 43
Analyzing 40000 states in spread 44
Analyzing 40000 states in spread 45
Analyzing 40000 states in spread 46
Finished step 208, minimal spread 39, max spread 47, got 4 drops
Total number of curves 204334
Starting step 209
Analyzing 1 states in spread 39
Analyzing 15 states in spread 40
Analyzing 307 states in spread 41
Analyzing 4011 states in spread 42
Analyzing 40000 states in spread 43
Analyzing 40000 states in spread 44
Analyzing 40000 states in spread 45
Analyzing 40000 states in spread 46
Finished step 209, minimal spread 39, max spread 47, got 5 drops
Total number of curves 185822
Starting step 210
Analyzing 1 states in spread 39
Analyzing 16 states in spread 40
Analyzing 161 states in spread 41
Analyzing 2336 states in spread 42
Analyzing 23308 states in spread 43
Analyzing 40000 states in spread 44
Analyzing 40000 states in spread 45
Analyzing 40000 states in spread 46
Analyzing 40000 states in spread 47
Finished step 210, minimal spread 39, max spread 48, got 7 drops
Total number of curves 215885
Starting step 211
Analyzing 2 states in spread 39
Analyzing 15 states in spread 40
Analyzing 150 states in spread 41
Analyzing 1296 states in spread 42
Analyzing 14422 states in spread 43
Analyzing 40000 states in spread 44
Analyzing 40000 states in spread 45
Analyzing 40000 states in spread 46
Analyzing 40000 states in spread 47
Finished step 211, minimal spread 39, max spread 48, got 3 drops
Total number of curves 209815
Starting step 212
Analyzing 1 states in spread 39
Analyzing 18 states in spread 40
Analyzing 127 states in spread 41
Analyzing 1104 states in spread 42
Analyzing 8565 states in spread 43
Analyzing 40000 states in spread 44
Analyzing 40000 states in spread 45
Analyzing 40000 states in spread 46
Analyzing 40000 states in spread 47
Finished step 212, minimal spread 39, max spread 48, got 3 drops
Total number of curves 208024
Starting step 213
Analyzing 1 states in spread 39
Analyzing 9 states in spread 40
Analyzing 117 states in spread 41
Analyzing 896 states in spread 42
Analyzing 7001 states in spread 43
Analyzing 40000 states in spread 44
Analyzing 40000 states in spread 45
Analyzing 40000 states in spread 46
Analyzing 40000 states in spread 47
Finished step 213, minimal spread 40, max spread 48, got 5 drops
Total number of curves 204310
Starting step 214
Analyzing 8 states in spread 40
Analyzing 62 states in spread 41
Analyzing 738 states in spread 42
Analyzing 5651 states in spread 43
Analyzing 37851 states in spread 44
Analyzing 40000 states in spread 45
Analyzing 40000 states in spread 46
Analyzing 40000 states in spread 47
Finished step 214, minimal spread 40, max spread 48, got 1 drops
Total number of curves 196624
Starting step 215
Analyzing 1 states in spread 40
Analyzing 49 states in spread 41
Analyzing 419 states in spread 42
Analyzing 4457 states in spread 43
Analyzing 31698 states in spread 44
Analyzing 40000 states in spread 45
Analyzing 40000 states in spread 46
Analyzing 40000 states in spread 47
Finished step 215, minimal spread 41, max spread 48, got 3 drops
Total number of curves 188157
Starting step 216
Analyzing 12 states in spread 41
Analyzing 295 states in spread 42
Analyzing 2693 states in spread 43
Analyzing 25157 states in spread 44
Analyzing 40000 states in spread 45
Analyzing 40000 states in spread 46
Analyzing 40000 states in spread 47
Analyzing 40000 states in spread 48
Finished step 216, minimal spread 41, max spread 49, got 2 drops
Total number of curves 217920
Starting step 217
Analyzing 2 states in spread 41
Analyzing 109 states in spread 42
Analyzing 1784 states in spread 43
Analyzing 16025 states in spread 44
Analyzing 40000 states in spread 45
Analyzing 40000 states in spread 46
Analyzing 40000 states in spread 47
Analyzing 40000 states in spread 48
Finished step 217, minimal spread 41, max spread 49, got 4 drops
Total number of curves 211362
Starting step 218
Analyzing 2 states in spread 41
Analyzing 37 states in spread 42
Analyzing 843 states in spread 43
Analyzing 10480 states in spread 44
Analyzing 40000 states in spread 45
Analyzing 40000 states in spread 46
Analyzing 40000 states in spread 47
Analyzing 40000 states in spread 48
Finished step 218, minimal spread 41, max spread 49, got 4 drops
Total number of curves 206065
Starting step 219
Analyzing 2 states in spread 41
Analyzing 32 states in spread 42
Analyzing 373 states in spread 43
Analyzing 5658 states in spread 44
Analyzing 40000 states in spread 45
Analyzing 40000 states in spread 46
Analyzing 40000 states in spread 47
Analyzing 40000 states in spread 48
Finished step 219, minimal spread 41, max spread 49, got 2 drops
Total number of curves 194044
Starting step 220
Analyzing 1 states in spread 41
Analyzing 26 states in spread 42
Analyzing 279 states in spread 43
Analyzing 2881 states in spread 44
Analyzing 30857 states in spread 45
Analyzing 40000 states in spread 46
Analyzing 40000 states in spread 47
Analyzing 40000 states in spread 48
Finished step 220, minimal spread 41, max spread 49, got 0 drops
Total number of curves 179592
Starting step 221
Analyzing 1 states in spread 41
Analyzing 13 states in spread 42
Analyzing 210 states in spread 43
Analyzing 2049 states in spread 44
Analyzing 17319 states in spread 45
Analyzing 40000 states in spread 46
Analyzing 40000 states in spread 47
Analyzing 40000 states in spread 48
Analyzing 40000 states in spread 49
Finished step 221, minimal spread 41, max spread 50, got 2 drops
Total number of curves 214194
Starting step 222
Analyzing 1 states in spread 41
Analyzing 8 states in spread 42
Analyzing 106 states in spread 43
Analyzing 1513 states in spread 44
Analyzing 12566 states in spread 45
Analyzing 40000 states in spread 46
Analyzing 40000 states in spread 47
Analyzing 40000 states in spread 48
Analyzing 40000 states in spread 49
Finished step 222, minimal spread 41, max spread 50, got 4 drops
Total number of curves 210179
Starting step 223
Analyzing 1 states in spread 41
Analyzing 8 states in spread 42
Analyzing 56 states in spread 43
Analyzing 831 states in spread 44
Analyzing 9283 states in spread 45
Analyzing 40000 states in spread 46
Analyzing 40000 states in spread 47
Analyzing 40000 states in spread 48
Analyzing 40000 states in spread 49
Finished step 223, minimal spread 42, max spread 50, got 3 drops
Total number of curves 205991
Starting step 224
Analyzing 10 states in spread 42
Analyzing 52 states in spread 43
Analyzing 425 states in spread 44
Analyzing 5504 states in spread 45
Analyzing 40000 states in spread 46
Analyzing 40000 states in spread 47
Analyzing 40000 states in spread 48
Analyzing 40000 states in spread 49
Finished step 224, minimal spread 42, max spread 50, got 2 drops
Total number of curves 193208
Starting step 225
Analyzing 2 states in spread 42
Analyzing 59 states in spread 43
Analyzing 340 states in spread 44
Analyzing 2911 states in spread 45
Analyzing 29896 states in spread 46
Analyzing 40000 states in spread 47
Analyzing 40000 states in spread 48
Analyzing 40000 states in spread 49
Finished step 225, minimal spread 42, max spread 50, got 2 drops
Total number of curves 179537
Starting step 226
Analyzing 1 states in spread 42
Analyzing 20 states in spread 43
Analyzing 324 states in spread 44
Analyzing 2212 states in spread 45
Analyzing 16980 states in spread 46
Analyzing 40000 states in spread 47
Analyzing 40000 states in spread 48
Analyzing 40000 states in spread 49
Analyzing 40000 states in spread 50
Finished step 226, minimal spread 43, max spread 51, got 4 drops
Total number of curves 214952
Starting step 227
Analyzing 12 states in spread 43
Analyzing 147 states in spread 44
Analyzing 1885 states in spread 45
Analyzing 12908 states in spread 46
Analyzing 40000 states in spread 47
Analyzing 40000 states in spread 48
Analyzing 40000 states in spread 49
Analyzing 40000 states in spread 50
Finished step 227, minimal spread 43, max spread 51, got 3 drops
Total number of curves 211741
Starting step 228
Analyzing 5 states in spread 43
Analyzing 91 states in spread 44
Analyzing 1037 states in spread 45
Analyzing 10608 states in spread 46
Analyzing 40000 states in spread 47
Analyzing 40000 states in spread 48
Analyzing 40000 states in spread 49
Analyzing 40000 states in spread 50
Finished step 228, minimal spread 43, max spread 51, got 5 drops
Total number of curves 207203
Starting step 229
Analyzing 2 states in spread 43
Analyzing 56 states in spread 44
Analyzing 623 states in spread 45
Analyzing 6522 states in spread 46
Analyzing 40000 states in spread 47
Analyzing 40000 states in spread 48
Analyzing 40000 states in spread 49
Analyzing 40000 states in spread 50
Finished step 229, minimal spread 43, max spread 51, got 5 drops
Total number of curves 199074
Starting step 230
Analyzing 1 states in spread 43
Analyzing 29 states in spread 44
Analyzing 425 states in spread 45
Analyzing 3926 states in spread 46
Analyzing 34693 states in spread 47
Analyzing 40000 states in spread 48
Analyzing 40000 states in spread 49
Analyzing 40000 states in spread 50
Finished step 230, minimal spread 43, max spread 51, got 3 drops
Total number of curves 185029
Starting step 231
Analyzing 1 states in spread 43
Analyzing 11 states in spread 44
Analyzing 244 states in spread 45
Analyzing 2772 states in spread 46
Analyzing 22001 states in spread 47
Analyzing 40000 states in spread 48
Analyzing 40000 states in spread 49
Analyzing 40000 states in spread 50
Analyzing 40000 states in spread 51
Finished step 231, minimal spread 44, max spread 52, got 5 drops
Total number of curves 217877
Starting step 232
Analyzing 13 states in spread 44
Analyzing 98 states in spread 45
Analyzing 1672 states in spread 46
Analyzing 16094 states in spread 47
Analyzing 40000 states in spread 48
Analyzing 40000 states in spread 49
Analyzing 40000 states in spread 50
Analyzing 40000 states in spread 51
Finished step 232, minimal spread 43, max spread 52, got 6 drops
Total number of curves 210986
Starting step 233
Analyzing 1 states in spread 43
Analyzing 6 states in spread 44
Analyzing 99 states in spread 45
Analyzing 743 states in spread 46
Analyzing 10137 states in spread 47
Analyzing 40000 states in spread 48
Analyzing 40000 states in spread 49
Analyzing 40000 states in spread 50
Analyzing 40000 states in spread 51
Finished step 233, minimal spread 44, max spread 52, got 0 drops
Total number of curves 205685
Starting step 234
Analyzing 11 states in spread 44
Analyzing 53 states in spread 45
Analyzing 662 states in spread 46
Analyzing 4959 states in spread 47
Analyzing 40000 states in spread 48
Analyzing 40000 states in spread 49
Analyzing 40000 states in spread 50
Analyzing 40000 states in spread 51
Finished step 234, minimal spread 44, max spread 52, got 1 drops
Total number of curves 191332
Starting step 235
Analyzing 1 states in spread 44
Analyzing 78 states in spread 45
Analyzing 404 states in spread 46
Analyzing 4112 states in spread 47
Analyzing 26737 states in spread 48
Analyzing 40000 states in spread 49
Analyzing 40000 states in spread 50
Analyzing 40000 states in spread 51
Finished step 235, minimal spread 45, max spread 52, got 4 drops
Total number of curves 185593
Starting step 236
Analyzing 13 states in spread 45
Analyzing 487 states in spread 46
Analyzing 2734 states in spread 47
Analyzing 22359 states in spread 48
Analyzing 40000 states in spread 49
Analyzing 40000 states in spread 50
Analyzing 40000 states in spread 51
Analyzing 40000 states in spread 52
Finished step 236, minimal spread 45, max spread 53, got 2 drops
Total number of curves 218944
Starting step 237
Analyzing 4 states in spread 45
Analyzing 133 states in spread 46
Analyzing 2892 states in spread 47
Analyzing 15915 states in spread 48
Analyzing 40000 states in spread 49
Analyzing 40000 states in spread 50
Analyzing 40000 states in spread 51
Analyzing 40000 states in spread 52
Finished step 237, minimal spread 45, max spread 53, got 3 drops
Total number of curves 217210
Starting step 238
Analyzing 3 states in spread 45
Analyzing 66 states in spread 46
Analyzing 1050 states in spread 47
Analyzing 16091 states in spread 48
Analyzing 40000 states in spread 49
Analyzing 40000 states in spread 50
Analyzing 40000 states in spread 51
Analyzing 40000 states in spread 52
Finished step 238, minimal spread 45, max spread 53, got 6 drops
Total number of curves 207545
Starting step 239
Analyzing 2 states in spread 45
Analyzing 44 states in spread 46
Analyzing 613 states in spread 47
Analyzing 6886 states in spread 48
Analyzing 40000 states in spread 49
Analyzing 40000 states in spread 50
Analyzing 40000 states in spread 51
Analyzing 40000 states in spread 52
Finished step 239, minimal spread 45, max spread 53, got 4 drops
Total number of curves 199954
Starting step 240
Analyzing 1 states in spread 45
Analyzing 26 states in spread 46
Analyzing 388 states in spread 47
Analyzing 4329 states in spread 48
Analyzing 35210 states in spread 49
Analyzing 40000 states in spread 50
Analyzing 40000 states in spread 51
Analyzing 40000 states in spread 52
Finished step 240, minimal spread 46, max spread 53, got 5 drops
Total number of curves 187198
Starting step 241
Analyzing 14 states in spread 46
Analyzing 227 states in spread 47
Analyzing 2751 states in spread 48
Analyzing 24206 states in spread 49
Analyzing 40000 states in spread 50
Analyzing 40000 states in spread 51
Analyzing 40000 states in spread 52
Analyzing 40000 states in spread 53
Finished step 241, minimal spread 45, max spread 54, got 12 drops
Total number of curves 218041
Starting step 242
Analyzing 1 states in spread 45
Analyzing 6 states in spread 46
Analyzing 123 states in spread 47
Analyzing 1702 states in spread 48
Analyzing 16209 states in spread 49
Analyzing 40000 states in spread 50
Analyzing 40000 states in spread 51
Analyzing 40000 states in spread 52
Analyzing 40000 states in spread 53
Finished step 242, minimal spread 45, max spread 54, got 10 drops
Total number of curves 211727
Starting step 243
Analyzing 2 states in spread 45
Analyzing 12 states in spread 46
Analyzing 56 states in spread 47
Analyzing 948 states in spread 48
Analyzing 10709 states in spread 49
Analyzing 40000 states in spread 50
Analyzing 40000 states in spread 51
Analyzing 40000 states in spread 52
Analyzing 40000 states in spread 53
Finished step 243, minimal spread 45, max spread 54, got 8 drops
Total number of curves 206863
Starting step 244
Analyzing 2 states in spread 45
Analyzing 19 states in spread 46
Analyzing 87 states in spread 47
Analyzing 468 states in spread 48
Analyzing 6287 states in spread 49
Analyzing 40000 states in spread 50
Analyzing 40000 states in spread 51
Analyzing 40000 states in spread 52
Analyzing 40000 states in spread 53
Finished step 244, minimal spread 45, max spread 54, got 5 drops
Total number of curves 197766
Starting step 245
Analyzing 2 states in spread 45
Analyzing 19 states in spread 46
Analyzing 119 states in spread 47
Analyzing 566 states in spread 48
Analyzing 3391 states in spread 49
Analyzing 33669 states in spread 50
Analyzing 40000 states in spread 51
Analyzing 40000 states in spread 52
Analyzing 40000 states in spread 53
Finished step 245, minimal spread 45, max spread 54, got 3 drops
Total number of curves 184376
Starting step 246
Analyzing 1 states in spread 45
Analyzing 20 states in spread 46
Analyzing 117 states in spread 47
Analyzing 697 states in spread 48
Analyzing 3463 states in spread 49
Analyzing 20078 states in spread 50
Analyzing 40000 states in spread 51
Analyzing 40000 states in spread 52
Analyzing 40000 states in spread 53
Analyzing 40000 states in spread 54
Finished step 246, minimal spread 45, max spread 55, got 4 drops
Total number of curves 224228
Starting step 247
Analyzing 2 states in spread 45
Analyzing 14 states in spread 46
Analyzing 132 states in spread 47
Analyzing 658 states in spread 48
Analyzing 3950 states in spread 49
Analyzing 19472 states in spread 50
Analyzing 40000 states in spread 51
Analyzing 40000 states in spread 52
Analyzing 40000 states in spread 53
Analyzing 40000 states in spread 54
Finished step 247, minimal spread 45, max spread 54, got 4 drops
Total number of curves 185939
Starting step 248
Analyzing 3 states in spread 45
Analyzing 21 states in spread 46
Analyzing 98 states in spread 47
Analyzing 766 states in spread 48
Analyzing 3602 states in spread 49
Analyzing 21449 states in spread 50
Analyzing 40000 states in spread 51
Analyzing 40000 states in spread 52
Analyzing 40000 states in spread 53
Analyzing 40000 states in spread 54
Finished step 248, minimal spread 45, max spread 53, got 6 drops
Total number of curves 144210
Starting step 249
Analyzing 5 states in spread 45
Analyzing 26 states in spread 46
Analyzing 146 states in spread 47
Analyzing 565 states in spread 48
Analyzing 4184 states in spread 49
Analyzing 19284 states in spread 50
Analyzing 40000 states in spread 51
Analyzing 40000 states in spread 52
Analyzing 40000 states in spread 53
Finished step 249, minimal spread 45, max spread 52, got 3 drops
Total number of curves 106314
Starting step 250
Analyzing 5 states in spread 45
Analyzing 46 states in spread 46
Analyzing 156 states in spread 47
Analyzing 854 states in spread 48
Analyzing 3071 states in spread 49
Analyzing 22182 states in spread 50
Analyzing 40000 states in spread 51
Analyzing 40000 states in spread 52
Finished step 250, minimal spread 45, max spread 51, got 3 drops
Total number of curves 62176
Starting step 251
Analyzing 1 states in spread 45
Analyzing 40 states in spread 46
Analyzing 285 states in spread 47
Analyzing 871 states in spread 48
Analyzing 4657 states in spread 49
Analyzing 16322 states in spread 50
Analyzing 40000 states in spread 51
Finished step 251, minimal spread 45, max spread 50, got 0 drops
Total number of curves 31029
Starting step 252
Analyzing 1 states in spread 45
Analyzing 10 states in spread 46
Analyzing 225 states in spread 47
Analyzing 1578 states in spread 48
Analyzing 4719 states in spread 49
Analyzing 24496 states in spread 50
Finished step 252, minimal spread 45, max spread 49, got 1 drops
Total number of curves 9553
Starting step 253
Analyzing 1 states in spread 45
Analyzing 10 states in spread 46
Analyzing 74 states in spread 47
Analyzing 1186 states in spread 48
Analyzing 8282 states in spread 49
Finished step 253, minimal spread 45, max spread 48, got 1 drops
Total number of curves 565
Starting step 254
Analyzing 1 states in spread 45
Analyzing 9 states in spread 46
Analyzing 72 states in spread 47
Analyzing 483 states in spread 48
Finished step 254, minimal spread 46, max spread 47, got 1 drops
Total number of curves 74
Starting step 255
Analyzing 9 states in spread 46
Analyzing 65 states in spread 47
Finished step 255, minimal spread 46, max spread 46, got 0 drops
Total number of curves 1
Starting step 256
Analyzing 1 states in spread 46
Altogether, runtime= 87.09478125
SUMMARY witness_output= logs/a3_mod7_exact_b40k_u200k_u150k_fs20_len300_seed1_20260310_witnesses.txt
SUMMARY found= False
SUMMARY first_depth= None
SUMMARY unique_witnesses= 0
SUMMARY total_hits= 0
SUMMARY accepted_hits= 0
SUMMARY rejected_hits= 0
SUMMARY witness_depth_histogram= {}
CUDA max_memory_allocated_bytes: 7131633152
CUDA max_memory_reserved_bytes: 8520728576
