Starting A3 torch search with p= 7 caps 100000 100000 totalcaps 500000 400000 FIRST_STEPS 12 base_point 1 device cuda
We have 6 atoms and 14 dual simples
Initialized step 1 with spreads: {1: 2}
Starting step 2
Analyzing 2 states in spread 1
Finished step 2, minimal spread 2, max spread 2, got 0 drops
Total number of curves 8
Starting step 3
Analyzing 8 states in spread 2
Finished step 3, minimal spread 3, max spread 3, got 0 drops
Total number of curves 36
Starting step 4
Analyzing 36 states in spread 3
Finished step 4, minimal spread 4, max spread 4, got 0 drops
Total number of curves 170
Starting step 5
Analyzing 170 states in spread 4
Finished step 5, minimal spread 5, max spread 5, got 0 drops
Total number of curves 816
Starting step 6
Analyzing 816 states in spread 5
Finished step 6, minimal spread 5, max spread 6, got 0 drops
Total number of curves 3938
Starting step 7
Analyzing 2 states in spread 5
Analyzing 3936 states in spread 6
Finished step 7, minimal spread 5, max spread 7, got 0 drops
Total number of curves 19040
Starting step 8
Analyzing 2 states in spread 5
Analyzing 38 states in spread 6
Analyzing 19000 states in spread 7
Finished step 8, minimal spread 6, max spread 8, got 0 drops
Total number of curves 92118
Starting step 9
Analyzing 37 states in spread 6
Analyzing 415 states in spread 7
Analyzing 91666 states in spread 8
Finished step 9, minimal spread 6, max spread 9, got 0 drops
Total number of curves 103870
Starting step 10
Analyzing 5 states in spread 6
Analyzing 372 states in spread 7
Analyzing 3493 states in spread 8
Analyzing 100000 states in spread 9
Finished step 10, minimal spread 7, max spread 10, got 0 drops
Total number of curves 121852
Starting step 11
Analyzing 84 states in spread 7
Analyzing 2994 states in spread 8
Analyzing 18774 states in spread 9
Analyzing 100000 states in spread 10
Finished step 11, minimal spread 7, max spread 11, got 0 drops
Total number of curves 211338
Starting step 12
Analyzing 11 states in spread 7
Analyzing 895 states in spread 8
Analyzing 16932 states in spread 9
Analyzing 93500 states in spread 10
Analyzing 100000 states in spread 11
Finished step 12, minimal spread 7, max spread 12, got 0 drops
Total number of curves 293900
Starting step 13
Analyzing 6 states in spread 7
Analyzing 202 states in spread 8
Analyzing 6035 states in spread 9
Analyzing 87657 states in spread 10
Analyzing 100000 states in spread 11
Analyzing 100000 states in spread 12
Finished step 13, minimal spread 7, max spread 13, got 0 drops
Total number of curves 338070
Starting step 14
Analyzing 5 states in spread 7
Analyzing 90 states in spread 8
Analyzing 1987 states in spread 9
Analyzing 35988 states in spread 10
Analyzing 100000 states in spread 11
Analyzing 100000 states in spread 12
Analyzing 100000 states in spread 13
Finished step 14, minimal spread 7, max spread 14, got 0 drops
Total number of curves 415791
Starting step 15
Analyzing 1 states in spread 7
Analyzing 59 states in spread 8
Analyzing 871 states in spread 9
Analyzing 14860 states in spread 10
Analyzing 100000 states in spread 11
Analyzing 100000 states in spread 12
Analyzing 100000 states in spread 13
Analyzing 100000 states in spread 14
Finished step 15, minimal spread 7, max spread 15, got 1 drops
Total number of curves 486770
Starting step 16
Analyzing 2 states in spread 7
Analyzing 23 states in spread 8
Analyzing 514 states in spread 9
Analyzing 6730 states in spread 10
Analyzing 79501 states in spread 11
Analyzing 100000 states in spread 12
Analyzing 100000 states in spread 13
Analyzing 100000 states in spread 14
Analyzing 100000 states in spread 15
Finished step 16, minimal spread 7, max spread 16, got 2 drops
Total number of curves 542945
Starting step 17
Analyzing 2 states in spread 7
Analyzing 30 states in spread 8
Analyzing 258 states in spread 9
Analyzing 3790 states in spread 10
Analyzing 38865 states in spread 11
Analyzing 100000 states in spread 12
Analyzing 100000 states in spread 13
Analyzing 100000 states in spread 14
Analyzing 100000 states in spread 15
Finished step 17, minimal spread 7, max spread 16, got 3 drops
Total number of curves 525035
Starting step 18
Analyzing 1 states in spread 7
Analyzing 28 states in spread 8
Analyzing 264 states in spread 9
Analyzing 2127 states in spread 10
Analyzing 22615 states in spread 11
Analyzing 100000 states in spread 12
Analyzing 100000 states in spread 13
Analyzing 100000 states in spread 14
Analyzing 100000 states in spread 15
Finished step 18, minimal spread 7, max spread 16, got 5 drops
Total number of curves 515953
Starting step 19
Analyzing 1 states in spread 7
Analyzing 15 states in spread 8
Analyzing 221 states in spread 9
Analyzing 1873 states in spread 10
Analyzing 13843 states in spread 11
Analyzing 100000 states in spread 12
Analyzing 100000 states in spread 13
Analyzing 100000 states in spread 14
Analyzing 100000 states in spread 15
Finished step 19, minimal spread 7, max spread 16, got 4 drops
Total number of curves 488383
Starting step 20
Analyzing 1 states in spread 7
Analyzing 13 states in spread 8
Analyzing 111 states in spread 9
Analyzing 1510 states in spread 10
Analyzing 11528 states in spread 11
Analyzing 75220 states in spread 12
Analyzing 100000 states in spread 13
Analyzing 100000 states in spread 14
Analyzing 100000 states in spread 15
Analyzing 100000 states in spread 16
Finished step 20, minimal spread 6, max spread 17, got 5 drops
Total number of curves 573595
Starting step 21
Analyzing 1 states in spread 6
Analyzing 2 states in spread 7
Analyzing 11 states in spread 8
Analyzing 86 states in spread 9
Analyzing 758 states in spread 10
Analyzing 9304 states in spread 11
Analyzing 63433 states in spread 12
Analyzing 100000 states in spread 13
Analyzing 100000 states in spread 14
Analyzing 100000 states in spread 15
Analyzing 100000 states in spread 16
Finished step 21, minimal spread 6, max spread 17, got 6 drops
Total number of curves 557929
Starting step 22
Analyzing 1 states in spread 6
Analyzing 8 states in spread 7
Analyzing 12 states in spread 8
Analyzing 78 states in spread 9
Analyzing 572 states in spread 10
Analyzing 4901 states in spread 11
Analyzing 52357 states in spread 12
Analyzing 100000 states in spread 13
Analyzing 100000 states in spread 14
Analyzing 100000 states in spread 15
Analyzing 100000 states in spread 16
Finished step 22, minimal spread 6, max spread 17, got 5 drops
Total number of curves 533587
Starting step 23
Analyzing 1 states in spread 6
Analyzing 9 states in spread 7
Analyzing 42 states in spread 8
Analyzing 73 states in spread 9
Analyzing 491 states in spread 10
Analyzing 3680 states in spread 11
Analyzing 29291 states in spread 12
Analyzing 100000 states in spread 13
Analyzing 100000 states in spread 14
Analyzing 100000 states in spread 15
Analyzing 100000 states in spread 16
Finished step 23, minimal spread 6, max spread 17, got 5 drops
Total number of curves 525907
Starting step 24
Analyzing 1 states in spread 6
Analyzing 8 states in spread 7
Analyzing 55 states in spread 8
Analyzing 207 states in spread 9
Analyzing 433 states in spread 10
Analyzing 2977 states in spread 11
Analyzing 22226 states in spread 12
Analyzing 100000 states in spread 13
Analyzing 100000 states in spread 14
Analyzing 100000 states in spread 15
Analyzing 100000 states in spread 16
Finished step 24, minimal spread 7, max spread 17, got 5 drops
Total number of curves 521314
Starting step 25
Analyzing 9 states in spread 7
Analyzing 44 states in spread 8
Analyzing 304 states in spread 9
Analyzing 1029 states in spread 10
Analyzing 2514 states in spread 11
Analyzing 17414 states in spread 12
Analyzing 100000 states in spread 13
Analyzing 100000 states in spread 14
Analyzing 100000 states in spread 15
Analyzing 100000 states in spread 16
Finished step 25, minimal spread 8, max spread 17, got 6 drops
Total number of curves 512659
Starting step 26
Analyzing 52 states in spread 8
Analyzing 237 states in spread 9
Analyzing 1589 states in spread 10
Analyzing 5185 states in spread 11
Analyzing 14286 states in spread 12
Analyzing 91310 states in spread 13
Analyzing 100000 states in spread 14
Analyzing 100000 states in spread 15
Analyzing 100000 states in spread 16
Finished step 26, minimal spread 8, max spread 17, got 5 drops
Total number of curves 512065
Starting step 27
Analyzing 2 states in spread 8
Analyzing 279 states in spread 9
Analyzing 1249 states in spread 10
Analyzing 8108 states in spread 11
Analyzing 26385 states in spread 12
Analyzing 76042 states in spread 13
Analyzing 100000 states in spread 14
Analyzing 100000 states in spread 15
Analyzing 100000 states in spread 16
Finished step 27, minimal spread 8, max spread 17, got 8 drops
Total number of curves 548875
Starting step 28
Analyzing 1 states in spread 8
Analyzing 26 states in spread 9
Analyzing 1455 states in spread 10
Analyzing 6497 states in spread 11
Analyzing 40896 states in spread 12
Analyzing 100000 states in spread 13
Analyzing 100000 states in spread 14
Analyzing 100000 states in spread 15
Analyzing 100000 states in spread 16
Finished step 28, minimal spread 9, max spread 17, got 9 drops
Total number of curves 541180
Starting step 29
Analyzing 13 states in spread 9
Analyzing 206 states in spread 10
Analyzing 7486 states in spread 11
Analyzing 33475 states in spread 12
Analyzing 100000 states in spread 13
Analyzing 100000 states in spread 14
Analyzing 100000 states in spread 15
Analyzing 100000 states in spread 16
Finished step 29, minimal spread 9, max spread 17, got 3 drops
Total number of curves 539777
Starting step 30
Analyzing 3 states in spread 9
Analyzing 103 states in spread 10
Analyzing 1408 states in spread 11
Analyzing 38263 states in spread 12
Analyzing 100000 states in spread 13
Analyzing 100000 states in spread 14
Analyzing 100000 states in spread 15
Analyzing 100000 states in spread 16
Finished step 30, minimal spread 10, max spread 17, got 1 drops
Total number of curves 509661
Starting step 31
Analyzing 38 states in spread 10
Analyzing 729 states in spread 11
Analyzing 8894 states in spread 12
Analyzing 100000 states in spread 13
Analyzing 100000 states in spread 14
Analyzing 100000 states in spread 15
Analyzing 100000 states in spread 16
Finished step 31, minimal spread 10, max spread 17, got 1 drops
Total number of curves 453078
Starting step 32
Analyzing 11 states in spread 10
Analyzing 339 states in spread 11
Analyzing 4829 states in spread 12
Analyzing 47899 states in spread 13
Analyzing 100000 states in spread 14
Analyzing 100000 states in spread 15
Analyzing 100000 states in spread 16
Analyzing 100000 states in spread 17
Finished step 32, minimal spread 10, max spread 18, got 0 drops
Total number of curves 530357
Starting step 33
Analyzing 5 states in spread 10
Analyzing 163 states in spread 11
Analyzing 2506 states in spread 12
Analyzing 27683 states in spread 13
Analyzing 100000 states in spread 14
Analyzing 100000 states in spread 15
Analyzing 100000 states in spread 16
Analyzing 100000 states in spread 17
Finished step 33, minimal spread 10, max spread 18, got 2 drops
Total number of curves 517029
Starting step 34
Analyzing 2 states in spread 10
Analyzing 79 states in spread 11
Analyzing 1415 states in spread 12
Analyzing 15533 states in spread 13
Analyzing 100000 states in spread 14
Analyzing 100000 states in spread 15
Analyzing 100000 states in spread 16
Analyzing 100000 states in spread 17
Finished step 34, minimal spread 10, max spread 18, got 2 drops
Total number of curves 491926
Starting step 35
Analyzing 2 states in spread 10
Analyzing 38 states in spread 11
Analyzing 716 states in spread 12
Analyzing 9596 states in spread 13
Analyzing 81574 states in spread 14
Analyzing 100000 states in spread 15
Analyzing 100000 states in spread 16
Analyzing 100000 states in spread 17
Analyzing 100000 states in spread 18
Finished step 35, minimal spread 10, max spread 19, got 3 drops
Total number of curves 560314
Starting step 36
Analyzing 2 states in spread 10
Analyzing 31 states in spread 11
Analyzing 379 states in spread 12
Analyzing 5176 states in spread 13
Analyzing 54726 states in spread 14
Analyzing 100000 states in spread 15
Analyzing 100000 states in spread 16
Analyzing 100000 states in spread 17
Analyzing 100000 states in spread 18
Finished step 36, minimal spread 10, max spread 19, got 3 drops
Total number of curves 535116
Starting step 37
Analyzing 3 states in spread 10
Analyzing 19 states in spread 11
Analyzing 289 states in spread 12
Analyzing 2911 states in spread 13
Analyzing 31894 states in spread 14
Analyzing 100000 states in spread 15
Analyzing 100000 states in spread 16
Analyzing 100000 states in spread 17
Analyzing 100000 states in spread 18
Finished step 37, minimal spread 10, max spread 19, got 5 drops
Total number of curves 521314
Starting step 38
Analyzing 1 states in spread 10
Analyzing 30 states in spread 11
Analyzing 147 states in spread 12
Analyzing 2154 states in spread 13
Analyzing 18982 states in spread 14
Analyzing 100000 states in spread 15
Analyzing 100000 states in spread 16
Analyzing 100000 states in spread 17
Analyzing 100000 states in spread 18
Finished step 38, minimal spread 10, max spread 19, got 4 drops
Total number of curves 514084
Starting step 39
Analyzing 1 states in spread 10
Analyzing 11 states in spread 11
Analyzing 201 states in spread 12
Analyzing 1094 states in spread 13
Analyzing 13917 states in spread 14
Analyzing 98860 states in spread 15
Analyzing 100000 states in spread 16
Analyzing 100000 states in spread 17
Analyzing 100000 states in spread 18
Finished step 39, minimal spread 10, max spread 19, got 9 drops
Total number of curves 484807
Starting step 40
Analyzing 1 states in spread 10
Analyzing 12 states in spread 11
Analyzing 80 states in spread 12
Analyzing 1274 states in spread 13
Analyzing 7417 states in spread 14
Analyzing 76023 states in spread 15
Analyzing 100000 states in spread 16
Analyzing 100000 states in spread 17
Analyzing 100000 states in spread 18
Analyzing 100000 states in spread 19
Finished step 40, minimal spread 10, max spread 20, got 7 drops
Total number of curves 551793
Starting step 41
Analyzing 1 states in spread 10
Analyzing 11 states in spread 11
Analyzing 78 states in spread 12
Analyzing 562 states in spread 13
Analyzing 7732 states in spread 14
Analyzing 43409 states in spread 15
Analyzing 100000 states in spread 16
Analyzing 100000 states in spread 17
Analyzing 100000 states in spread 18
Analyzing 100000 states in spread 19
Finished step 41, minimal spread 10, max spread 20, got 8 drops
Total number of curves 547908
Starting step 42
Analyzing 2 states in spread 10
Analyzing 8 states in spread 11
Analyzing 79 states in spread 12
Analyzing 490 states in spread 13
Analyzing 3702 states in spread 14
Analyzing 43627 states in spread 15
Analyzing 100000 states in spread 16
Analyzing 100000 states in spread 17
Analyzing 100000 states in spread 18
Analyzing 100000 states in spread 19
Finished step 42, minimal spread 10, max spread 20, got 13 drops
Total number of curves 526181
Starting step 43
Analyzing 3 states in spread 10
Analyzing 15 states in spread 11
Analyzing 53 states in spread 12
Analyzing 504 states in spread 13
Analyzing 2968 states in spread 14
Analyzing 22638 states in spread 15
Analyzing 100000 states in spread 16
Analyzing 100000 states in spread 17
Analyzing 100000 states in spread 18
Analyzing 100000 states in spread 19
Finished step 43, minimal spread 10, max spread 20, got 10 drops
Total number of curves 520809
Starting step 44
Analyzing 1 states in spread 10
Analyzing 30 states in spread 11
Analyzing 86 states in spread 12
Analyzing 327 states in spread 13
Analyzing 2969 states in spread 14
Analyzing 17396 states in spread 15
Analyzing 100000 states in spread 16
Analyzing 100000 states in spread 17
Analyzing 100000 states in spread 18
Analyzing 100000 states in spread 19
Finished step 44, minimal spread 10, max spread 20, got 6 drops
Total number of curves 509452
Starting step 45
Analyzing 1 states in spread 10
Analyzing 8 states in spread 11
Analyzing 189 states in spread 12
Analyzing 472 states in spread 13
Analyzing 1934 states in spread 14
Analyzing 16813 states in spread 15
Analyzing 90035 states in spread 16
Analyzing 100000 states in spread 17
Analyzing 100000 states in spread 18
Analyzing 100000 states in spread 19
Finished step 45, minimal spread 11, max spread 20, got 4 drops
Total number of curves 503383
Starting step 46
Analyzing 10 states in spread 11
Analyzing 50 states in spread 12
Analyzing 1041 states in spread 13
Analyzing 2532 states in spread 14
Analyzing 11145 states in spread 15
Analyzing 88605 states in spread 16
Analyzing 100000 states in spread 17
Analyzing 100000 states in spread 18
Analyzing 100000 states in spread 19
Finished step 46, minimal spread 11, max spread 20, got 4 drops
Total number of curves 480204
Starting step 47
Analyzing 3 states in spread 11
Analyzing 66 states in spread 12
Analyzing 305 states in spread 13
Analyzing 5426 states in spread 14
Analyzing 13478 states in spread 15
Analyzing 60926 states in spread 16
Analyzing 100000 states in spread 17
Analyzing 100000 states in spread 18
Analyzing 100000 states in spread 19
Analyzing 100000 states in spread 20
Finished step 47, minimal spread 11, max spread 21, got 7 drops
Total number of curves 600551
Starting step 48
Analyzing 4 states in spread 11
Analyzing 33 states in spread 12
Analyzing 390 states in spread 13
Analyzing 1790 states in spread 14
Analyzing 27641 states in spread 15
Analyzing 70693 states in spread 16
Analyzing 100000 states in spread 17
Analyzing 100000 states in spread 18
Analyzing 100000 states in spread 19
Finished step 48, minimal spread 11, max spread 20, got 2 drops
Total number of curves 512585
Starting step 49
Analyzing 4 states in spread 11
Analyzing 36 states in spread 12
Analyzing 235 states in spread 13
Analyzing 2172 states in spread 14
Analyzing 10138 states in spread 15
Analyzing 100000 states in spread 16
Analyzing 100000 states in spread 17
Analyzing 100000 states in spread 18
Analyzing 100000 states in spread 19
Finished step 49, minimal spread 11, max spread 20, got 2 drops
Total number of curves 466595
Starting step 50
Analyzing 1 states in spread 11
Analyzing 38 states in spread 12
Analyzing 224 states in spread 13
Analyzing 1412 states in spread 14
Analyzing 11710 states in spread 15
Analyzing 53210 states in spread 16
Analyzing 100000 states in spread 17
Analyzing 100000 states in spread 18
Analyzing 100000 states in spread 19
Analyzing 100000 states in spread 20
Finished step 50, minimal spread 11, max spread 21, got 7 drops
Total number of curves 570036
Starting step 51
Analyzing 1 states in spread 11
Analyzing 10 states in spread 12
Analyzing 243 states in spread 13
Analyzing 1277 states in spread 14
Analyzing 7945 states in spread 15
Analyzing 60560 states in spread 16
Analyzing 100000 states in spread 17
Analyzing 100000 states in spread 18
Analyzing 100000 states in spread 19
Analyzing 100000 states in spread 20
Finished step 51, minimal spread 11, max spread 21, got 6 drops
Total number of curves 551149
Starting step 52
Analyzing 1 states in spread 11
Analyzing 11 states in spread 12
Analyzing 77 states in spread 13
Analyzing 1377 states in spread 14
Analyzing 7024 states in spread 15
Analyzing 42659 states in spread 16
Analyzing 100000 states in spread 17
Analyzing 100000 states in spread 18
Analyzing 100000 states in spread 19
Analyzing 100000 states in spread 20
Finished step 52, minimal spread 12, max spread 21, got 11 drops
Total number of curves 545604
Starting step 53
Analyzing 11 states in spread 12
Analyzing 84 states in spread 13
Analyzing 492 states in spread 14
Analyzing 7446 states in spread 15
Analyzing 37571 states in spread 16
Analyzing 100000 states in spread 17
Analyzing 100000 states in spread 18
Analyzing 100000 states in spread 19
Analyzing 100000 states in spread 20
Finished step 53, minimal spread 12, max spread 21, got 5 drops
Total number of curves 542900
Starting step 54
Analyzing 2 states in spread 12
Analyzing 76 states in spread 13
Analyzing 528 states in spread 14
Analyzing 2983 states in spread 15
Analyzing 39311 states in spread 16
Analyzing 100000 states in spread 17
Analyzing 100000 states in spread 18
Analyzing 100000 states in spread 19
Analyzing 100000 states in spread 20
Finished step 54, minimal spread 12, max spread 21, got 8 drops
Total number of curves 520920
Starting step 55
Analyzing 3 states in spread 12
Analyzing 28 states in spread 13
Analyzing 451 states in spread 14
Analyzing 3060 states in spread 15
Analyzing 17378 states in spread 16
Analyzing 100000 states in spread 17
Analyzing 100000 states in spread 18
Analyzing 100000 states in spread 19
Analyzing 100000 states in spread 20
Finished step 55, minimal spread 12, max spread 21, got 6 drops
Total number of curves 505521
Starting step 56
Analyzing 1 states in spread 12
Analyzing 35 states in spread 13
Analyzing 225 states in spread 14
Analyzing 2506 states in spread 15
Analyzing 17071 states in spread 16
Analyzing 85683 states in spread 17
Analyzing 100000 states in spread 18
Analyzing 100000 states in spread 19
Analyzing 100000 states in spread 20
Finished step 56, minimal spread 13, max spread 21, got 6 drops
Total number of curves 502462
Starting step 57
Analyzing 10 states in spread 13
Analyzing 265 states in spread 14
Analyzing 1499 states in spread 15
Analyzing 13587 states in spread 16
Analyzing 87101 states in spread 17
Analyzing 100000 states in spread 18
Analyzing 100000 states in spread 19
Analyzing 100000 states in spread 20
Finished step 57, minimal spread 13, max spread 21, got 9 drops
Total number of curves 480710
Starting step 58
Analyzing 1 states in spread 13
Analyzing 94 states in spread 14
Analyzing 1665 states in spread 15
Analyzing 8950 states in spread 16
Analyzing 70000 states in spread 17
Analyzing 100000 states in spread 18
Analyzing 100000 states in spread 19
Analyzing 100000 states in spread 20
Analyzing 100000 states in spread 21
Finished step 58, minimal spread 14, max spread 22, got 5 drops
Total number of curves 559474
Starting step 59
Analyzing 29 states in spread 14
Analyzing 703 states in spread 15
Analyzing 9515 states in spread 16
Analyzing 49227 states in spread 17
Analyzing 100000 states in spread 18
Analyzing 100000 states in spread 19
Analyzing 100000 states in spread 20
Analyzing 100000 states in spread 21
Finished step 59, minimal spread 14, max spread 22, got 3 drops
Total number of curves 556293
Starting step 60
Analyzing 10 states in spread 14
Analyzing 299 states in spread 15
Analyzing 4538 states in spread 16
Analyzing 51446 states in spread 17
Analyzing 100000 states in spread 18
Analyzing 100000 states in spread 19
Analyzing 100000 states in spread 20
Analyzing 100000 states in spread 21
Finished step 60, minimal spread 14, max spread 22, got 4 drops
Total number of curves 529300
Starting step 61
Analyzing 6 states in spread 14
Analyzing 131 states in spread 15
Analyzing 2237 states in spread 16
Analyzing 26926 states in spread 17
Analyzing 100000 states in spread 18
Analyzing 100000 states in spread 19
Analyzing 100000 states in spread 20
Analyzing 100000 states in spread 21
Finished step 61, minimal spread 14, max spread 22, got 5 drops
Total number of curves 515811
Starting step 62
Analyzing 3 states in spread 14
Analyzing 72 states in spread 15
Analyzing 1131 states in spread 16
Analyzing 14605 states in spread 17
Analyzing 100000 states in spread 18
Analyzing 100000 states in spread 19
Analyzing 100000 states in spread 20
Analyzing 100000 states in spread 21
Finished step 62, minimal spread 14, max spread 22, got 7 drops
Total number of curves 485444
Starting step 63
Analyzing 1 states in spread 14
Analyzing 39 states in spread 15
Analyzing 658 states in spread 16
Analyzing 8049 states in spread 17
Analyzing 76697 states in spread 18
Analyzing 100000 states in spread 19
Analyzing 100000 states in spread 20
Analyzing 100000 states in spread 21
Analyzing 100000 states in spread 22
Finished step 63, minimal spread 14, max spread 23, got 10 drops
Total number of curves 551671
Starting step 64
Analyzing 1 states in spread 14
Analyzing 25 states in spread 15
Analyzing 376 states in spread 16
Analyzing 4896 states in spread 17
Analyzing 46373 states in spread 18
Analyzing 100000 states in spread 19
Analyzing 100000 states in spread 20
Analyzing 100000 states in spread 21
Analyzing 100000 states in spread 22
Finished step 64, minimal spread 13, max spread 23, got 8 drops
Total number of curves 532977
Starting step 65
Analyzing 1 states in spread 13
Analyzing 3 states in spread 14
Analyzing 17 states in spread 15
Analyzing 262 states in spread 16
Analyzing 2842 states in spread 17
Analyzing 29852 states in spread 18
Analyzing 100000 states in spread 19
Analyzing 100000 states in spread 20
Analyzing 100000 states in spread 21
Analyzing 100000 states in spread 22
Finished step 65, minimal spread 13, max spread 23, got 4 drops
Total number of curves 520288
Starting step 66
Analyzing 1 states in spread 13
Analyzing 8 states in spread 14
Analyzing 23 states in spread 15
Analyzing 161 states in spread 16
Analyzing 2004 states in spread 17
Analyzing 18091 states in spread 18
Analyzing 100000 states in spread 19
Analyzing 100000 states in spread 20
Analyzing 100000 states in spread 21
Analyzing 100000 states in spread 22
Finished step 66, minimal spread 14, max spread 23, got 5 drops
Total number of curves 508051
Starting step 67
Analyzing 8 states in spread 14
Analyzing 42 states in spread 15
Analyzing 169 states in spread 16
Analyzing 1225 states in spread 17
Analyzing 12896 states in spread 18
Analyzing 93711 states in spread 19
Analyzing 100000 states in spread 20
Analyzing 100000 states in spread 21
Analyzing 100000 states in spread 22
Finished step 67, minimal spread 14, max spread 23, got 5 drops
Total number of curves 480383
Starting step 68
Analyzing 1 states in spread 14
Analyzing 49 states in spread 15
Analyzing 227 states in spread 16
Analyzing 1120 states in spread 17
Analyzing 8062 states in spread 18
Analyzing 70924 states in spread 19
Analyzing 100000 states in spread 20
Analyzing 100000 states in spread 21
Analyzing 100000 states in spread 22
Analyzing 100000 states in spread 23
Finished step 68, minimal spread 15, max spread 24, got 2 drops
Total number of curves 555090
Starting step 69
Analyzing 16 states in spread 15
Analyzing 271 states in spread 16
Analyzing 1254 states in spread 17
Analyzing 6896 states in spread 18
Analyzing 46653 states in spread 19
Analyzing 100000 states in spread 20
Analyzing 100000 states in spread 21
Analyzing 100000 states in spread 22
Analyzing 100000 states in spread 23
Finished step 69, minimal spread 15, max spread 24, got 3 drops
Total number of curves 548099
Starting step 70
Analyzing 6 states in spread 15
Analyzing 132 states in spread 16
Analyzing 1440 states in spread 17
Analyzing 6932 states in spread 18
Analyzing 39589 states in spread 19
Analyzing 100000 states in spread 20
Analyzing 100000 states in spread 21
Analyzing 100000 states in spread 22
Analyzing 100000 states in spread 23
Finished step 70, minimal spread 15, max spread 24, got 2 drops
Total number of curves 546281
Starting step 71
Analyzing 6 states in spread 15
Analyzing 67 states in spread 16
Analyzing 861 states in spread 17
Analyzing 7561 states in spread 18
Analyzing 37786 states in spread 19
Analyzing 100000 states in spread 20
Analyzing 100000 states in spread 21
Analyzing 100000 states in spread 22
Analyzing 100000 states in spread 23
Finished step 71, minimal spread 15, max spread 24, got 3 drops
Total number of curves 545150
Starting step 72
Analyzing 4 states in spread 15
Analyzing 60 states in spread 16
Analyzing 475 states in spread 17
Analyzing 5062 states in spread 18
Analyzing 39549 states in spread 19
Analyzing 100000 states in spread 20
Analyzing 100000 states in spread 21
Analyzing 100000 states in spread 22
Analyzing 100000 states in spread 23
Finished step 72, minimal spread 15, max spread 24, got 1 drops
Total number of curves 531433
Starting step 73
Analyzing 1 states in spread 15
Analyzing 39 states in spread 16
Analyzing 410 states in spread 17
Analyzing 2900 states in spread 18
Analyzing 28083 states in spread 19
Analyzing 100000 states in spread 20
Analyzing 100000 states in spread 21
Analyzing 100000 states in spread 22
Analyzing 100000 states in spread 23
Finished step 73, minimal spread 16, max spread 24, got 7 drops
Total number of curves 519440
Starting step 74
Analyzing 13 states in spread 16
Analyzing 261 states in spread 17
Analyzing 2502 states in spread 18
Analyzing 16664 states in spread 19
Analyzing 100000 states in spread 20
Analyzing 100000 states in spread 21
Analyzing 100000 states in spread 22
Analyzing 100000 states in spread 23
Finished step 74, minimal spread 16, max spread 24, got 2 drops
Total number of curves 500095
Starting step 75
Analyzing 5 states in spread 16
Analyzing 115 states in spread 17
Analyzing 1610 states in spread 18
Analyzing 14340 states in spread 19
Analyzing 84025 states in spread 20
Analyzing 100000 states in spread 21
Analyzing 100000 states in spread 22
Analyzing 100000 states in spread 23
Finished step 75, minimal spread 16, max spread 24, got 2 drops
Total number of curves 485635
Starting step 76
Analyzing 2 states in spread 16
Analyzing 62 states in spread 17
Analyzing 870 states in spread 18
Analyzing 9464 states in spread 19
Analyzing 75237 states in spread 20
Analyzing 100000 states in spread 21
Analyzing 100000 states in spread 22
Analyzing 100000 states in spread 23
Analyzing 100000 states in spread 24
Finished step 76, minimal spread 16, max spread 25, got 3 drops
Total number of curves 557838
Starting step 77
Analyzing 1 states in spread 16
Analyzing 29 states in spread 17
Analyzing 491 states in spread 18
Analyzing 5787 states in spread 19
Analyzing 51530 states in spread 20
Analyzing 100000 states in spread 21
Analyzing 100000 states in spread 22
Analyzing 100000 states in spread 23
Analyzing 100000 states in spread 24
Finished step 77, minimal spread 16, max spread 25, got 5 drops
Total number of curves 537686
Starting step 78
Analyzing 1 states in spread 16
Analyzing 16 states in spread 17
Analyzing 264 states in spread 18
Analyzing 3309 states in spread 19
Analyzing 34096 states in spread 20
Analyzing 100000 states in spread 21
Analyzing 100000 states in spread 22
Analyzing 100000 states in spread 23
Analyzing 100000 states in spread 24
Finished step 78, minimal spread 16, max spread 25, got 9 drops
Total number of curves 522336
Starting step 79
Analyzing 1 states in spread 16
Analyzing 9 states in spread 17
Analyzing 158 states in spread 18
Analyzing 1968 states in spread 19
Analyzing 20200 states in spread 20
Analyzing 100000 states in spread 21
Analyzing 100000 states in spread 22
Analyzing 100000 states in spread 23
Analyzing 100000 states in spread 24
Finished step 79, minimal spread 17, max spread 25, got 7 drops
Total number of curves 514131
Starting step 80
Analyzing 9 states in spread 17
Analyzing 86 states in spread 18
Analyzing 1261 states in spread 19
Analyzing 12775 states in spread 20
Analyzing 100000 states in spread 21
Analyzing 100000 states in spread 22
Analyzing 100000 states in spread 23
Analyzing 100000 states in spread 24
Finished step 80, minimal spread 17, max spread 25, got 10 drops
Total number of curves 479025
Starting step 81
Analyzing 1 states in spread 17
Analyzing 69 states in spread 18
Analyzing 711 states in spread 19
Analyzing 8555 states in spread 20
Analyzing 69689 states in spread 21
Analyzing 100000 states in spread 22
Analyzing 100000 states in spread 23
Analyzing 100000 states in spread 24
Analyzing 100000 states in spread 25
Finished step 81, minimal spread 17, max spread 26, got 8 drops
Total number of curves 554830
Starting step 82
Analyzing 1 states in spread 17
Analyzing 20 states in spread 18
Analyzing 505 states in spread 19
Analyzing 5023 states in spread 20
Analyzing 49281 states in spread 21
Analyzing 100000 states in spread 22
Analyzing 100000 states in spread 23
Analyzing 100000 states in spread 24
Analyzing 100000 states in spread 25
Finished step 82, minimal spread 17, max spread 26, got 13 drops
Total number of curves 534293
Starting step 83
Analyzing 2 states in spread 17
Analyzing 15 states in spread 18
Analyzing 217 states in spread 19
Analyzing 3446 states in spread 20
Analyzing 30613 states in spread 21
Analyzing 100000 states in spread 22
Analyzing 100000 states in spread 23
Analyzing 100000 states in spread 24
Analyzing 100000 states in spread 25
Finished step 83, minimal spread 17, max spread 26, got 9 drops
Total number of curves 523152
Starting step 84
Analyzing 1 states in spread 17
Analyzing 22 states in spread 18
Analyzing 137 states in spread 19
Analyzing 1771 states in spread 20
Analyzing 21221 states in spread 21
Analyzing 100000 states in spread 22
Analyzing 100000 states in spread 23
Analyzing 100000 states in spread 24
Analyzing 100000 states in spread 25
Finished step 84, minimal spread 18, max spread 26, got 4 drops
Total number of curves 513383
Starting step 85
Analyzing 9 states in spread 18
Analyzing 160 states in spread 19
Analyzing 1073 states in spread 20
Analyzing 12141 states in spread 21
Analyzing 100000 states in spread 22
Analyzing 100000 states in spread 23
Analyzing 100000 states in spread 24
Analyzing 100000 states in spread 25
Finished step 85, minimal spread 18, max spread 26, got 7 drops
Total number of curves 476781
Starting step 86
Analyzing 2 states in spread 18
Analyzing 74 states in spread 19
Analyzing 1034 states in spread 20
Analyzing 7418 states in spread 21
Analyzing 68253 states in spread 22
Analyzing 100000 states in spread 23
Analyzing 100000 states in spread 24
Analyzing 100000 states in spread 25
Analyzing 100000 states in spread 26
Finished step 86, minimal spread 19, max spread 27, got 8 drops
Total number of curves 550827
Starting step 87
Analyzing 33 states in spread 19
Analyzing 550 states in spread 20
Analyzing 6364 states in spread 21
Analyzing 43880 states in spread 22
Analyzing 100000 states in spread 23
Analyzing 100000 states in spread 24
Analyzing 100000 states in spread 25
Analyzing 100000 states in spread 26
Finished step 87, minimal spread 18, max spread 27, got 8 drops
Total number of curves 540562
Starting step 88
Analyzing 1 states in spread 18
Analyzing 15 states in spread 19
Analyzing 306 states in spread 20
Analyzing 3697 states in spread 21
Analyzing 36543 states in spread 22
Analyzing 100000 states in spread 23
Analyzing 100000 states in spread 24
Analyzing 100000 states in spread 25
Analyzing 100000 states in spread 26
Finished step 88, minimal spread 17, max spread 27, got 8 drops
Total number of curves 524945
Starting step 89
Analyzing 1 states in spread 17
Analyzing 3 states in spread 18
Analyzing 17 states in spread 19
Analyzing 183 states in spread 20
Analyzing 2262 states in spread 21
Analyzing 22479 states in spread 22
Analyzing 100000 states in spread 23
Analyzing 100000 states in spread 24
Analyzing 100000 states in spread 25
Analyzing 100000 states in spread 26
Finished step 89, minimal spread 17, max spread 27, got 1 drops
Total number of curves 516214
Starting step 90
Analyzing 1 states in spread 17
Analyzing 8 states in spread 18
Analyzing 25 states in spread 19
Analyzing 153 states in spread 20
Analyzing 1481 states in spread 21
Analyzing 14546 states in spread 22
Analyzing 100000 states in spread 23
Analyzing 100000 states in spread 24
Analyzing 100000 states in spread 25
Analyzing 100000 states in spread 26
Finished step 90, minimal spread 18, max spread 27, got 5 drops
Total number of curves 489372
Starting step 91
Analyzing 9 states in spread 18
Analyzing 47 states in spread 19
Analyzing 173 states in spread 20
Analyzing 1107 states in spread 21
Analyzing 9913 states in spread 22
Analyzing 78123 states in spread 23
Analyzing 100000 states in spread 24
Analyzing 100000 states in spread 25
Analyzing 100000 states in spread 26
Analyzing 100000 states in spread 27
Finished step 91, minimal spread 19, max spread 28, got 9 drops
Total number of curves 564814
Starting step 92
Analyzing 55 states in spread 19
Analyzing 267 states in spread 20
Analyzing 1086 states in spread 21
Analyzing 7123 states in spread 22
Analyzing 56283 states in spread 23
Analyzing 100000 states in spread 24
Analyzing 100000 states in spread 25
Analyzing 100000 states in spread 26
Analyzing 100000 states in spread 27
Finished step 92, minimal spread 19, max spread 28, got 10 drops
Total number of curves 549435
Starting step 93
Analyzing 4 states in spread 19
Analyzing 303 states in spread 20
Analyzing 1474 states in spread 21
Analyzing 6530 states in spread 22
Analyzing 41124 states in spread 23
Analyzing 100000 states in spread 24
Analyzing 100000 states in spread 25
Analyzing 100000 states in spread 26
Analyzing 100000 states in spread 27
Finished step 93, minimal spread 19, max spread 28, got 17 drops
Total number of curves 546822
Starting step 94
Analyzing 3 states in spread 19
Analyzing 49 states in spread 20
Analyzing 1615 states in spread 21
Analyzing 8050 states in spread 22
Analyzing 37105 states in spread 23
Analyzing 100000 states in spread 24
Analyzing 100000 states in spread 25
Analyzing 100000 states in spread 26
Analyzing 100000 states in spread 27
Finished step 94, minimal spread 19, max spread 28, got 9 drops
Total number of curves 552046
Starting step 95
Analyzing 1 states in spread 19
Analyzing 34 states in spread 20
Analyzing 373 states in spread 21
Analyzing 8534 states in spread 22
Analyzing 43104 states in spread 23
Analyzing 100000 states in spread 24
Analyzing 100000 states in spread 25
Analyzing 100000 states in spread 26
Analyzing 100000 states in spread 27
Finished step 95, minimal spread 19, max spread 28, got 14 drops
Total number of curves 547487
Starting step 96
Analyzing 1 states in spread 19
Analyzing 12 states in spread 20
Analyzing 254 states in spread 21
Analyzing 2481 states in spread 22
Analyzing 44739 states in spread 23
Analyzing 100000 states in spread 24
Analyzing 100000 states in spread 25
Analyzing 100000 states in spread 26
Analyzing 100000 states in spread 27
Finished step 96, minimal spread 19, max spread 28, got 11 drops
Total number of curves 517088
Starting step 97
Analyzing 1 states in spread 19
Analyzing 9 states in spread 20
Analyzing 103 states in spread 21
Analyzing 1686 states in spread 22
Analyzing 15289 states in spread 23
Analyzing 100000 states in spread 24
Analyzing 100000 states in spread 25
Analyzing 100000 states in spread 26
Analyzing 100000 states in spread 27
Finished step 97, minimal spread 20, max spread 28, got 5 drops
Total number of curves 489513
Starting step 98
Analyzing 7 states in spread 20
Analyzing 62 states in spread 21
Analyzing 774 states in spread 22
Analyzing 10464 states in spread 23
Analyzing 78206 states in spread 24
Analyzing 100000 states in spread 25
Analyzing 100000 states in spread 26
Analyzing 100000 states in spread 27
Analyzing 100000 states in spread 28
Finished step 98, minimal spread 20, max spread 29, got 5 drops
Total number of curves 562273
Starting step 99
Analyzing 1 states in spread 20
Analyzing 46 states in spread 21
Analyzing 440 states in spread 22
Analyzing 5253 states in spread 23
Analyzing 56533 states in spread 24
Analyzing 100000 states in spread 25
Analyzing 100000 states in spread 26
Analyzing 100000 states in spread 27
Analyzing 100000 states in spread 28
Finished step 99, minimal spread 21, max spread 29, got 3 drops
Total number of curves 534114
Starting step 100
Analyzing 19 states in spread 21
Analyzing 305 states in spread 22
Analyzing 2976 states in spread 23
Analyzing 30814 states in spread 24
Analyzing 100000 states in spread 25
Analyzing 100000 states in spread 26
Analyzing 100000 states in spread 27
Analyzing 100000 states in spread 28
Finished step 100, minimal spread 21, max spread 29, got 11 drops
Total number of curves 520353
Starting step 101
Analyzing 8 states in spread 21
Analyzing 183 states in spread 22
Analyzing 1998 states in spread 23
Analyzing 18164 states in spread 24
Analyzing 100000 states in spread 25
Analyzing 100000 states in spread 26
Analyzing 100000 states in spread 27
Analyzing 100000 states in spread 28
Finished step 101, minimal spread 21, max spread 29, got 8 drops
Total number of curves 507681
Starting step 102
Analyzing 6 states in spread 21
Analyzing 103 states in spread 22
Analyzing 1365 states in spread 23
Analyzing 12201 states in spread 24
Analyzing 94006 states in spread 25
Analyzing 100000 states in spread 26
Analyzing 100000 states in spread 27
Analyzing 100000 states in spread 28
Finished step 102, minimal spread 21, max spread 29, got 8 drops
Total number of curves 475905
Starting step 103
Analyzing 4 states in spread 21
Analyzing 72 states in spread 22
Analyzing 845 states in spread 23
Analyzing 8750 states in spread 24
Analyzing 66234 states in spread 25
Analyzing 100000 states in spread 26
Analyzing 100000 states in spread 27
Analyzing 100000 states in spread 28
Analyzing 100000 states in spread 29
Finished step 103, minimal spread 21, max spread 30, got 6 drops
Total number of curves 556169
Starting step 104
Analyzing 2 states in spread 21
Analyzing 55 states in spread 22
Analyzing 580 states in spread 23
Analyzing 5711 states in spread 24
Analyzing 49821 states in spread 25
Analyzing 100000 states in spread 26
Analyzing 100000 states in spread 27
Analyzing 100000 states in spread 28
Analyzing 100000 states in spread 29
Finished step 104, minimal spread 22, max spread 30, got 3 drops
Total number of curves 538333
Starting step 105
Analyzing 30 states in spread 22
Analyzing 439 states in spread 23
Analyzing 3928 states in spread 24
Analyzing 33936 states in spread 25
Analyzing 100000 states in spread 26
Analyzing 100000 states in spread 27
Analyzing 100000 states in spread 28
Analyzing 100000 states in spread 29
Finished step 105, minimal spread 22, max spread 30, got 6 drops
Total number of curves 526966
Starting step 106
Analyzing 11 states in spread 22
Analyzing 262 states in spread 23
Analyzing 2877 states in spread 24
Analyzing 23816 states in spread 25
Analyzing 100000 states in spread 26
Analyzing 100000 states in spread 27
Analyzing 100000 states in spread 28
Analyzing 100000 states in spread 29
Finished step 106, minimal spread 22, max spread 30, got 5 drops
Total number of curves 519245
Starting step 107
Analyzing 8 states in spread 22
Analyzing 125 states in spread 23
Analyzing 1861 states in spread 24
Analyzing 17251 states in spread 25
Analyzing 100000 states in spread 26
Analyzing 100000 states in spread 27
Analyzing 100000 states in spread 28
Analyzing 100000 states in spread 29
Finished step 107, minimal spread 22, max spread 30, got 9 drops
Total number of curves 503229
Starting step 108
Analyzing 3 states in spread 22
Analyzing 92 states in spread 23
Analyzing 1010 states in spread 24
Analyzing 11747 states in spread 25
Analyzing 90377 states in spread 26
Analyzing 100000 states in spread 27
Analyzing 100000 states in spread 28
Analyzing 100000 states in spread 29
Finished step 108, minimal spread 22, max spread 30, got 13 drops
Total number of curves 472862
Starting step 109
Analyzing 2 states in spread 22
Analyzing 39 states in spread 23
Analyzing 723 states in spread 24
Analyzing 6941 states in spread 25
Analyzing 65157 states in spread 26
Analyzing 100000 states in spread 27
Analyzing 100000 states in spread 28
Analyzing 100000 states in spread 29
Analyzing 100000 states in spread 30
Finished step 109, minimal spread 22, max spread 31, got 8 drops
Total number of curves 546451
Starting step 110
Analyzing 1 states in spread 22
Analyzing 30 states in spread 23
Analyzing 340 states in spread 24
Analyzing 4864 states in spread 25
Analyzing 41216 states in spread 26
Analyzing 100000 states in spread 27
Analyzing 100000 states in spread 28
Analyzing 100000 states in spread 29
Analyzing 100000 states in spread 30
Finished step 110, minimal spread 23, max spread 31, got 10 drops
Total number of curves 532093
Starting step 111
Analyzing 10 states in spread 23
Analyzing 268 states in spread 24
Analyzing 2513 states in spread 25
Analyzing 29302 states in spread 26
Analyzing 100000 states in spread 27
Analyzing 100000 states in spread 28
Analyzing 100000 states in spread 29
Analyzing 100000 states in spread 30
Finished step 111, minimal spread 23, max spread 31, got 11 drops
Total number of curves 518366
Starting step 112
Analyzing 2 states in spread 23
Analyzing 102 states in spread 24
Analyzing 1941 states in spread 25
Analyzing 16321 states in spread 26
Analyzing 100000 states in spread 27
Analyzing 100000 states in spread 28
Analyzing 100000 states in spread 29
Analyzing 100000 states in spread 30
Finished step 112, minimal spread 24, max spread 31, got 8 drops
Total number of curves 498052
Starting step 113
Analyzing 42 states in spread 24
Analyzing 862 states in spread 25
Analyzing 12493 states in spread 26
Analyzing 84655 states in spread 27
Analyzing 100000 states in spread 28
Analyzing 100000 states in spread 29
Analyzing 100000 states in spread 30
Analyzing 100000 states in spread 31
Finished step 113, minimal spread 24, max spread 32, got 7 drops
Total number of curves 574932
Starting step 114
Analyzing 15 states in spread 24
Analyzing 444 states in spread 25
Analyzing 6154 states in spread 26
Analyzing 68319 states in spread 27
Analyzing 100000 states in spread 28
Analyzing 100000 states in spread 29
Analyzing 100000 states in spread 30
Analyzing 100000 states in spread 31
Finished step 114, minimal spread 23, max spread 32, got 5 drops
Total number of curves 540365
Starting step 115
Analyzing 1 states in spread 23
Analyzing 11 states in spread 24
Analyzing 220 states in spread 25
Analyzing 3412 states in spread 26
Analyzing 36721 states in spread 27
Analyzing 100000 states in spread 28
Analyzing 100000 states in spread 29
Analyzing 100000 states in spread 30
Analyzing 100000 states in spread 31
Finished step 115, minimal spread 23, max spread 32, got 10 drops
Total number of curves 523731
Starting step 116
Analyzing 1 states in spread 23
Analyzing 16 states in spread 24
Analyzing 132 states in spread 25
Analyzing 1947 states in spread 26
Analyzing 21635 states in spread 27
Analyzing 100000 states in spread 28
Analyzing 100000 states in spread 29
Analyzing 100000 states in spread 30
Analyzing 100000 states in spread 31
Finished step 116, minimal spread 23, max spread 32, got 14 drops
Total number of curves 514631
Starting step 117
Analyzing 1 states in spread 23
Analyzing 14 states in spread 24
Analyzing 142 states in spread 25
Analyzing 1141 states in spread 26
Analyzing 13333 states in spread 27
Analyzing 100000 states in spread 28
Analyzing 100000 states in spread 29
Analyzing 100000 states in spread 30
Analyzing 100000 states in spread 31
Finished step 117, minimal spread 24, max spread 32, got 6 drops
Total number of curves 481819
Starting step 118
Analyzing 13 states in spread 24
Analyzing 115 states in spread 25
Analyzing 1030 states in spread 26
Analyzing 8009 states in spread 27
Analyzing 72652 states in spread 28
Analyzing 100000 states in spread 29
Analyzing 100000 states in spread 30
Analyzing 100000 states in spread 31
Analyzing 100000 states in spread 32
Finished step 118, minimal spread 24, max spread 33, got 6 drops
Total number of curves 554157
Starting step 119
Analyzing 3 states in spread 24
Analyzing 103 states in spread 25
Analyzing 793 states in spread 26
Analyzing 6621 states in spread 27
Analyzing 46637 states in spread 28
Analyzing 100000 states in spread 29
Analyzing 100000 states in spread 30
Analyzing 100000 states in spread 31
Analyzing 100000 states in spread 32
Finished step 119, minimal spread 25, max spread 33, got 7 drops
Total number of curves 543898
Starting step 120
Analyzing 40 states in spread 25
Analyzing 689 states in spread 26
Analyzing 4976 states in spread 27
Analyzing 38193 states in spread 28
Analyzing 100000 states in spread 29
Analyzing 100000 states in spread 30
Analyzing 100000 states in spread 31
Analyzing 100000 states in spread 32
Finished step 120, minimal spread 25, max spread 33, got 3 drops
Total number of curves 533520
Starting step 121
Analyzing 12 states in spread 25
Analyzing 336 states in spread 26
Analyzing 4178 states in spread 27
Analyzing 28994 states in spread 28
Analyzing 100000 states in spread 29
Analyzing 100000 states in spread 30
Analyzing 100000 states in spread 31
Analyzing 100000 states in spread 32
Finished step 121, minimal spread 25, max spread 33, got 3 drops
Total number of curves 526421
Starting step 122
Analyzing 8 states in spread 25
Analyzing 146 states in spread 26
Analyzing 2270 states in spread 27
Analyzing 23997 states in spread 28
Analyzing 100000 states in spread 29
Analyzing 100000 states in spread 30
Analyzing 100000 states in spread 31
Analyzing 100000 states in spread 32
Finished step 122, minimal spread 25, max spread 33, got 8 drops
Total number of curves 515178
Starting step 123
Analyzing 5 states in spread 25
Analyzing 90 states in spread 26
Analyzing 1133 states in spread 27
Analyzing 13950 states in spread 28
Analyzing 100000 states in spread 29
Analyzing 100000 states in spread 30
Analyzing 100000 states in spread 31
Analyzing 100000 states in spread 32
Finished step 123, minimal spread 25, max spread 33, got 6 drops
Total number of curves 482928
Starting step 124
Analyzing 3 states in spread 25
Analyzing 53 states in spread 26
Analyzing 711 states in spread 27
Analyzing 7615 states in spread 28
Analyzing 74546 states in spread 29
Analyzing 100000 states in spread 30
Analyzing 100000 states in spread 31
Analyzing 100000 states in spread 32
Analyzing 100000 states in spread 33
Finished step 124, minimal spread 25, max spread 34, got 3 drops
Total number of curves 549421
Starting step 125
Analyzing 1 states in spread 25
Analyzing 36 states in spread 26
Analyzing 419 states in spread 27
Analyzing 4941 states in spread 28
Analyzing 44024 states in spread 29
Analyzing 100000 states in spread 30
Analyzing 100000 states in spread 31
Analyzing 100000 states in spread 32
Analyzing 100000 states in spread 33
Finished step 125, minimal spread 25, max spread 34, got 3 drops
Total number of curves 533156
Starting step 126
Analyzing 2 states in spread 25
Analyzing 12 states in spread 26
Analyzing 283 states in spread 27
Analyzing 2956 states in spread 28
Analyzing 29903 states in spread 29
Analyzing 100000 states in spread 30
Analyzing 100000 states in spread 31
Analyzing 100000 states in spread 32
Analyzing 100000 states in spread 33
Finished step 126, minimal spread 25, max spread 34, got 7 drops
Total number of curves 520630
Starting step 127
Analyzing 1 states in spread 25
Analyzing 16 states in spread 26
Analyzing 111 states in spread 27
Analyzing 2022 states in spread 28
Analyzing 18480 states in spread 29
Analyzing 100000 states in spread 30
Analyzing 100000 states in spread 31
Analyzing 100000 states in spread 32
Analyzing 100000 states in spread 33
Finished step 127, minimal spread 26, max spread 34, got 9 drops
Total number of curves 509789
Starting step 128
Analyzing 8 states in spread 26
Analyzing 112 states in spread 27
Analyzing 956 states in spread 28
Analyzing 12873 states in spread 29
Analyzing 95840 states in spread 30
Analyzing 100000 states in spread 31
Analyzing 100000 states in spread 32
Analyzing 100000 states in spread 33
Finished step 128, minimal spread 26, max spread 34, got 7 drops
Total number of curves 478356
Starting step 129
Analyzing 1 states in spread 26
Analyzing 67 states in spread 27
Analyzing 771 states in spread 28
Analyzing 6864 states in spread 29
Analyzing 70653 states in spread 30
Analyzing 100000 states in spread 31
Analyzing 100000 states in spread 32
Analyzing 100000 states in spread 33
Analyzing 100000 states in spread 34
Finished step 129, minimal spread 27, max spread 35, got 7 drops
Total number of curves 547002
Starting step 130
Analyzing 19 states in spread 27
Analyzing 514 states in spread 28
Analyzing 4916 states in spread 29
Analyzing 41553 states in spread 30
Analyzing 100000 states in spread 31
Analyzing 100000 states in spread 32
Analyzing 100000 states in spread 33
Analyzing 100000 states in spread 34
Finished step 130, minimal spread 27, max spread 35, got 11 drops
Total number of curves 532641
Starting step 131
Analyzing 4 states in spread 27
Analyzing 194 states in spread 28
Analyzing 3450 states in spread 29
Analyzing 28993 states in spread 30
Analyzing 100000 states in spread 31
Analyzing 100000 states in spread 32
Analyzing 100000 states in spread 33
Analyzing 100000 states in spread 34
Finished step 131, minimal spread 27, max spread 35, got 11 drops
Total number of curves 522523
Starting step 132
Analyzing 2 states in spread 27
Analyzing 79 states in spread 28
Analyzing 1528 states in spread 29
Analyzing 20914 states in spread 30
Analyzing 100000 states in spread 31
Analyzing 100000 states in spread 32
Analyzing 100000 states in spread 33
Analyzing 100000 states in spread 34
Finished step 132, minimal spread 27, max spread 35, got 16 drops
Total number of curves 511097
Starting step 133
Analyzing 3 states in spread 27
Analyzing 43 states in spread 28
Analyzing 788 states in spread 29
Analyzing 10263 states in spread 30
Analyzing 100000 states in spread 31
Analyzing 100000 states in spread 32
Analyzing 100000 states in spread 33
Analyzing 100000 states in spread 34
Finished step 133, minimal spread 27, max spread 35, got 13 drops
Total number of curves 463370
Starting step 134
Analyzing 3 states in spread 27
Analyzing 41 states in spread 28
Analyzing 446 states in spread 29
Analyzing 5894 states in spread 30
Analyzing 56986 states in spread 31
Analyzing 100000 states in spread 32
Analyzing 100000 states in spread 33
Analyzing 100000 states in spread 34
Analyzing 100000 states in spread 35
Finished step 134, minimal spread 27, max spread 36, got 8 drops
Total number of curves 539435
Starting step 135
Analyzing 1 states in spread 27
Analyzing 30 states in spread 28
Analyzing 360 states in spread 29
Analyzing 3500 states in spread 30
Analyzing 35544 states in spread 31
Analyzing 100000 states in spread 32
Analyzing 100000 states in spread 33
Analyzing 100000 states in spread 34
Analyzing 100000 states in spread 35
Finished step 135, minimal spread 28, max spread 36, got 3 drops
Total number of curves 525258
Starting step 136
Analyzing 14 states in spread 28
Analyzing 229 states in spread 29
Analyzing 2620 states in spread 30
Analyzing 22395 states in spread 31
Analyzing 100000 states in spread 32
Analyzing 100000 states in spread 33
Analyzing 100000 states in spread 34
Analyzing 100000 states in spread 35
Finished step 136, minimal spread 28, max spread 36, got 9 drops
Total number of curves 518334
Starting step 137
Analyzing 5 states in spread 28
Analyzing 137 states in spread 29
Analyzing 1630 states in spread 30
Analyzing 16562 states in spread 31
Analyzing 100000 states in spread 32
Analyzing 100000 states in spread 33
Analyzing 100000 states in spread 34
Analyzing 100000 states in spread 35
Finished step 137, minimal spread 28, max spread 36, got 10 drops
Total number of curves 499709
Starting step 138
Analyzing 4 states in spread 28
Analyzing 61 states in spread 29
Analyzing 1061 states in spread 30
Analyzing 10489 states in spread 31
Analyzing 88094 states in spread 32
Analyzing 100000 states in spread 33
Analyzing 100000 states in spread 34
Analyzing 100000 states in spread 35
Analyzing 100000 states in spread 36
Finished step 138, minimal spread 28, max spread 37, got 14 drops
Total number of curves 566639
Starting step 139
Analyzing 3 states in spread 28
Analyzing 49 states in spread 29
Analyzing 534 states in spread 30
Analyzing 7114 states in spread 31
Analyzing 58939 states in spread 32
Analyzing 100000 states in spread 33
Analyzing 100000 states in spread 34
Analyzing 100000 states in spread 35
Analyzing 100000 states in spread 36
Finished step 139, minimal spread 28, max spread 37, got 8 drops
Total number of curves 546241
Starting step 140
Analyzing 3 states in spread 28
Analyzing 33 states in spread 29
Analyzing 413 states in spread 30
Analyzing 3891 states in spread 31
Analyzing 41901 states in spread 32
Analyzing 100000 states in spread 33
Analyzing 100000 states in spread 34
Analyzing 100000 states in spread 35
Analyzing 100000 states in spread 36
Finished step 140, minimal spread 28, max spread 37, got 8 drops
Total number of curves 527728
Starting step 141
Analyzing 1 states in spread 28
Analyzing 31 states in spread 29
Analyzing 277 states in spread 30
Analyzing 2920 states in spread 31
Analyzing 24499 states in spread 32
Analyzing 100000 states in spread 33
Analyzing 100000 states in spread 34
Analyzing 100000 states in spread 35
Analyzing 100000 states in spread 36
Finished step 141, minimal spread 28, max spread 37, got 10 drops
Total number of curves 520583
Starting step 142
Analyzing 1 states in spread 28
Analyzing 15 states in spread 29
Analyzing 242 states in spread 30
Analyzing 1986 states in spread 31
Analyzing 18339 states in spread 32
Analyzing 100000 states in spread 33
Analyzing 100000 states in spread 34
Analyzing 100000 states in spread 35
Analyzing 100000 states in spread 36
Finished step 142, minimal spread 29, max spread 37, got 7 drops
Total number of curves 510445
Starting step 143
Analyzing 11 states in spread 29
Analyzing 130 states in spread 30
Analyzing 1642 states in spread 31
Analyzing 12662 states in spread 32
Analyzing 96000 states in spread 33
Analyzing 100000 states in spread 34
Analyzing 100000 states in spread 35
Analyzing 100000 states in spread 36
Finished step 143, minimal spread 29, max spread 37, got 4 drops
Total number of curves 480979
Starting step 144
Analyzing 4 states in spread 29
Analyzing 85 states in spread 30
Analyzing 911 states in spread 31
Analyzing 10261 states in spread 32
Analyzing 69718 states in spread 33
Analyzing 100000 states in spread 34
Analyzing 100000 states in spread 35
Analyzing 100000 states in spread 36
Analyzing 100000 states in spread 37
Finished step 144, minimal spread 29, max spread 38, got 2 drops
Total number of curves 564166
Starting step 145
Analyzing 3 states in spread 29
Analyzing 39 states in spread 30
Analyzing 584 states in spread 31
Analyzing 5883 states in spread 32
Analyzing 57657 states in spread 33
Analyzing 100000 states in spread 34
Analyzing 100000 states in spread 35
Analyzing 100000 states in spread 36
Analyzing 100000 states in spread 37
Finished step 145, minimal spread 29, max spread 38, got 6 drops
Total number of curves 538950
Starting step 146
Analyzing 3 states in spread 29
Analyzing 34 states in spread 30
Analyzing 301 states in spread 31
Analyzing 3817 states in spread 32
Analyzing 34795 states in spread 33
Analyzing 100000 states in spread 34
Analyzing 100000 states in spread 35
Analyzing 100000 states in spread 36
Analyzing 100000 states in spread 37
Finished step 146, minimal spread 29, max spread 38, got 10 drops
Total number of curves 525566
Starting step 147
Analyzing 1 states in spread 29
Analyzing 34 states in spread 30
Analyzing 280 states in spread 31
Analyzing 2122 states in spread 32
Analyzing 23129 states in spread 33
Analyzing 100000 states in spread 34
Analyzing 100000 states in spread 35
Analyzing 100000 states in spread 36
Analyzing 100000 states in spread 37
Finished step 147, minimal spread 30, max spread 38, got 3 drops
Total number of curves 515800
Starting step 148
Analyzing 12 states in spread 30
Analyzing 253 states in spread 31
Analyzing 1922 states in spread 32
Analyzing 13613 states in spread 33
Analyzing 100000 states in spread 34
Analyzing 100000 states in spread 35
Analyzing 100000 states in spread 36
Analyzing 100000 states in spread 37
Finished step 148, minimal spread 30, max spread 38, got 7 drops
Total number of curves 485956
Starting step 149
Analyzing 3 states in spread 30
Analyzing 111 states in spread 31
Analyzing 1596 states in spread 32
Analyzing 11995 states in spread 33
Analyzing 72251 states in spread 34
Analyzing 100000 states in spread 35
Analyzing 100000 states in spread 36
Analyzing 100000 states in spread 37
Analyzing 100000 states in spread 38
Finished step 149, minimal spread 30, max spread 39, got 7 drops
Total number of curves 575831
Starting step 150
Analyzing 1 states in spread 30
Analyzing 55 states in spread 31
Analyzing 833 states in spread 32
Analyzing 9456 states in spread 33
Analyzing 65486 states in spread 34
Analyzing 100000 states in spread 35
Analyzing 100000 states in spread 36
Analyzing 100000 states in spread 37
Analyzing 100000 states in spread 38
Finished step 150, minimal spread 31, max spread 39, got 8 drops
Total number of curves 558087
Starting step 151
Analyzing 22 states in spread 31
Analyzing 487 states in spread 32
Analyzing 5479 states in spread 33
Analyzing 52099 states in spread 34
Analyzing 100000 states in spread 35
Analyzing 100000 states in spread 36
Analyzing 100000 states in spread 37
Analyzing 100000 states in spread 38
Finished step 151, minimal spread 31, max spread 39, got 3 drops
Total number of curves 536134
Starting step 152
Analyzing 8 states in spread 31
Analyzing 214 states in spread 32
Analyzing 3409 states in spread 33
Analyzing 32503 states in spread 34
Analyzing 100000 states in spread 35
Analyzing 100000 states in spread 36
Analyzing 100000 states in spread 37
Analyzing 100000 states in spread 38
Finished step 152, minimal spread 31, max spread 39, got 8 drops
Total number of curves 522821
Starting step 153
Analyzing 5 states in spread 31
Analyzing 114 states in spread 32
Analyzing 1674 states in spread 33
Analyzing 21028 states in spread 34
Analyzing 100000 states in spread 35
Analyzing 100000 states in spread 36
Analyzing 100000 states in spread 37
Analyzing 100000 states in spread 38
Finished step 153, minimal spread 31, max spread 39, got 5 drops
Total number of curves 512358
Starting step 154
Analyzing 3 states in spread 31
Analyzing 67 states in spread 32
Analyzing 1006 states in spread 33
Analyzing 11282 states in spread 34
Analyzing 100000 states in spread 35
Analyzing 100000 states in spread 36
Analyzing 100000 states in spread 37
Analyzing 100000 states in spread 38
Finished step 154, minimal spread 31, max spread 39, got 8 drops
Total number of curves 469628
Starting step 155
Analyzing 1 states in spread 31
Analyzing 45 states in spread 32
Analyzing 601 states in spread 33
Analyzing 7180 states in spread 34
Analyzing 61801 states in spread 35
Analyzing 100000 states in spread 36
Analyzing 100000 states in spread 37
Analyzing 100000 states in spread 38
Analyzing 100000 states in spread 39
Finished step 155, minimal spread 31, max spread 40, got 8 drops
Total number of curves 546754
Starting step 156
Analyzing 2 states in spread 31
Analyzing 21 states in spread 32
Analyzing 412 states in spread 33
Analyzing 4413 states in spread 34
Analyzing 41906 states in spread 35
Analyzing 100000 states in spread 36
Analyzing 100000 states in spread 37
Analyzing 100000 states in spread 38
Analyzing 100000 states in spread 39
Finished step 156, minimal spread 31, max spread 40, got 7 drops
Total number of curves 530218
Starting step 157
Analyzing 1 states in spread 31
Analyzing 24 states in spread 32
Analyzing 215 states in spread 33
Analyzing 3024 states in spread 34
Analyzing 26954 states in spread 35
Analyzing 100000 states in spread 36
Analyzing 100000 states in spread 37
Analyzing 100000 states in spread 38
Analyzing 100000 states in spread 39
Finished step 157, minimal spread 32, max spread 40, got 6 drops
Total number of curves 520796
Starting step 158
Analyzing 11 states in spread 32
Analyzing 193 states in spread 33
Analyzing 1687 states in spread 34
Analyzing 18905 states in spread 35
Analyzing 100000 states in spread 36
Analyzing 100000 states in spread 37
Analyzing 100000 states in spread 38
Analyzing 100000 states in spread 39
Finished step 158, minimal spread 32, max spread 40, got 8 drops
Total number of curves 510123
Starting step 159
Analyzing 3 states in spread 32
Analyzing 112 states in spread 33
Analyzing 1334 states in spread 34
Analyzing 11104 states in spread 35
Analyzing 97570 states in spread 36
Analyzing 100000 states in spread 37
Analyzing 100000 states in spread 38
Analyzing 100000 states in spread 39
Finished step 159, minimal spread 31, max spread 40, got 13 drops
Total number of curves 471047
Starting step 160
Analyzing 1 states in spread 31
Analyzing 2 states in spread 32
Analyzing 44 states in spread 33
Analyzing 878 states in spread 34
Analyzing 8314 states in spread 35
Analyzing 61808 states in spread 36
Analyzing 100000 states in spread 37
Analyzing 100000 states in spread 38
Analyzing 100000 states in spread 39
Analyzing 100000 states in spread 40
Finished step 160, minimal spread 31, max spread 41, got 4 drops
Total number of curves 553107
Starting step 161
Analyzing 2 states in spread 31
Analyzing 7 states in spread 32
Analyzing 27 states in spread 33
Analyzing 407 states in spread 34
Analyzing 5780 states in spread 35
Analyzing 46884 states in spread 36
Analyzing 100000 states in spread 37
Analyzing 100000 states in spread 38
Analyzing 100000 states in spread 39
Analyzing 100000 states in spread 40
Finished step 161, minimal spread 31, max spread 41, got 5 drops
Total number of curves 537124
Starting step 162
Analyzing 3 states in spread 31
Analyzing 16 states in spread 32
Analyzing 44 states in spread 33
Analyzing 265 states in spread 34
Analyzing 2939 states in spread 35
Analyzing 33857 states in spread 36
Analyzing 100000 states in spread 37
Analyzing 100000 states in spread 38
Analyzing 100000 states in spread 39
Analyzing 100000 states in spread 40
Finished step 162, minimal spread 32, max spread 41, got 8 drops
Total number of curves 520872
Starting step 163
Analyzing 28 states in spread 32
Analyzing 93 states in spread 33
Analyzing 295 states in spread 34
Analyzing 1979 states in spread 35
Analyzing 18477 states in spread 36
Analyzing 100000 states in spread 37
Analyzing 100000 states in spread 38
Analyzing 100000 states in spread 39
Analyzing 100000 states in spread 40
Finished step 163, minimal spread 32, max spread 41, got 8 drops
Total number of curves 510011
Starting step 164
Analyzing 3 states in spread 32
Analyzing 166 states in spread 33
Analyzing 537 states in spread 34
Analyzing 1879 states in spread 35
Analyzing 12814 states in spread 36
Analyzing 94612 states in spread 37
Analyzing 100000 states in spread 38
Analyzing 100000 states in spread 39
Analyzing 100000 states in spread 40
Finished step 164, minimal spread 32, max spread 41, got 5 drops
Total number of curves 485499
Starting step 165
Analyzing 5 states in spread 32
Analyzing 34 states in spread 33
Analyzing 893 states in spread 34
Analyzing 2999 states in spread 35
Analyzing 11321 states in spread 36
Analyzing 70247 states in spread 37
Analyzing 100000 states in spread 38
Analyzing 100000 states in spread 39
Analyzing 100000 states in spread 40
Analyzing 100000 states in spread 41
Finished step 165, minimal spread 32, max spread 42, got 3 drops
Total number of curves 583647
Starting step 166
Analyzing 2 states in spread 32
Analyzing 49 states in spread 33
Analyzing 263 states in spread 34
Analyzing 4650 states in spread 35
Analyzing 16255 states in spread 36
Analyzing 62428 states in spread 37
Analyzing 100000 states in spread 38
Analyzing 100000 states in spread 39
Analyzing 100000 states in spread 40
Analyzing 100000 states in spread 41
Finished step 166, minimal spread 32, max spread 42, got 5 drops
Total number of curves 611108
Starting step 167
Analyzing 1 states in spread 32
Analyzing 19 states in spread 33
Analyzing 327 states in spread 34
Analyzing 1710 states in spread 35
Analyzing 23912 states in spread 36
Analyzing 85139 states in spread 37
Analyzing 100000 states in spread 38
Analyzing 100000 states in spread 39
Analyzing 100000 states in spread 40
Finished step 167, minimal spread 33, max spread 41, got 8 drops
Total number of curves 512251
Starting step 168
Analyzing 12 states in spread 33
Analyzing 134 states in spread 34
Analyzing 1927 states in spread 35
Analyzing 10178 states in spread 36
Analyzing 100000 states in spread 37
Analyzing 100000 states in spread 38
Analyzing 100000 states in spread 39
Analyzing 100000 states in spread 40
Finished step 168, minimal spread 33, max spread 41, got 5 drops
Total number of curves 467616
Starting step 169
Analyzing 5 states in spread 33
Analyzing 87 states in spread 34
Analyzing 852 states in spread 35
Analyzing 10814 states in spread 36
Analyzing 55858 states in spread 37
Analyzing 100000 states in spread 38
Analyzing 100000 states in spread 39
Analyzing 100000 states in spread 40
Analyzing 100000 states in spread 41
Finished step 169, minimal spread 34, max spread 42, got 7 drops
Total number of curves 563906
Starting step 170
Analyzing 55 states in spread 34
Analyzing 558 states in spread 35
Analyzing 5221 states in spread 36
Analyzing 58072 states in spread 37
Analyzing 100000 states in spread 38
Analyzing 100000 states in spread 39
Analyzing 100000 states in spread 40
Analyzing 100000 states in spread 41
Finished step 170, minimal spread 34, max spread 42, got 10 drops
Total number of curves 534137
Starting step 171
Analyzing 13 states in spread 34
Analyzing 407 states in spread 35
Analyzing 3453 states in spread 36
Analyzing 30264 states in spread 37
Analyzing 100000 states in spread 38
Analyzing 100000 states in spread 39
Analyzing 100000 states in spread 40
Analyzing 100000 states in spread 41
Finished step 171, minimal spread 34, max spread 42, got 5 drops
Total number of curves 523175
Starting step 172
Analyzing 8 states in spread 34
Analyzing 154 states in spread 35
Analyzing 2600 states in spread 36
Analyzing 20413 states in spread 37
Analyzing 100000 states in spread 38
Analyzing 100000 states in spread 39
Analyzing 100000 states in spread 40
Analyzing 100000 states in spread 41
Finished step 172, minimal spread 34, max spread 42, got 10 drops
Total number of curves 516809
Starting step 173
Analyzing 4 states in spread 34
Analyzing 88 states in spread 35
Analyzing 1251 states in spread 36
Analyzing 15466 states in spread 37
Analyzing 100000 states in spread 38
Analyzing 100000 states in spread 39
Analyzing 100000 states in spread 40
Analyzing 100000 states in spread 41
Finished step 173, minimal spread 34, max spread 42, got 10 drops
Total number of curves 491461
Starting step 174
Analyzing 3 states in spread 34
Analyzing 52 states in spread 35
Analyzing 729 states in spread 36
Analyzing 8476 states in spread 37
Analyzing 82201 states in spread 38
Analyzing 100000 states in spread 39
Analyzing 100000 states in spread 40
Analyzing 100000 states in spread 41
Analyzing 100000 states in spread 42
Finished step 174, minimal spread 34, max spread 43, got 8 drops
Total number of curves 554832
Starting step 175
Analyzing 4 states in spread 34
Analyzing 36 states in spread 35
Analyzing 454 states in spread 36
Analyzing 5105 states in spread 37
Analyzing 49233 states in spread 38
Analyzing 100000 states in spread 39
Analyzing 100000 states in spread 40
Analyzing 100000 states in spread 41
Analyzing 100000 states in spread 42
Finished step 175, minimal spread 34, max spread 43, got 4 drops
Total number of curves 534607
Starting step 176
Analyzing 4 states in spread 34
Analyzing 42 states in spread 35
Analyzing 294 states in spread 36
Analyzing 3289 states in spread 37
Analyzing 30978 states in spread 38
Analyzing 100000 states in spread 39
Analyzing 100000 states in spread 40
Analyzing 100000 states in spread 41
Analyzing 100000 states in spread 42
Finished step 176, minimal spread 34, max spread 43, got 6 drops
Total number of curves 523095
Starting step 177
Analyzing 2 states in spread 34
Analyzing 48 states in spread 35
Analyzing 295 states in spread 36
Analyzing 2093 states in spread 37
Analyzing 20657 states in spread 38
Analyzing 100000 states in spread 39
Analyzing 100000 states in spread 40
Analyzing 100000 states in spread 41
Analyzing 100000 states in spread 42
Finished step 177, minimal spread 34, max spread 43, got 4 drops
Total number of curves 515524
Starting step 178
Analyzing 1 states in spread 34
Analyzing 26 states in spread 35
Analyzing 335 states in spread 36
Analyzing 1890 states in spread 37
Analyzing 13272 states in spread 38
Analyzing 100000 states in spread 39
Analyzing 100000 states in spread 40
Analyzing 100000 states in spread 41
Analyzing 100000 states in spread 42
Finished step 178, minimal spread 34, max spread 43, got 8 drops
Total number of curves 485497
Starting step 179
Analyzing 1 states in spread 34
Analyzing 10 states in spread 35
Analyzing 213 states in spread 36
Analyzing 2030 states in spread 37
Analyzing 11395 states in spread 38
Analyzing 71848 states in spread 39
Analyzing 100000 states in spread 40
Analyzing 100000 states in spread 41
Analyzing 100000 states in spread 42
Analyzing 100000 states in spread 43
Finished step 179, minimal spread 34, max spread 44, got 10 drops
Total number of curves 575532
Starting step 180
Analyzing 1 states in spread 34
Analyzing 10 states in spread 35
Analyzing 99 states in spread 36
Analyzing 1411 states in spread 37
Analyzing 11510 states in spread 38
Analyzing 62501 states in spread 39
Analyzing 100000 states in spread 40
Analyzing 100000 states in spread 41
Analyzing 100000 states in spread 42
Analyzing 100000 states in spread 43
Finished step 180, minimal spread 35, max spread 44, got 14 drops
Total number of curves 571121
Starting step 181
Analyzing 10 states in spread 35
Analyzing 82 states in spread 36
Analyzing 791 states in spread 37
Analyzing 8397 states in spread 38
Analyzing 61841 states in spread 39
Analyzing 100000 states in spread 40
Analyzing 100000 states in spread 41
Analyzing 100000 states in spread 42
Analyzing 100000 states in spread 43
Finished step 181, minimal spread 35, max spread 44, got 12 drops
Total number of curves 552668
Starting step 182
Analyzing 2 states in spread 35
Analyzing 74 states in spread 36
Analyzing 595 states in spread 37
Analyzing 5256 states in spread 38
Analyzing 46741 states in spread 39
Analyzing 100000 states in spread 40
Analyzing 100000 states in spread 41
Analyzing 100000 states in spread 42
Analyzing 100000 states in spread 43
Finished step 182, minimal spread 35, max spread 44, got 9 drops
Total number of curves 535747
Starting step 183
Analyzing 2 states in spread 35
Analyzing 26 states in spread 36
Analyzing 479 states in spread 37
Analyzing 3866 states in spread 38
Analyzing 31374 states in spread 39
Analyzing 100000 states in spread 40
Analyzing 100000 states in spread 41
Analyzing 100000 states in spread 42
Analyzing 100000 states in spread 43
Finished step 183, minimal spread 35, max spread 44, got 11 drops
Total number of curves 526369
Starting step 184
Analyzing 2 states in spread 35
Analyzing 21 states in spread 36
Analyzing 216 states in spread 37
Analyzing 2934 states in spread 38
Analyzing 23196 states in spread 39
Analyzing 100000 states in spread 40
Analyzing 100000 states in spread 41
Analyzing 100000 states in spread 42
Analyzing 100000 states in spread 43
Finished step 184, minimal spread 35, max spread 44, got 6 drops
Total number of curves 518918
Starting step 185
Analyzing 1 states in spread 35
Analyzing 22 states in spread 36
Analyzing 170 states in spread 37
Analyzing 1512 states in spread 38
Analyzing 17213 states in spread 39
Analyzing 100000 states in spread 40
Analyzing 100000 states in spread 41
Analyzing 100000 states in spread 42
Analyzing 100000 states in spread 43
Finished step 185, minimal spread 36, max spread 44, got 12 drops
Total number of curves 500388
Starting step 186
Analyzing 11 states in spread 36
Analyzing 164 states in spread 37
Analyzing 1155 states in spread 38
Analyzing 9627 states in spread 39
Analyzing 89431 states in spread 40
Analyzing 100000 states in spread 41
Analyzing 100000 states in spread 42
Analyzing 100000 states in spread 43
Finished step 186, minimal spread 36, max spread 44, got 9 drops
Total number of curves 462329
Starting step 187
Analyzing 2 states in spread 36
Analyzing 81 states in spread 37
Analyzing 1044 states in spread 38
Analyzing 7213 states in spread 39
Analyzing 53989 states in spread 40
Analyzing 100000 states in spread 41
Analyzing 100000 states in spread 42
Analyzing 100000 states in spread 43
Analyzing 100000 states in spread 44
Finished step 187, minimal spread 36, max spread 45, got 9 drops
Total number of curves 547768
Starting step 188
Analyzing 2 states in spread 36
Analyzing 23 states in spread 37
Analyzing 554 states in spread 38
Analyzing 6234 states in spread 39
Analyzing 40955 states in spread 40
Analyzing 100000 states in spread 41
Analyzing 100000 states in spread 42
Analyzing 100000 states in spread 43
Analyzing 100000 states in spread 44
Finished step 188, minimal spread 36, max spread 45, got 6 drops
Total number of curves 538886
Starting step 189
Analyzing 2 states in spread 36
Analyzing 18 states in spread 37
Analyzing 203 states in spread 38
Analyzing 3576 states in spread 39
Analyzing 35087 states in spread 40
Analyzing 100000 states in spread 41
Analyzing 100000 states in spread 42
Analyzing 100000 states in spread 43
Analyzing 100000 states in spread 44
Finished step 189, minimal spread 36, max spread 45, got 11 drops
Total number of curves 523023
Starting step 190
Analyzing 2 states in spread 36
Analyzing 20 states in spread 37
Analyzing 134 states in spread 38
Analyzing 1594 states in spread 39
Analyzing 21273 states in spread 40
Analyzing 100000 states in spread 41
Analyzing 100000 states in spread 42
Analyzing 100000 states in spread 43
Analyzing 100000 states in spread 44
Finished step 190, minimal spread 35, max spread 45, got 7 drops
Total number of curves 511879
Starting step 191
Analyzing 1 states in spread 35
Analyzing 2 states in spread 36
Analyzing 19 states in spread 37
Analyzing 135 states in spread 38
Analyzing 991 states in spread 39
Analyzing 10731 states in spread 40
Analyzing 100000 states in spread 41
Analyzing 100000 states in spread 42
Analyzing 100000 states in spread 43
Analyzing 100000 states in spread 44
Finished step 191, minimal spread 35, max spread 45, got 2 drops
Total number of curves 466521
Starting step 192
Analyzing 2 states in spread 35
Analyzing 9 states in spread 36
Analyzing 12 states in spread 37
Analyzing 126 states in spread 38
Analyzing 876 states in spread 39
Analyzing 6718 states in spread 40
Analyzing 58778 states in spread 41
Analyzing 100000 states in spread 42
Analyzing 100000 states in spread 43
Analyzing 100000 states in spread 44
Analyzing 100000 states in spread 45
Finished step 192, minimal spread 35, max spread 46, got 3 drops
Total number of curves 545331
Starting step 193
Analyzing 1 states in spread 35
Analyzing 15 states in spread 36
Analyzing 52 states in spread 37
Analyzing 74 states in spread 38
Analyzing 787 states in spread 39
Analyzing 5488 states in spread 40
Analyzing 38914 states in spread 41
Analyzing 100000 states in spread 42
Analyzing 100000 states in spread 43
Analyzing 100000 states in spread 44
Analyzing 100000 states in spread 45
Finished step 193, minimal spread 35, max spread 46, got 5 drops
Total number of curves 537114
Starting step 194
Analyzing 1 states in spread 35
Analyzing 9 states in spread 36
Analyzing 79 states in spread 37
Analyzing 283 states in spread 38
Analyzing 472 states in spread 39
Analyzing 4806 states in spread 40
Analyzing 31464 states in spread 41
Analyzing 100000 states in spread 42
Analyzing 100000 states in spread 43
Analyzing 100000 states in spread 44
Analyzing 100000 states in spread 45
Finished step 194, minimal spread 36, max spread 46, got 8 drops
Total number of curves 532360
Starting step 195
Analyzing 7 states in spread 36
Analyzing 62 states in spread 37
Analyzing 392 states in spread 38
Analyzing 1514 states in spread 39
Analyzing 2938 states in spread 40
Analyzing 27447 states in spread 41
Analyzing 100000 states in spread 42
Analyzing 100000 states in spread 43
Analyzing 100000 states in spread 44
Analyzing 100000 states in spread 45
Finished step 195, minimal spread 36, max spread 46, got 7 drops
Total number of curves 527565
Starting step 196
Analyzing 1 states in spread 36
Analyzing 44 states in spread 37
Analyzing 360 states in spread 38
Analyzing 1944 states in spread 39
Analyzing 7976 states in spread 40
Analyzing 17240 states in spread 41
Analyzing 100000 states in spread 42
Analyzing 100000 states in spread 43
Analyzing 100000 states in spread 44
Analyzing 100000 states in spread 45
Finished step 196, minimal spread 37, max spread 46, got 3 drops
Total number of curves 541988
Starting step 197
Analyzing 18 states in spread 37
Analyzing 249 states in spread 38
Analyzing 1933 states in spread 39
Analyzing 9700 states in spread 40
Analyzing 41255 states in spread 41
Analyzing 88833 states in spread 42
Analyzing 100000 states in spread 43
Analyzing 100000 states in spread 44
Analyzing 100000 states in spread 45
Finished step 197, minimal spread 37, max spread 46, got 4 drops
Total number of curves 560086
Starting step 198
Analyzing 3 states in spread 37
Analyzing 150 states in spread 38
Analyzing 1339 states in spread 39
Analyzing 9989 states in spread 40
Analyzing 48605 states in spread 41
Analyzing 100000 states in spread 42
Analyzing 100000 states in spread 43
Analyzing 100000 states in spread 44
Analyzing 100000 states in spread 45
Finished step 198, minimal spread 37, max spread 46, got 4 drops
Total number of curves 558836
Starting step 199
Analyzing 2 states in spread 37
Analyzing 33 states in spread 38
Analyzing 961 states in spread 39
Analyzing 7040 states in spread 40
Analyzing 50800 states in spread 41
Analyzing 100000 states in spread 42
Analyzing 100000 states in spread 43
Analyzing 100000 states in spread 44
Analyzing 100000 states in spread 45
Finished step 199, minimal spread 37, max spread 46, got 2 drops
Total number of curves 542448
Starting step 200
Analyzing 1 states in spread 37
Analyzing 21 states in spread 38
Analyzing 259 states in spread 39
Analyzing 5518 states in spread 40
Analyzing 36649 states in spread 41
Analyzing 100000 states in spread 42
Analyzing 100000 states in spread 43
Analyzing 100000 states in spread 44
Analyzing 100000 states in spread 45
Finished step 200, minimal spread 37, max spread 46, got 2 drops
Total number of curves 532034
Starting step 201
Analyzing 1 states in spread 37
Analyzing 13 states in spread 38
Analyzing 169 states in spread 39
Analyzing 1769 states in spread 40
Analyzing 30082 states in spread 41
Analyzing 100000 states in spread 42
Analyzing 100000 states in spread 43
Analyzing 100000 states in spread 44
Analyzing 100000 states in spread 45
Finished step 201, minimal spread 38, max spread 46, got 2 drops
Total number of curves 512505
Starting step 202
Analyzing 12 states in spread 38
Analyzing 118 states in spread 39
Analyzing 1179 states in spread 40
Analyzing 11196 states in spread 41
Analyzing 100000 states in spread 42
Analyzing 100000 states in spread 43
Analyzing 100000 states in spread 44
Analyzing 100000 states in spread 45
Finished step 202, minimal spread 38, max spread 46, got 3 drops
Total number of curves 467887
Starting step 203
Analyzing 2 states in spread 38
Analyzing 96 states in spread 39
Analyzing 852 states in spread 40
Analyzing 7590 states in spread 41
Analyzing 59347 states in spread 42
Analyzing 100000 states in spread 43
Analyzing 100000 states in spread 44
Analyzing 100000 states in spread 45
Analyzing 100000 states in spread 46
Finished step 203, minimal spread 38, max spread 47, got 6 drops
Total number of curves 548509
Starting step 204
Analyzing 1 states in spread 38
Analyzing 33 states in spread 39
Analyzing 671 states in spread 40
Analyzing 5499 states in spread 41
Analyzing 42305 states in spread 42
Analyzing 100000 states in spread 43
Analyzing 100000 states in spread 44
Analyzing 100000 states in spread 45
Analyzing 100000 states in spread 46
Finished step 204, minimal spread 39, max spread 47, got 4 drops
Total number of curves 536003
Starting step 205
Analyzing 17 states in spread 39
Analyzing 314 states in spread 40
Analyzing 4254 states in spread 41
Analyzing 31418 states in spread 42
Analyzing 100000 states in spread 43
Analyzing 100000 states in spread 44
Analyzing 100000 states in spread 45
Analyzing 100000 states in spread 46
Finished step 205, minimal spread 39, max spread 47, got 6 drops
Total number of curves 527081
Starting step 206
Analyzing 4 states in spread 39
Analyzing 158 states in spread 40
Analyzing 2279 states in spread 41
Analyzing 24640 states in spread 42
Analyzing 100000 states in spread 43
Analyzing 100000 states in spread 44
Analyzing 100000 states in spread 45
Analyzing 100000 states in spread 46
Finished step 206, minimal spread 39, max spread 47, got 8 drops
Total number of curves 515506
Starting step 207
Analyzing 2 states in spread 39
Analyzing 62 states in spread 40
Analyzing 1206 states in spread 41
Analyzing 14236 states in spread 42
Analyzing 100000 states in spread 43
Analyzing 100000 states in spread 44
Analyzing 100000 states in spread 45
Analyzing 100000 states in spread 46
Finished step 207, minimal spread 39, max spread 47, got 5 drops
Total number of curves 485178
Starting step 208
Analyzing 1 states in spread 39
Analyzing 32 states in spread 40
Analyzing 567 states in spread 41
Analyzing 8057 states in spread 42
Analyzing 76521 states in spread 43
Analyzing 100000 states in spread 44
Analyzing 100000 states in spread 45
Analyzing 100000 states in spread 46
Analyzing 100000 states in spread 47
Finished step 208, minimal spread 39, max spread 48, got 5 drops
Total number of curves 551201
Starting step 209
Analyzing 1 states in spread 39
Analyzing 16 states in spread 40
Analyzing 320 states in spread 41
Analyzing 4207 states in spread 42
Analyzing 46657 states in spread 43
Analyzing 100000 states in spread 44
Analyzing 100000 states in spread 45
Analyzing 100000 states in spread 46
Analyzing 100000 states in spread 47
Finished step 209, minimal spread 39, max spread 48, got 6 drops
Total number of curves 529172
Starting step 210
Analyzing 1 states in spread 39
Analyzing 16 states in spread 40
Analyzing 173 states in spread 41
Analyzing 2468 states in spread 42
Analyzing 26514 states in spread 43
Analyzing 100000 states in spread 44
Analyzing 100000 states in spread 45
Analyzing 100000 states in spread 46
Analyzing 100000 states in spread 47
Finished step 210, minimal spread 39, max spread 48, got 9 drops
Total number of curves 517654
Starting step 211
Analyzing 2 states in spread 39
Analyzing 15 states in spread 40
Analyzing 152 states in spread 41
Analyzing 1397 states in spread 42
Analyzing 16088 states in spread 43
Analyzing 100000 states in spread 44
Analyzing 100000 states in spread 45
Analyzing 100000 states in spread 46
Analyzing 100000 states in spread 47
Finished step 211, minimal spread 39, max spread 48, got 8 drops
Total number of curves 496828
Starting step 212
Analyzing 1 states in spread 39
Analyzing 18 states in spread 40
Analyzing 128 states in spread 41
Analyzing 1137 states in spread 42
Analyzing 9609 states in spread 43
Analyzing 85935 states in spread 44
Analyzing 100000 states in spread 45
Analyzing 100000 states in spread 46
Analyzing 100000 states in spread 47
Analyzing 100000 states in spread 48
Finished step 212, minimal spread 39, max spread 49, got 9 drops
Total number of curves 563914
Starting step 213
Analyzing 1 states in spread 39
Analyzing 9 states in spread 40
Analyzing 119 states in spread 41
Analyzing 921 states in spread 42
Analyzing 7507 states in spread 43
Analyzing 55357 states in spread 44
Analyzing 100000 states in spread 45
Analyzing 100000 states in spread 46
Analyzing 100000 states in spread 47
Analyzing 100000 states in spread 48
Finished step 213, minimal spread 40, max spread 49, got 9 drops
Total number of curves 550590
Starting step 214
Analyzing 8 states in spread 40
Analyzing 64 states in spread 41
Analyzing 763 states in spread 42
Analyzing 5943 states in spread 43
Analyzing 43812 states in spread 44
Analyzing 100000 states in spread 45
Analyzing 100000 states in spread 46
Analyzing 100000 states in spread 47
Analyzing 100000 states in spread 48
Finished step 214, minimal spread 40, max spread 49, got 1 drops
Total number of curves 540118
Starting step 215
Analyzing 1 states in spread 40
Analyzing 49 states in spread 41
Analyzing 436 states in spread 42
Analyzing 4681 states in spread 43
Analyzing 34951 states in spread 44
Analyzing 100000 states in spread 45
Analyzing 100000 states in spread 46
Analyzing 100000 states in spread 47
Analyzing 100000 states in spread 48
Finished step 215, minimal spread 41, max spread 49, got 9 drops
Total number of curves 530396
Starting step 216
Analyzing 12 states in spread 41
Analyzing 301 states in spread 42
Analyzing 2845 states in spread 43
Analyzing 27238 states in spread 44
Analyzing 100000 states in spread 45
Analyzing 100000 states in spread 46
Analyzing 100000 states in spread 47
Analyzing 100000 states in spread 48
Finished step 216, minimal spread 41, max spread 49, got 5 drops
Total number of curves 519387
Starting step 217
Analyzing 2 states in spread 41
Analyzing 110 states in spread 42
Analyzing 1870 states in spread 43
Analyzing 17405 states in spread 44
Analyzing 100000 states in spread 45
Analyzing 100000 states in spread 46
Analyzing 100000 states in spread 47
Analyzing 100000 states in spread 48
Finished step 217, minimal spread 41, max spread 49, got 7 drops
Total number of curves 503676
Starting step 218
Analyzing 2 states in spread 41
Analyzing 38 states in spread 42
Analyzing 867 states in spread 43
Analyzing 11315 states in spread 44
Analyzing 91454 states in spread 45
Analyzing 100000 states in spread 46
Analyzing 100000 states in spread 47
Analyzing 100000 states in spread 48
Finished step 218, minimal spread 41, max spread 49, got 7 drops
Total number of curves 468200
Starting step 219
Analyzing 2 states in spread 41
Analyzing 32 states in spread 42
Analyzing 393 states in spread 43
Analyzing 5997 states in spread 44
Analyzing 61776 states in spread 45
Analyzing 100000 states in spread 46
Analyzing 100000 states in spread 47
Analyzing 100000 states in spread 48
Analyzing 100000 states in spread 49
Finished step 219, minimal spread 41, max spread 50, got 4 drops
Total number of curves 539382
Starting step 220
Analyzing 1 states in spread 41
Analyzing 26 states in spread 42
Analyzing 287 states in spread 43
Analyzing 3110 states in spread 44
Analyzing 35958 states in spread 45
Analyzing 100000 states in spread 46
Analyzing 100000 states in spread 47
Analyzing 100000 states in spread 48
Analyzing 100000 states in spread 49
Finished step 220, minimal spread 41, max spread 50, got 2 drops
Total number of curves 522614
Starting step 221
Analyzing 1 states in spread 41
Analyzing 13 states in spread 42
Analyzing 214 states in spread 43
Analyzing 2164 states in spread 44
Analyzing 20222 states in spread 45
Analyzing 100000 states in spread 46
Analyzing 100000 states in spread 47
Analyzing 100000 states in spread 48
Analyzing 100000 states in spread 49
Finished step 221, minimal spread 41, max spread 50, got 3 drops
Total number of curves 515816
Starting step 222
Analyzing 1 states in spread 41
Analyzing 8 states in spread 42
Analyzing 108 states in spread 43
Analyzing 1568 states in spread 44
Analyzing 14131 states in spread 45
Analyzing 100000 states in spread 46
Analyzing 100000 states in spread 47
Analyzing 100000 states in spread 48
Analyzing 100000 states in spread 49
Finished step 222, minimal spread 41, max spread 50, got 7 drops
Total number of curves 487711
Starting step 223
Analyzing 1 states in spread 41
Analyzing 8 states in spread 42
Analyzing 57 states in spread 43
Analyzing 855 states in spread 44
Analyzing 10138 states in spread 45
Analyzing 76652 states in spread 46
Analyzing 100000 states in spread 47
Analyzing 100000 states in spread 48
Analyzing 100000 states in spread 49
Analyzing 100000 states in spread 50
Finished step 223, minimal spread 42, max spread 51, got 7 drops
Total number of curves 563275
Starting step 224
Analyzing 10 states in spread 42
Analyzing 53 states in spread 43
Analyzing 440 states in spread 44
Analyzing 5889 states in spread 45
Analyzing 56883 states in spread 46
Analyzing 100000 states in spread 47
Analyzing 100000 states in spread 48
Analyzing 100000 states in spread 49
Analyzing 100000 states in spread 50
Finished step 224, minimal spread 42, max spread 51, got 7 drops
Total number of curves 539063
Starting step 225
Analyzing 2 states in spread 42
Analyzing 59 states in spread 43
Analyzing 356 states in spread 44
Analyzing 3147 states in spread 45
Analyzing 35499 states in spread 46
Analyzing 100000 states in spread 47
Analyzing 100000 states in spread 48
Analyzing 100000 states in spread 49
Analyzing 100000 states in spread 50
Finished step 225, minimal spread 42, max spread 51, got 4 drops
Total number of curves 522813
Starting step 226
Analyzing 1 states in spread 42
Analyzing 20 states in spread 43
Analyzing 330 states in spread 44
Analyzing 2382 states in spread 45
Analyzing 20080 states in spread 46
Analyzing 100000 states in spread 47
Analyzing 100000 states in spread 48
Analyzing 100000 states in spread 49
Analyzing 100000 states in spread 50
Finished step 226, minimal spread 43, max spread 51, got 7 drops
Total number of curves 516994
Starting step 227
Analyzing 12 states in spread 43
Analyzing 151 states in spread 44
Analyzing 1965 states in spread 45
Analyzing 14866 states in spread 46
Analyzing 100000 states in spread 47
Analyzing 100000 states in spread 48
Analyzing 100000 states in spread 49
Analyzing 100000 states in spread 50
Finished step 227, minimal spread 43, max spread 51, got 10 drops
Total number of curves 492515
Starting step 228
Analyzing 5 states in spread 43
Analyzing 94 states in spread 44
Analyzing 1089 states in spread 45
Analyzing 11622 states in spread 46
Analyzing 79705 states in spread 47
Analyzing 100000 states in spread 48
Analyzing 100000 states in spread 49
Analyzing 100000 states in spread 50
Analyzing 100000 states in spread 51
Finished step 228, minimal spread 43, max spread 52, got 10 drops
Total number of curves 571122
Starting step 229
Analyzing 2 states in spread 43
Analyzing 57 states in spread 44
Analyzing 664 states in spread 45
Analyzing 7115 states in spread 46
Analyzing 63284 states in spread 47
Analyzing 100000 states in spread 48
Analyzing 100000 states in spread 49
Analyzing 100000 states in spread 50
Analyzing 100000 states in spread 51
Finished step 229, minimal spread 43, max spread 52, got 7 drops
Total number of curves 546197
Starting step 230
Analyzing 1 states in spread 43
Analyzing 30 states in spread 44
Analyzing 442 states in spread 45
Analyzing 4321 states in spread 46
Analyzing 41403 states in spread 47
Analyzing 100000 states in spread 48
Analyzing 100000 states in spread 49
Analyzing 100000 states in spread 50
Analyzing 100000 states in spread 51
Finished step 230, minimal spread 43, max spread 52, got 8 drops
Total number of curves 529044
Starting step 231
Analyzing 1 states in spread 43
Analyzing 12 states in spread 44
Analyzing 259 states in spread 45
Analyzing 2972 states in spread 46
Analyzing 25800 states in spread 47
Analyzing 100000 states in spread 48
Analyzing 100000 states in spread 49
Analyzing 100000 states in spread 50
Analyzing 100000 states in spread 51
Finished step 231, minimal spread 44, max spread 52, got 13 drops
Total number of curves 520177
Starting step 232
Analyzing 14 states in spread 44
Analyzing 114 states in spread 45
Analyzing 1820 states in spread 46
Analyzing 18229 states in spread 47
Analyzing 100000 states in spread 48
Analyzing 100000 states in spread 49
Analyzing 100000 states in spread 50
Analyzing 100000 states in spread 51
Finished step 232, minimal spread 43, max spread 52, got 11 drops
Total number of curves 508078
Starting step 233
Analyzing 1 states in spread 43
Analyzing 6 states in spread 44
Analyzing 113 states in spread 45
Analyzing 893 states in spread 46
Analyzing 11540 states in spread 47
Analyzing 95525 states in spread 48
Analyzing 100000 states in spread 49
Analyzing 100000 states in spread 50
Analyzing 100000 states in spread 51
Finished step 233, minimal spread 44, max spread 52, got 5 drops
Total number of curves 471025
Starting step 234
Analyzing 11 states in spread 44
Analyzing 56 states in spread 45
Analyzing 799 states in spread 46
Analyzing 6112 states in spread 47
Analyzing 64047 states in spread 48
Analyzing 100000 states in spread 49
Analyzing 100000 states in spread 50
Analyzing 100000 states in spread 51
Analyzing 100000 states in spread 52
Finished step 234, minimal spread 44, max spread 53, got 4 drops
Total number of curves 542141
Starting step 235
Analyzing 1 states in spread 44
Analyzing 81 states in spread 45
Analyzing 460 states in spread 46
Analyzing 5143 states in spread 47
Analyzing 36456 states in spread 48
Analyzing 100000 states in spread 49
Analyzing 100000 states in spread 50
Analyzing 100000 states in spread 51
Analyzing 100000 states in spread 52
Finished step 235, minimal spread 45, max spread 53, got 5 drops
Total number of curves 533697
Starting step 236
Analyzing 14 states in spread 45
Analyzing 531 states in spread 46
Analyzing 3228 states in spread 47
Analyzing 29924 states in spread 48
Analyzing 100000 states in spread 49
Analyzing 100000 states in spread 50
Analyzing 100000 states in spread 51
Analyzing 100000 states in spread 52
Finished step 236, minimal spread 45, max spread 53, got 5 drops
Total number of curves 523313
Starting step 237
Analyzing 4 states in spread 45
Analyzing 152 states in spread 46
Analyzing 3263 states in spread 47
Analyzing 19894 states in spread 48
Analyzing 100000 states in spread 49
Analyzing 100000 states in spread 50
Analyzing 100000 states in spread 51
Analyzing 100000 states in spread 52
Finished step 237, minimal spread 45, max spread 53, got 6 drops
Total number of curves 520230
Starting step 238
Analyzing 3 states in spread 45
Analyzing 72 states in spread 46
Analyzing 1240 states in spread 47
Analyzing 18915 states in spread 48
Analyzing 100000 states in spread 49
Analyzing 100000 states in spread 50
Analyzing 100000 states in spread 51
Analyzing 100000 states in spread 52
Finished step 238, minimal spread 45, max spread 53, got 15 drops
Total number of curves 508418
Starting step 239
Analyzing 2 states in spread 45
Analyzing 48 states in spread 46
Analyzing 692 states in spread 47
Analyzing 8481 states in spread 48
Analyzing 99195 states in spread 49
Analyzing 100000 states in spread 50
Analyzing 100000 states in spread 51
Analyzing 100000 states in spread 52
Finished step 239, minimal spread 45, max spread 53, got 8 drops
Total number of curves 455024
Starting step 240
Analyzing 1 states in spread 45
Analyzing 30 states in spread 46
Analyzing 442 states in spread 47
Analyzing 5089 states in spread 48
Analyzing 49462 states in spread 49
Analyzing 100000 states in spread 50
Analyzing 100000 states in spread 51
Analyzing 100000 states in spread 52
Analyzing 100000 states in spread 53
Finished step 240, minimal spread 46, max spread 54, got 10 drops
Total number of curves 535071
Starting step 241
Analyzing 18 states in spread 46
Analyzing 271 states in spread 47
Analyzing 3260 states in spread 48
Analyzing 31522 states in spread 49
Analyzing 100000 states in spread 50
Analyzing 100000 states in spread 51
Analyzing 100000 states in spread 52
Analyzing 100000 states in spread 53
Finished step 241, minimal spread 45, max spread 54, got 17 drops
Total number of curves 523019
Starting step 242
Analyzing 2 states in spread 45
Analyzing 11 states in spread 46
Analyzing 163 states in spread 47
Analyzing 2063 states in spread 48
Analyzing 20780 states in spread 49
Analyzing 100000 states in spread 50
Analyzing 100000 states in spread 51
Analyzing 100000 states in spread 52
Analyzing 100000 states in spread 53
Finished step 242, minimal spread 45, max spread 54, got 22 drops
Total number of curves 515034
Starting step 243
Analyzing 2 states in spread 45
Analyzing 21 states in spread 46
Analyzing 96 states in spread 47
Analyzing 1233 states in spread 48
Analyzing 13682 states in spread 49
Analyzing 100000 states in spread 50
Analyzing 100000 states in spread 51
Analyzing 100000 states in spread 52
Analyzing 100000 states in spread 53
Finished step 243, minimal spread 45, max spread 54, got 12 drops
Total number of curves 484524
Starting step 244
Analyzing 2 states in spread 45
Analyzing 20 states in spread 46
Analyzing 141 states in spread 47
Analyzing 732 states in spread 48
Analyzing 8345 states in spread 49
Analyzing 75284 states in spread 50
Analyzing 100000 states in spread 51
Analyzing 100000 states in spread 52
Analyzing 100000 states in spread 53
Analyzing 100000 states in spread 54
Finished step 244, minimal spread 45, max spread 55, got 10 drops
Total number of curves 554583
Starting step 245
Analyzing 2 states in spread 45
Analyzing 19 states in spread 46
Analyzing 129 states in spread 47
Analyzing 872 states in spread 48
Analyzing 5134 states in spread 49
Analyzing 48427 states in spread 50
Analyzing 100000 states in spread 51
Analyzing 100000 states in spread 52
Analyzing 100000 states in spread 53
Analyzing 100000 states in spread 54
Finished step 245, minimal spread 45, max spread 55, got 8 drops
Total number of curves 537480
Starting step 246
Analyzing 1 states in spread 45
Analyzing 20 states in spread 46
Analyzing 118 states in spread 47
Analyzing 782 states in spread 48
Analyzing 5201 states in spread 49
Analyzing 31358 states in spread 50
Analyzing 100000 states in spread 51
Analyzing 100000 states in spread 52
Analyzing 100000 states in spread 53
Analyzing 100000 states in spread 54
Finished step 246, minimal spread 45, max spread 55, got 9 drops
Total number of curves 535041
Starting step 247
Analyzing 2 states in spread 45
Analyzing 14 states in spread 46
Analyzing 132 states in spread 47
Analyzing 676 states in spread 48
Analyzing 4585 states in spread 49
Analyzing 29632 states in spread 50
Analyzing 100000 states in spread 51
Analyzing 100000 states in spread 52
Analyzing 100000 states in spread 53
Analyzing 100000 states in spread 54
Finished step 247, minimal spread 45, max spread 54, got 8 drops
Total number of curves 430614
Starting step 248
Analyzing 3 states in spread 45
Analyzing 21 states in spread 46
Analyzing 98 states in spread 47
Analyzing 775 states in spread 48
Analyzing 3796 states in spread 49
Analyzing 25921 states in spread 50
Analyzing 100000 states in spread 51
Analyzing 100000 states in spread 52
Analyzing 100000 states in spread 53
Analyzing 100000 states in spread 54
Finished step 248, minimal spread 45, max spread 53, got 9 drops
Total number of curves 326098
Starting step 249
Analyzing 5 states in spread 45
Analyzing 26 states in spread 46
Analyzing 146 states in spread 47
Analyzing 568 states in spread 48
Analyzing 4300 states in spread 49
Analyzing 21053 states in spread 50
Analyzing 100000 states in spread 51
Analyzing 100000 states in spread 52
Analyzing 100000 states in spread 53
Finished step 249, minimal spread 45, max spread 52, got 8 drops
Total number of curves 227447
Starting step 250
Analyzing 5 states in spread 45
Analyzing 46 states in spread 46
Analyzing 156 states in spread 47
Analyzing 855 states in spread 48
Analyzing 3124 states in spread 49
Analyzing 23261 states in spread 50
Analyzing 100000 states in spread 51
Analyzing 100000 states in spread 52
Finished step 250, minimal spread 45, max spread 51, got 8 drops
Total number of curves 122776
Starting step 251
Analyzing 1 states in spread 45
Analyzing 40 states in spread 46
Analyzing 285 states in spread 47
Analyzing 871 states in spread 48
Analyzing 4681 states in spread 49
Analyzing 16898 states in spread 50
Analyzing 100000 states in spread 51
Finished step 251, minimal spread 45, max spread 50, got 6 drops
Total number of curves 31331
Starting step 252
Analyzing 1 states in spread 45
Analyzing 10 states in spread 46
Analyzing 225 states in spread 47
Analyzing 1578 states in spread 48
Analyzing 4732 states in spread 49
Analyzing 24785 states in spread 50
Finished step 252, minimal spread 45, max spread 49, got 3 drops
Total number of curves 9561
Starting step 253
Analyzing 1 states in spread 45
Analyzing 10 states in spread 46
Analyzing 74 states in spread 47
Analyzing 1186 states in spread 48
Analyzing 8290 states in spread 49
Finished step 253, minimal spread 45, max spread 48, got 1 drops
Total number of curves 565
Starting step 254
Analyzing 1 states in spread 45
Analyzing 9 states in spread 46
Analyzing 72 states in spread 47
Analyzing 483 states in spread 48
Finished step 254, minimal spread 46, max spread 47, got 1 drops
Total number of curves 74
Starting step 255
Analyzing 9 states in spread 46
Analyzing 65 states in spread 47
Finished step 255, minimal spread 46, max spread 46, got 0 drops
Total number of curves 1
Starting step 256
Analyzing 1 states in spread 46
Altogether, runtime= 215.294734375
SUMMARY witness_output= logs/a3_mod7_exact_b100k_u500k_u400k_fs12_len300_seed0_20260310_witnesses.txt
SUMMARY found= False
SUMMARY first_depth= None
SUMMARY unique_witnesses= 0
SUMMARY total_hits= 0
SUMMARY accepted_hits= 0
SUMMARY rejected_hits= 0
SUMMARY witness_depth_histogram= {}
CUDA max_memory_allocated_bytes: 16185993728
CUDA max_memory_reserved_bytes: 20799553536
