Starting A3 torch search with p= 7 caps 20000 20000 totalcaps 200000 150000 FIRST_STEPS 20 base_point 1 device cuda
We have 6 atoms and 14 dual simples
Initialized step 1 with spreads: {1: 2}
Starting step 2
Analyzing 2 states in spread 1
Finished step 2, minimal spread 2, max spread 2, got 0 drops
Total number of curves 8
Starting step 3
Analyzing 8 states in spread 2
Finished step 3, minimal spread 3, max spread 3, got 0 drops
Total number of curves 36
Starting step 4
Analyzing 36 states in spread 3
Finished step 4, minimal spread 4, max spread 4, got 0 drops
Total number of curves 170
Starting step 5
Analyzing 170 states in spread 4
Finished step 5, minimal spread 5, max spread 5, got 0 drops
Total number of curves 816
Starting step 6
Analyzing 816 states in spread 5
Finished step 6, minimal spread 5, max spread 6, got 0 drops
Total number of curves 3938
Starting step 7
Analyzing 2 states in spread 5
Analyzing 3936 states in spread 6
Finished step 7, minimal spread 5, max spread 7, got 0 drops
Total number of curves 19040
Starting step 8
Analyzing 2 states in spread 5
Analyzing 38 states in spread 6
Analyzing 19000 states in spread 7
Finished step 8, minimal spread 6, max spread 8, got 0 drops
Total number of curves 20452
Starting step 9
Analyzing 37 states in spread 6
Analyzing 415 states in spread 7
Analyzing 20000 states in spread 8
Finished step 9, minimal spread 6, max spread 9, got 0 drops
Total number of curves 22669
Starting step 10
Analyzing 5 states in spread 6
Analyzing 372 states in spread 7
Analyzing 2292 states in spread 8
Analyzing 20000 states in spread 9
Finished step 10, minimal spread 7, max spread 10, got 0 drops
Total number of curves 33835
Starting step 11
Analyzing 84 states in spread 7
Analyzing 2171 states in spread 8
Analyzing 11580 states in spread 9
Analyzing 20000 states in spread 10
Finished step 11, minimal spread 7, max spread 11, got 0 drops
Total number of curves 52024
Starting step 12
Analyzing 11 states in spread 7
Analyzing 612 states in spread 8
Analyzing 11401 states in spread 9
Analyzing 20000 states in spread 10
Analyzing 20000 states in spread 11
Finished step 12, minimal spread 7, max spread 12, got 0 drops
Total number of curves 64083
Starting step 13
Analyzing 6 states in spread 7
Analyzing 178 states in spread 8
Analyzing 3899 states in spread 9
Analyzing 20000 states in spread 10
Analyzing 20000 states in spread 11
Analyzing 20000 states in spread 12
Finished step 13, minimal spread 7, max spread 13, got 0 drops
Total number of curves 81635
Starting step 14
Analyzing 5 states in spread 7
Analyzing 81 states in spread 8
Analyzing 1591 states in spread 9
Analyzing 19958 states in spread 10
Analyzing 20000 states in spread 11
Analyzing 20000 states in spread 12
Analyzing 20000 states in spread 13
Finished step 14, minimal spread 7, max spread 14, got 0 drops
Total number of curves 90431
Starting step 15
Analyzing 1 states in spread 7
Analyzing 54 states in spread 8
Analyzing 692 states in spread 9
Analyzing 9684 states in spread 10
Analyzing 20000 states in spread 11
Analyzing 20000 states in spread 12
Analyzing 20000 states in spread 13
Analyzing 20000 states in spread 14
Finished step 15, minimal spread 7, max spread 15, got 0 drops
Total number of curves 104785
Starting step 16
Analyzing 1 states in spread 7
Analyzing 20 states in spread 8
Analyzing 427 states in spread 9
Analyzing 4337 states in spread 10
Analyzing 20000 states in spread 11
Analyzing 20000 states in spread 12
Analyzing 20000 states in spread 13
Analyzing 20000 states in spread 14
Analyzing 20000 states in spread 15
Finished step 16, minimal spread 7, max spread 16, got 0 drops
Total number of curves 122881
Starting step 17
Analyzing 1 states in spread 7
Analyzing 21 states in spread 8
Analyzing 207 states in spread 9
Analyzing 2652 states in spread 10
Analyzing 20000 states in spread 11
Analyzing 20000 states in spread 12
Analyzing 20000 states in spread 13
Analyzing 20000 states in spread 14
Analyzing 20000 states in spread 15
Analyzing 20000 states in spread 16
Finished step 17, minimal spread 7, max spread 17, got 1 drops
Total number of curves 135781
Starting step 18
Analyzing 1 states in spread 7
Analyzing 17 states in spread 8
Analyzing 195 states in spread 9
Analyzing 1497 states in spread 10
Analyzing 14071 states in spread 11
Analyzing 20000 states in spread 12
Analyzing 20000 states in spread 13
Analyzing 20000 states in spread 14
Analyzing 20000 states in spread 15
Analyzing 20000 states in spread 16
Analyzing 20000 states in spread 17
Finished step 18, minimal spread 7, max spread 18, got 1 drops
Total number of curves 150409
Starting step 19
Analyzing 1 states in spread 7
Analyzing 13 states in spread 8
Analyzing 140 states in spread 9
Analyzing 1317 states in spread 10
Analyzing 8938 states in spread 11
Analyzing 20000 states in spread 12
Analyzing 20000 states in spread 13
Analyzing 20000 states in spread 14
Analyzing 20000 states in spread 15
Analyzing 20000 states in spread 16
Analyzing 20000 states in spread 17
Analyzing 20000 states in spread 18
Finished step 19, minimal spread 7, max spread 19, got 2 drops
Total number of curves 168756
Starting step 20
Analyzing 1 states in spread 7
Analyzing 12 states in spread 8
Analyzing 90 states in spread 9
Analyzing 958 states in spread 10
Analyzing 7695 states in spread 11
Analyzing 20000 states in spread 12
Analyzing 20000 states in spread 13
Analyzing 20000 states in spread 14
Analyzing 20000 states in spread 15
Analyzing 20000 states in spread 16
Analyzing 20000 states in spread 17
Analyzing 20000 states in spread 18
Analyzing 20000 states in spread 19
Finished step 20, minimal spread 6, max spread 20, got 2 drops
Total number of curves 186527
Starting step 21
Analyzing 1 states in spread 6
Analyzing 2 states in spread 7
Analyzing 10 states in spread 8
Analyzing 76 states in spread 9
Analyzing 551 states in spread 10
Analyzing 5887 states in spread 11
Analyzing 20000 states in spread 12
Analyzing 20000 states in spread 13
Analyzing 20000 states in spread 14
Analyzing 20000 states in spread 15
Analyzing 20000 states in spread 16
Analyzing 20000 states in spread 17
Analyzing 20000 states in spread 18
Analyzing 20000 states in spread 19
Finished step 21, minimal spread 6, max spread 20, got 1 drops
Total number of curves 183877
Starting step 22
Analyzing 1 states in spread 6
Analyzing 8 states in spread 7
Analyzing 11 states in spread 8
Analyzing 69 states in spread 9
Analyzing 463 states in spread 10
Analyzing 3325 states in spread 11
Analyzing 20000 states in spread 12
Analyzing 20000 states in spread 13
Analyzing 20000 states in spread 14
Analyzing 20000 states in spread 15
Analyzing 20000 states in spread 16
Analyzing 20000 states in spread 17
Analyzing 20000 states in spread 18
Analyzing 20000 states in spread 19
Finished step 22, minimal spread 6, max spread 20, got 2 drops
Total number of curves 180476
Starting step 23
Analyzing 1 states in spread 6
Analyzing 9 states in spread 7
Analyzing 42 states in spread 8
Analyzing 63 states in spread 9
Analyzing 421 states in spread 10
Analyzing 2783 states in spread 11
Analyzing 17157 states in spread 12
Analyzing 20000 states in spread 13
Analyzing 20000 states in spread 14
Analyzing 20000 states in spread 15
Analyzing 20000 states in spread 16
Analyzing 20000 states in spread 17
Analyzing 20000 states in spread 18
Analyzing 20000 states in spread 19
Finished step 23, minimal spread 6, max spread 20, got 1 drops
Total number of curves 178189
Starting step 24
Analyzing 1 states in spread 6
Analyzing 8 states in spread 7
Analyzing 55 states in spread 8
Analyzing 207 states in spread 9
Analyzing 360 states in spread 10
Analyzing 2441 states in spread 11
Analyzing 15117 states in spread 12
Analyzing 20000 states in spread 13
Analyzing 20000 states in spread 14
Analyzing 20000 states in spread 15
Analyzing 20000 states in spread 16
Analyzing 20000 states in spread 17
Analyzing 20000 states in spread 18
Analyzing 20000 states in spread 19
Finished step 24, minimal spread 7, max spread 20, got 2 drops
Total number of curves 176671
Starting step 25
Analyzing 9 states in spread 7
Analyzing 44 states in spread 8
Analyzing 304 states in spread 9
Analyzing 1023 states in spread 10
Analyzing 2032 states in spread 11
Analyzing 13259 states in spread 12
Analyzing 20000 states in spread 13
Analyzing 20000 states in spread 14
Analyzing 20000 states in spread 15
Analyzing 20000 states in spread 16
Analyzing 20000 states in spread 17
Analyzing 20000 states in spread 18
Analyzing 20000 states in spread 19
Finished step 25, minimal spread 8, max spread 20, got 0 drops
Total number of curves 177992
Starting step 26
Analyzing 52 states in spread 8
Analyzing 237 states in spread 9
Analyzing 1586 states in spread 10
Analyzing 5100 states in spread 11
Analyzing 11017 states in spread 12
Analyzing 20000 states in spread 13
Analyzing 20000 states in spread 14
Analyzing 20000 states in spread 15
Analyzing 20000 states in spread 16
Analyzing 20000 states in spread 17
Analyzing 20000 states in spread 18
Analyzing 20000 states in spread 19
Finished step 26, minimal spread 8, max spread 20, got 1 drops
Total number of curves 189581
Starting step 27
Analyzing 2 states in spread 8
Analyzing 279 states in spread 9
Analyzing 1246 states in spread 10
Analyzing 8054 states in spread 11
Analyzing 20000 states in spread 12
Analyzing 20000 states in spread 13
Analyzing 20000 states in spread 14
Analyzing 20000 states in spread 15
Analyzing 20000 states in spread 16
Analyzing 20000 states in spread 17
Analyzing 20000 states in spread 18
Analyzing 20000 states in spread 19
Finished step 27, minimal spread 8, max spread 20, got 2 drops
Total number of curves 187931
Starting step 28
Analyzing 1 states in spread 8
Analyzing 26 states in spread 9
Analyzing 1453 states in spread 10
Analyzing 6451 states in spread 11
Analyzing 20000 states in spread 12
Analyzing 20000 states in spread 13
Analyzing 20000 states in spread 14
Analyzing 20000 states in spread 15
Analyzing 20000 states in spread 16
Analyzing 20000 states in spread 17
Analyzing 20000 states in spread 18
Analyzing 20000 states in spread 19
Finished step 28, minimal spread 9, max spread 20, got 2 drops
Total number of curves 187673
Starting step 29
Analyzing 13 states in spread 9
Analyzing 205 states in spread 10
Analyzing 7455 states in spread 11
Analyzing 20000 states in spread 12
Analyzing 20000 states in spread 13
Analyzing 20000 states in spread 14
Analyzing 20000 states in spread 15
Analyzing 20000 states in spread 16
Analyzing 20000 states in spread 17
Analyzing 20000 states in spread 18
Analyzing 20000 states in spread 19
Finished step 29, minimal spread 9, max spread 20, got 0 drops
Total number of curves 181499
Starting step 30
Analyzing 3 states in spread 9
Analyzing 103 states in spread 10
Analyzing 1393 states in spread 11
Analyzing 20000 states in spread 12
Analyzing 20000 states in spread 13
Analyzing 20000 states in spread 14
Analyzing 20000 states in spread 15
Analyzing 20000 states in spread 16
Analyzing 20000 states in spread 17
Analyzing 20000 states in spread 18
Analyzing 20000 states in spread 19
Finished step 30, minimal spread 10, max spread 20, got 0 drops
Total number of curves 168537
Starting step 31
Analyzing 38 states in spread 10
Analyzing 728 states in spread 11
Analyzing 7771 states in spread 12
Analyzing 20000 states in spread 13
Analyzing 20000 states in spread 14
Analyzing 20000 states in spread 15
Analyzing 20000 states in spread 16
Analyzing 20000 states in spread 17
Analyzing 20000 states in spread 18
Analyzing 20000 states in spread 19
Analyzing 20000 states in spread 20
Finished step 31, minimal spread 10, max spread 21, got 0 drops
Total number of curves 184652
Starting step 32
Analyzing 11 states in spread 10
Analyzing 337 states in spread 11
Analyzing 4304 states in spread 12
Analyzing 20000 states in spread 13
Analyzing 20000 states in spread 14
Analyzing 20000 states in spread 15
Analyzing 20000 states in spread 16
Analyzing 20000 states in spread 17
Analyzing 20000 states in spread 18
Analyzing 20000 states in spread 19
Analyzing 20000 states in spread 20
Finished step 32, minimal spread 10, max spread 21, got 0 drops
Total number of curves 182391
Starting step 33
Analyzing 5 states in spread 10
Analyzing 162 states in spread 11
Analyzing 2224 states in spread 12
Analyzing 20000 states in spread 13
Analyzing 20000 states in spread 14
Analyzing 20000 states in spread 15
Analyzing 20000 states in spread 16
Analyzing 20000 states in spread 17
Analyzing 20000 states in spread 18
Analyzing 20000 states in spread 19
Analyzing 20000 states in spread 20
Finished step 33, minimal spread 10, max spread 21, got 0 drops
Total number of curves 173650
Starting step 34
Analyzing 2 states in spread 10
Analyzing 77 states in spread 11
Analyzing 1303 states in spread 12
Analyzing 12268 states in spread 13
Analyzing 20000 states in spread 14
Analyzing 20000 states in spread 15
Analyzing 20000 states in spread 16
Analyzing 20000 states in spread 17
Analyzing 20000 states in spread 18
Analyzing 20000 states in spread 19
Analyzing 20000 states in spread 20
Finished step 34, minimal spread 10, max spread 21, got 0 drops
Total number of curves 168729
Starting step 35
Analyzing 2 states in spread 10
Analyzing 34 states in spread 11
Analyzing 653 states in spread 12
Analyzing 8040 states in spread 13
Analyzing 20000 states in spread 14
Analyzing 20000 states in spread 15
Analyzing 20000 states in spread 16
Analyzing 20000 states in spread 17
Analyzing 20000 states in spread 18
Analyzing 20000 states in spread 19
Analyzing 20000 states in spread 20
Analyzing 20000 states in spread 21
Finished step 35, minimal spread 10, max spread 22, got 0 drops
Total number of curves 184742
Starting step 36
Analyzing 1 states in spread 10
Analyzing 27 states in spread 11
Analyzing 322 states in spread 12
Analyzing 4392 states in spread 13
Analyzing 20000 states in spread 14
Analyzing 20000 states in spread 15
Analyzing 20000 states in spread 16
Analyzing 20000 states in spread 17
Analyzing 20000 states in spread 18
Analyzing 20000 states in spread 19
Analyzing 20000 states in spread 20
Analyzing 20000 states in spread 21
Finished step 36, minimal spread 10, max spread 22, got 0 drops
Total number of curves 182647
Starting step 37
Analyzing 1 states in spread 10
Analyzing 10 states in spread 11
Analyzing 247 states in spread 12
Analyzing 2389 states in spread 13
Analyzing 20000 states in spread 14
Analyzing 20000 states in spread 15
Analyzing 20000 states in spread 16
Analyzing 20000 states in spread 17
Analyzing 20000 states in spread 18
Analyzing 20000 states in spread 19
Analyzing 20000 states in spread 20
Analyzing 20000 states in spread 21
Finished step 37, minimal spread 10, max spread 22, got 0 drops
Total number of curves 175351
Starting step 38
Analyzing 1 states in spread 10
Analyzing 10 states in spread 11
Analyzing 84 states in spread 12
Analyzing 1799 states in spread 13
Analyzing 13457 states in spread 14
Analyzing 20000 states in spread 15
Analyzing 20000 states in spread 16
Analyzing 20000 states in spread 17
Analyzing 20000 states in spread 18
Analyzing 20000 states in spread 19
Analyzing 20000 states in spread 20
Analyzing 20000 states in spread 21
Finished step 38, minimal spread 10, max spread 22, got 1 drops
Total number of curves 171191
Starting step 39
Analyzing 1 states in spread 10
Analyzing 10 states in spread 11
Analyzing 71 states in spread 12
Analyzing 684 states in spread 13
Analyzing 10425 states in spread 14
Analyzing 20000 states in spread 15
Analyzing 20000 states in spread 16
Analyzing 20000 states in spread 17
Analyzing 20000 states in spread 18
Analyzing 20000 states in spread 19
Analyzing 20000 states in spread 20
Analyzing 20000 states in spread 21
Finished step 39, minimal spread 10, max spread 22, got 3 drops
Total number of curves 164995
Starting step 40
Analyzing 1 states in spread 10
Analyzing 12 states in spread 11
Analyzing 66 states in spread 12
Analyzing 516 states in spread 13
Analyzing 4400 states in spread 14
Analyzing 20000 states in spread 15
Analyzing 20000 states in spread 16
Analyzing 20000 states in spread 17
Analyzing 20000 states in spread 18
Analyzing 20000 states in spread 19
Analyzing 20000 states in spread 20
Analyzing 20000 states in spread 21
Analyzing 20000 states in spread 22
Finished step 40, minimal spread 10, max spread 23, got 2 drops
Total number of curves 183848
Starting step 41
Analyzing 1 states in spread 10
Analyzing 11 states in spread 11
Analyzing 73 states in spread 12
Analyzing 427 states in spread 13
Analyzing 3336 states in spread 14
Analyzing 20000 states in spread 15
Analyzing 20000 states in spread 16
Analyzing 20000 states in spread 17
Analyzing 20000 states in spread 18
Analyzing 20000 states in spread 19
Analyzing 20000 states in spread 20
Analyzing 20000 states in spread 21
Analyzing 20000 states in spread 22
Finished step 41, minimal spread 10, max spread 23, got 3 drops
Total number of curves 180737
Starting step 42
Analyzing 2 states in spread 10
Analyzing 8 states in spread 11
Analyzing 75 states in spread 12
Analyzing 432 states in spread 13
Analyzing 2602 states in spread 14
Analyzing 17618 states in spread 15
Analyzing 20000 states in spread 16
Analyzing 20000 states in spread 17
Analyzing 20000 states in spread 18
Analyzing 20000 states in spread 19
Analyzing 20000 states in spread 20
Analyzing 20000 states in spread 21
Analyzing 20000 states in spread 22
Finished step 42, minimal spread 10, max spread 23, got 2 drops
Total number of curves 177118
Starting step 43
Analyzing 3 states in spread 10
Analyzing 14 states in spread 11
Analyzing 49 states in spread 12
Analyzing 460 states in spread 13
Analyzing 2436 states in spread 14
Analyzing 14156 states in spread 15
Analyzing 20000 states in spread 16
Analyzing 20000 states in spread 17
Analyzing 20000 states in spread 18
Analyzing 20000 states in spread 19
Analyzing 20000 states in spread 20
Analyzing 20000 states in spread 21
Analyzing 20000 states in spread 22
Finished step 43, minimal spread 10, max spread 23, got 2 drops
Total number of curves 175954
Starting step 44
Analyzing 1 states in spread 10
Analyzing 29 states in spread 11
Analyzing 75 states in spread 12
Analyzing 292 states in spread 13
Analyzing 2625 states in spread 14
Analyzing 12932 states in spread 15
Analyzing 20000 states in spread 16
Analyzing 20000 states in spread 17
Analyzing 20000 states in spread 18
Analyzing 20000 states in spread 19
Analyzing 20000 states in spread 20
Analyzing 20000 states in spread 21
Analyzing 20000 states in spread 22
Finished step 44, minimal spread 10, max spread 23, got 1 drops
Total number of curves 176357
Starting step 45
Analyzing 1 states in spread 10
Analyzing 8 states in spread 11
Analyzing 181 states in spread 12
Analyzing 398 states in spread 13
Analyzing 1669 states in spread 14
Analyzing 14100 states in spread 15
Analyzing 20000 states in spread 16
Analyzing 20000 states in spread 17
Analyzing 20000 states in spread 18
Analyzing 20000 states in spread 19
Analyzing 20000 states in spread 20
Analyzing 20000 states in spread 21
Analyzing 20000 states in spread 22
Finished step 45, minimal spread 11, max spread 23, got 0 drops
Total number of curves 172349
Starting step 46
Analyzing 10 states in spread 11
Analyzing 48 states in spread 12
Analyzing 988 states in spread 13
Analyzing 2098 states in spread 14
Analyzing 9205 states in spread 15
Analyzing 20000 states in spread 16
Analyzing 20000 states in spread 17
Analyzing 20000 states in spread 18
Analyzing 20000 states in spread 19
Analyzing 20000 states in spread 20
Analyzing 20000 states in spread 21
Analyzing 20000 states in spread 22
Finished step 46, minimal spread 11, max spread 23, got 0 drops
Total number of curves 176436
Starting step 47
Analyzing 3 states in spread 11
Analyzing 65 states in spread 12
Analyzing 280 states in spread 13
Analyzing 5110 states in spread 14
Analyzing 10978 states in spread 15
Analyzing 20000 states in spread 16
Analyzing 20000 states in spread 17
Analyzing 20000 states in spread 18
Analyzing 20000 states in spread 19
Analyzing 20000 states in spread 20
Analyzing 20000 states in spread 21
Analyzing 20000 states in spread 22
Finished step 47, minimal spread 11, max spread 23, got 0 drops
Total number of curves 182012
Starting step 48
Analyzing 4 states in spread 11
Analyzing 31 states in spread 12
Analyzing 372 states in spread 13
Analyzing 1605 states in spread 14
Analyzing 20000 states in spread 15
Analyzing 20000 states in spread 16
Analyzing 20000 states in spread 17
Analyzing 20000 states in spread 18
Analyzing 20000 states in spread 19
Analyzing 20000 states in spread 20
Analyzing 20000 states in spread 21
Analyzing 20000 states in spread 22
Finished step 48, minimal spread 11, max spread 23, got 0 drops
Total number of curves 170816
Starting step 49
Analyzing 4 states in spread 11
Analyzing 33 states in spread 12
Analyzing 212 states in spread 13
Analyzing 2032 states in spread 14
Analyzing 8535 states in spread 15
Analyzing 20000 states in spread 16
Analyzing 20000 states in spread 17
Analyzing 20000 states in spread 18
Analyzing 20000 states in spread 19
Analyzing 20000 states in spread 20
Analyzing 20000 states in spread 21
Analyzing 20000 states in spread 22
Finished step 49, minimal spread 11, max spread 23, got 0 drops
Total number of curves 172027
Starting step 50
Analyzing 1 states in spread 11
Analyzing 38 states in spread 12
Analyzing 194 states in spread 13
Analyzing 1264 states in spread 14
Analyzing 10530 states in spread 15
Analyzing 20000 states in spread 16
Analyzing 20000 states in spread 17
Analyzing 20000 states in spread 18
Analyzing 20000 states in spread 19
Analyzing 20000 states in spread 20
Analyzing 20000 states in spread 21
Analyzing 20000 states in spread 22
Finished step 50, minimal spread 11, max spread 23, got 3 drops
Total number of curves 168303
Starting step 51
Analyzing 1 states in spread 11
Analyzing 10 states in spread 12
Analyzing 238 states in spread 13
Analyzing 1086 states in spread 14
Analyzing 6968 states in spread 15
Analyzing 20000 states in spread 16
Analyzing 20000 states in spread 17
Analyzing 20000 states in spread 18
Analyzing 20000 states in spread 19
Analyzing 20000 states in spread 20
Analyzing 20000 states in spread 21
Analyzing 20000 states in spread 22
Analyzing 20000 states in spread 23
Finished step 51, minimal spread 11, max spread 24, got 4 drops
Total number of curves 187308
Starting step 52
Analyzing 1 states in spread 11
Analyzing 11 states in spread 12
Analyzing 75 states in spread 13
Analyzing 1326 states in spread 14
Analyzing 5895 states in spread 15
Analyzing 20000 states in spread 16
Analyzing 20000 states in spread 17
Analyzing 20000 states in spread 18
Analyzing 20000 states in spread 19
Analyzing 20000 states in spread 20
Analyzing 20000 states in spread 21
Analyzing 20000 states in spread 22
Analyzing 20000 states in spread 23
Finished step 52, minimal spread 12, max spread 24, got 3 drops
Total number of curves 187618
Starting step 53
Analyzing 11 states in spread 12
Analyzing 82 states in spread 13
Analyzing 470 states in spread 14
Analyzing 7055 states in spread 15
Analyzing 20000 states in spread 16
Analyzing 20000 states in spread 17
Analyzing 20000 states in spread 18
Analyzing 20000 states in spread 19
Analyzing 20000 states in spread 20
Analyzing 20000 states in spread 21
Analyzing 20000 states in spread 22
Analyzing 20000 states in spread 23
Finished step 53, minimal spread 12, max spread 24, got 2 drops
Total number of curves 183384
Starting step 54
Analyzing 2 states in spread 12
Analyzing 75 states in spread 13
Analyzing 506 states in spread 14
Analyzing 2801 states in spread 15
Analyzing 20000 states in spread 16
Analyzing 20000 states in spread 17
Analyzing 20000 states in spread 18
Analyzing 20000 states in spread 19
Analyzing 20000 states in spread 20
Analyzing 20000 states in spread 21
Analyzing 20000 states in spread 22
Analyzing 20000 states in spread 23
Finished step 54, minimal spread 12, max spread 24, got 2 drops
Total number of curves 177277
Starting step 55
Analyzing 3 states in spread 12
Analyzing 27 states in spread 13
Analyzing 439 states in spread 14
Analyzing 2890 states in spread 15
Analyzing 13918 states in spread 16
Analyzing 20000 states in spread 17
Analyzing 20000 states in spread 18
Analyzing 20000 states in spread 19
Analyzing 20000 states in spread 20
Analyzing 20000 states in spread 21
Analyzing 20000 states in spread 22
Analyzing 20000 states in spread 23
Finished step 55, minimal spread 12, max spread 24, got 0 drops
Total number of curves 177471
Starting step 56
Analyzing 1 states in spread 12
Analyzing 34 states in spread 13
Analyzing 211 states in spread 14
Analyzing 2407 states in spread 15
Analyzing 14818 states in spread 16
Analyzing 20000 states in spread 17
Analyzing 20000 states in spread 18
Analyzing 20000 states in spread 19
Analyzing 20000 states in spread 20
Analyzing 20000 states in spread 21
Analyzing 20000 states in spread 22
Analyzing 20000 states in spread 23
Finished step 56, minimal spread 13, max spread 24, got 0 drops
Total number of curves 173877
Starting step 57
Analyzing 9 states in spread 13
Analyzing 248 states in spread 14
Analyzing 1395 states in spread 15
Analyzing 12225 states in spread 16
Analyzing 20000 states in spread 17
Analyzing 20000 states in spread 18
Analyzing 20000 states in spread 19
Analyzing 20000 states in spread 20
Analyzing 20000 states in spread 21
Analyzing 20000 states in spread 22
Analyzing 20000 states in spread 23
Finished step 57, minimal spread 14, max spread 24, got 1 drops
Total number of curves 169613
Starting step 58
Analyzing 78 states in spread 14
Analyzing 1536 states in spread 15
Analyzing 7999 states in spread 16
Analyzing 20000 states in spread 17
Analyzing 20000 states in spread 18
Analyzing 20000 states in spread 19
Analyzing 20000 states in spread 20
Analyzing 20000 states in spread 21
Analyzing 20000 states in spread 22
Analyzing 20000 states in spread 23
Analyzing 20000 states in spread 24
Finished step 58, minimal spread 14, max spread 25, got 0 drops
Total number of curves 189163
Starting step 59
Analyzing 14 states in spread 14
Analyzing 578 states in spread 15
Analyzing 8571 states in spread 16
Analyzing 20000 states in spread 17
Analyzing 20000 states in spread 18
Analyzing 20000 states in spread 19
Analyzing 20000 states in spread 20
Analyzing 20000 states in spread 21
Analyzing 20000 states in spread 22
Analyzing 20000 states in spread 23
Analyzing 20000 states in spread 24
Finished step 59, minimal spread 14, max spread 25, got 0 drops
Total number of curves 183866
Starting step 60
Analyzing 6 states in spread 14
Analyzing 181 states in spread 15
Analyzing 3679 states in spread 16
Analyzing 20000 states in spread 17
Analyzing 20000 states in spread 18
Analyzing 20000 states in spread 19
Analyzing 20000 states in spread 20
Analyzing 20000 states in spread 21
Analyzing 20000 states in spread 22
Analyzing 20000 states in spread 23
Analyzing 20000 states in spread 24
Finished step 60, minimal spread 14, max spread 25, got 0 drops
Total number of curves 180341
Starting step 61
Analyzing 3 states in spread 14
Analyzing 88 states in spread 15
Analyzing 1459 states in spread 16
Analyzing 18791 states in spread 17
Analyzing 20000 states in spread 18
Analyzing 20000 states in spread 19
Analyzing 20000 states in spread 20
Analyzing 20000 states in spread 21
Analyzing 20000 states in spread 22
Analyzing 20000 states in spread 23
Analyzing 20000 states in spread 24
Finished step 61, minimal spread 14, max spread 25, got 0 drops
Total number of curves 169457
Starting step 62
Analyzing 3 states in spread 14
Analyzing 42 states in spread 15
Analyzing 769 states in spread 16
Analyzing 8643 states in spread 17
Analyzing 20000 states in spread 18
Analyzing 20000 states in spread 19
Analyzing 20000 states in spread 20
Analyzing 20000 states in spread 21
Analyzing 20000 states in spread 22
Analyzing 20000 states in spread 23
Analyzing 20000 states in spread 24
Analyzing 20000 states in spread 25
Finished step 62, minimal spread 14, max spread 26, got 1 drops
Total number of curves 185476
Starting step 63
Analyzing 1 states in spread 14
Analyzing 35 states in spread 15
Analyzing 410 states in spread 16
Analyzing 5030 states in spread 17
Analyzing 20000 states in spread 18
Analyzing 20000 states in spread 19
Analyzing 20000 states in spread 20
Analyzing 20000 states in spread 21
Analyzing 20000 states in spread 22
Analyzing 20000 states in spread 23
Analyzing 20000 states in spread 24
Analyzing 20000 states in spread 25
Finished step 63, minimal spread 14, max spread 26, got 4 drops
Total number of curves 183215
Starting step 64
Analyzing 1 states in spread 14
Analyzing 22 states in spread 15
Analyzing 291 states in spread 16
Analyzing 2901 states in spread 17
Analyzing 20000 states in spread 18
Analyzing 20000 states in spread 19
Analyzing 20000 states in spread 20
Analyzing 20000 states in spread 21
Analyzing 20000 states in spread 22
Analyzing 20000 states in spread 23
Analyzing 20000 states in spread 24
Analyzing 20000 states in spread 25
Finished step 64, minimal spread 13, max spread 26, got 2 drops
Total number of curves 177776
Starting step 65
Analyzing 1 states in spread 13
Analyzing 3 states in spread 14
Analyzing 15 states in spread 15
Analyzing 205 states in spread 16
Analyzing 1922 states in spread 17
Analyzing 15630 states in spread 18
Analyzing 20000 states in spread 19
Analyzing 20000 states in spread 20
Analyzing 20000 states in spread 21
Analyzing 20000 states in spread 22
Analyzing 20000 states in spread 23
Analyzing 20000 states in spread 24
Analyzing 20000 states in spread 25
Finished step 65, minimal spread 13, max spread 26, got 1 drops
Total number of curves 172188
Starting step 66
Analyzing 1 states in spread 13
Analyzing 8 states in spread 14
Analyzing 21 states in spread 15
Analyzing 129 states in spread 16
Analyzing 1390 states in spread 17
Analyzing 10639 states in spread 18
Analyzing 20000 states in spread 19
Analyzing 20000 states in spread 20
Analyzing 20000 states in spread 21
Analyzing 20000 states in spread 22
Analyzing 20000 states in spread 23
Analyzing 20000 states in spread 24
Analyzing 20000 states in spread 25
Finished step 66, minimal spread 14, max spread 26, got 0 drops
Total number of curves 169170
Starting step 67
Analyzing 8 states in spread 14
Analyzing 42 states in spread 15
Analyzing 136 states in spread 16
Analyzing 868 states in spread 17
Analyzing 8116 states in spread 18
Analyzing 20000 states in spread 19
Analyzing 20000 states in spread 20
Analyzing 20000 states in spread 21
Analyzing 20000 states in spread 22
Analyzing 20000 states in spread 23
Analyzing 20000 states in spread 24
Analyzing 20000 states in spread 25
Analyzing 20000 states in spread 26
Finished step 67, minimal spread 14, max spread 27, got 0 drops
Total number of curves 186257
Starting step 68
Analyzing 1 states in spread 14
Analyzing 49 states in spread 15
Analyzing 220 states in spread 16
Analyzing 819 states in spread 17
Analyzing 5168 states in spread 18
Analyzing 20000 states in spread 19
Analyzing 20000 states in spread 20
Analyzing 20000 states in spread 21
Analyzing 20000 states in spread 22
Analyzing 20000 states in spread 23
Analyzing 20000 states in spread 24
Analyzing 20000 states in spread 25
Analyzing 20000 states in spread 26
Finished step 68, minimal spread 15, max spread 27, got 0 drops
Total number of curves 186112
Starting step 69
Analyzing 16 states in spread 15
Analyzing 265 states in spread 16
Analyzing 1157 states in spread 17
Analyzing 4674 states in spread 18
Analyzing 20000 states in spread 19
Analyzing 20000 states in spread 20
Analyzing 20000 states in spread 21
Analyzing 20000 states in spread 22
Analyzing 20000 states in spread 23
Analyzing 20000 states in spread 24
Analyzing 20000 states in spread 25
Analyzing 20000 states in spread 26
Finished step 69, minimal spread 15, max spread 27, got 1 drops
Total number of curves 187561
Starting step 70
Analyzing 6 states in spread 15
Analyzing 130 states in spread 16
Analyzing 1364 states in spread 17
Analyzing 6061 states in spread 18
Analyzing 20000 states in spread 19
Analyzing 20000 states in spread 20
Analyzing 20000 states in spread 21
Analyzing 20000 states in spread 22
Analyzing 20000 states in spread 23
Analyzing 20000 states in spread 24
Analyzing 20000 states in spread 25
Analyzing 20000 states in spread 26
Finished step 70, minimal spread 15, max spread 27, got 1 drops
Total number of curves 187806
Starting step 71
Analyzing 6 states in spread 15
Analyzing 65 states in spread 16
Analyzing 822 states in spread 17
Analyzing 6913 states in spread 18
Analyzing 20000 states in spread 19
Analyzing 20000 states in spread 20
Analyzing 20000 states in spread 21
Analyzing 20000 states in spread 22
Analyzing 20000 states in spread 23
Analyzing 20000 states in spread 24
Analyzing 20000 states in spread 25
Analyzing 20000 states in spread 26
Finished step 71, minimal spread 15, max spread 27, got 0 drops
Total number of curves 185173
Starting step 72
Analyzing 4 states in spread 15
Analyzing 57 states in spread 16
Analyzing 450 states in spread 17
Analyzing 4662 states in spread 18
Analyzing 20000 states in spread 19
Analyzing 20000 states in spread 20
Analyzing 20000 states in spread 21
Analyzing 20000 states in spread 22
Analyzing 20000 states in spread 23
Analyzing 20000 states in spread 24
Analyzing 20000 states in spread 25
Analyzing 20000 states in spread 26
Finished step 72, minimal spread 15, max spread 27, got 0 drops
Total number of curves 183106
Starting step 73
Analyzing 1 states in spread 15
Analyzing 37 states in spread 16
Analyzing 376 states in spread 17
Analyzing 2692 states in spread 18
Analyzing 20000 states in spread 19
Analyzing 20000 states in spread 20
Analyzing 20000 states in spread 21
Analyzing 20000 states in spread 22
Analyzing 20000 states in spread 23
Analyzing 20000 states in spread 24
Analyzing 20000 states in spread 25
Analyzing 20000 states in spread 26
Finished step 73, minimal spread 16, max spread 27, got 0 drops
Total number of curves 176346
Starting step 74
Analyzing 13 states in spread 16
Analyzing 238 states in spread 17
Analyzing 2255 states in spread 18
Analyzing 13840 states in spread 19
Analyzing 20000 states in spread 20
Analyzing 20000 states in spread 21
Analyzing 20000 states in spread 22
Analyzing 20000 states in spread 23
Analyzing 20000 states in spread 24
Analyzing 20000 states in spread 25
Analyzing 20000 states in spread 26
Finished step 74, minimal spread 16, max spread 27, got 0 drops
Total number of curves 173716
Starting step 75
Analyzing 5 states in spread 16
Analyzing 109 states in spread 17
Analyzing 1438 states in spread 18
Analyzing 12164 states in spread 19
Analyzing 20000 states in spread 20
Analyzing 20000 states in spread 21
Analyzing 20000 states in spread 22
Analyzing 20000 states in spread 23
Analyzing 20000 states in spread 24
Analyzing 20000 states in spread 25
Analyzing 20000 states in spread 26
Finished step 75, minimal spread 16, max spread 27, got 1 drops
Total number of curves 168855
Starting step 76
Analyzing 2 states in spread 16
Analyzing 57 states in spread 17
Analyzing 796 states in spread 18
Analyzing 8000 states in spread 19
Analyzing 20000 states in spread 20
Analyzing 20000 states in spread 21
Analyzing 20000 states in spread 22
Analyzing 20000 states in spread 23
Analyzing 20000 states in spread 24
Analyzing 20000 states in spread 25
Analyzing 20000 states in spread 26
Analyzing 20000 states in spread 27
Finished step 76, minimal spread 16, max spread 28, got 2 drops
Total number of curves 185510
Starting step 77
Analyzing 1 states in spread 16
Analyzing 29 states in spread 17
Analyzing 436 states in spread 18
Analyzing 5044 states in spread 19
Analyzing 20000 states in spread 20
Analyzing 20000 states in spread 21
Analyzing 20000 states in spread 22
Analyzing 20000 states in spread 23
Analyzing 20000 states in spread 24
Analyzing 20000 states in spread 25
Analyzing 20000 states in spread 26
Analyzing 20000 states in spread 27
Finished step 77, minimal spread 16, max spread 28, got 2 drops
Total number of curves 183113
Starting step 78
Analyzing 1 states in spread 16
Analyzing 16 states in spread 17
Analyzing 252 states in spread 18
Analyzing 2844 states in spread 19
Analyzing 20000 states in spread 20
Analyzing 20000 states in spread 21
Analyzing 20000 states in spread 22
Analyzing 20000 states in spread 23
Analyzing 20000 states in spread 24
Analyzing 20000 states in spread 25
Analyzing 20000 states in spread 26
Analyzing 20000 states in spread 27
Finished step 78, minimal spread 16, max spread 28, got 0 drops
Total number of curves 176925
Starting step 79
Analyzing 1 states in spread 16
Analyzing 9 states in spread 17
Analyzing 151 states in spread 18
Analyzing 1778 states in spread 19
Analyzing 14986 states in spread 20
Analyzing 20000 states in spread 21
Analyzing 20000 states in spread 22
Analyzing 20000 states in spread 23
Analyzing 20000 states in spread 24
Analyzing 20000 states in spread 25
Analyzing 20000 states in spread 26
Analyzing 20000 states in spread 27
Finished step 79, minimal spread 17, max spread 28, got 1 drops
Total number of curves 171354
Starting step 80
Analyzing 9 states in spread 17
Analyzing 81 states in spread 18
Analyzing 1155 states in spread 19
Analyzing 10109 states in spread 20
Analyzing 20000 states in spread 21
Analyzing 20000 states in spread 22
Analyzing 20000 states in spread 23
Analyzing 20000 states in spread 24
Analyzing 20000 states in spread 25
Analyzing 20000 states in spread 26
Analyzing 20000 states in spread 27
Finished step 80, minimal spread 17, max spread 28, got 1 drops
Total number of curves 167824
Starting step 81
Analyzing 1 states in spread 17
Analyzing 66 states in spread 18
Analyzing 633 states in spread 19
Analyzing 7124 states in spread 20
Analyzing 20000 states in spread 21
Analyzing 20000 states in spread 22
Analyzing 20000 states in spread 23
Analyzing 20000 states in spread 24
Analyzing 20000 states in spread 25
Analyzing 20000 states in spread 26
Analyzing 20000 states in spread 27
Analyzing 20000 states in spread 28
Finished step 81, minimal spread 17, max spread 29, got 1 drops
Total number of curves 184581
Starting step 82
Analyzing 1 states in spread 17
Analyzing 17 states in spread 18
Analyzing 465 states in spread 19
Analyzing 4098 states in spread 20
Analyzing 20000 states in spread 21
Analyzing 20000 states in spread 22
Analyzing 20000 states in spread 23
Analyzing 20000 states in spread 24
Analyzing 20000 states in spread 25
Analyzing 20000 states in spread 26
Analyzing 20000 states in spread 27
Analyzing 20000 states in spread 28
Finished step 82, minimal spread 17, max spread 29, got 1 drops
Total number of curves 183174
Starting step 83
Analyzing 1 states in spread 17
Analyzing 12 states in spread 18
Analyzing 176 states in spread 19
Analyzing 2985 states in spread 20
Analyzing 20000 states in spread 21
Analyzing 20000 states in spread 22
Analyzing 20000 states in spread 23
Analyzing 20000 states in spread 24
Analyzing 20000 states in spread 25
Analyzing 20000 states in spread 26
Analyzing 20000 states in spread 27
Analyzing 20000 states in spread 28
Finished step 83, minimal spread 18, max spread 29, got 2 drops
Total number of curves 177935
Starting step 84
Analyzing 12 states in spread 18
Analyzing 105 states in spread 19
Analyzing 1388 states in spread 20
Analyzing 16430 states in spread 21
Analyzing 20000 states in spread 22
Analyzing 20000 states in spread 23
Analyzing 20000 states in spread 24
Analyzing 20000 states in spread 25
Analyzing 20000 states in spread 26
Analyzing 20000 states in spread 27
Analyzing 20000 states in spread 28
Finished step 84, minimal spread 19, max spread 29, got 1 drops
Total number of curves 169579
Starting step 85
Analyzing 94 states in spread 19
Analyzing 808 states in spread 20
Analyzing 8677 states in spread 21
Analyzing 20000 states in spread 22
Analyzing 20000 states in spread 23
Analyzing 20000 states in spread 24
Analyzing 20000 states in spread 25
Analyzing 20000 states in spread 26
Analyzing 20000 states in spread 27
Analyzing 20000 states in spread 28
Analyzing 20000 states in spread 29
Finished step 85, minimal spread 19, max spread 30, got 0 drops
Total number of curves 185909
Starting step 86
Analyzing 14 states in spread 19
Analyzing 640 states in spread 20
Analyzing 5255 states in spread 21
Analyzing 20000 states in spread 22
Analyzing 20000 states in spread 23
Analyzing 20000 states in spread 24
Analyzing 20000 states in spread 25
Analyzing 20000 states in spread 26
Analyzing 20000 states in spread 27
Analyzing 20000 states in spread 28
Analyzing 20000 states in spread 29
Finished step 86, minimal spread 19, max spread 30, got 1 drops
Total number of curves 184189
Starting step 87
Analyzing 6 states in spread 19
Analyzing 195 states in spread 20
Analyzing 3988 states in spread 21
Analyzing 20000 states in spread 22
Analyzing 20000 states in spread 23
Analyzing 20000 states in spread 24
Analyzing 20000 states in spread 25
Analyzing 20000 states in spread 26
Analyzing 20000 states in spread 27
Analyzing 20000 states in spread 28
Analyzing 20000 states in spread 29
Finished step 87, minimal spread 18, max spread 30, got 1 drops
Total number of curves 181737
Starting step 88
Analyzing 1 states in spread 18
Analyzing 6 states in spread 19
Analyzing 93 states in spread 20
Analyzing 1637 states in spread 21
Analyzing 20000 states in spread 22
Analyzing 20000 states in spread 23
Analyzing 20000 states in spread 24
Analyzing 20000 states in spread 25
Analyzing 20000 states in spread 26
Analyzing 20000 states in spread 27
Analyzing 20000 states in spread 28
Analyzing 20000 states in spread 29
Finished step 88, minimal spread 17, max spread 30, got 5 drops
Total number of curves 170935
Starting step 89
Analyzing 1 states in spread 17
Analyzing 3 states in spread 18
Analyzing 8 states in spread 19
Analyzing 79 states in spread 20
Analyzing 864 states in spread 21
Analyzing 9980 states in spread 22
Analyzing 20000 states in spread 23
Analyzing 20000 states in spread 24
Analyzing 20000 states in spread 25
Analyzing 20000 states in spread 26
Analyzing 20000 states in spread 27
Analyzing 20000 states in spread 28
Analyzing 20000 states in spread 29
Finished step 89, minimal spread 17, max spread 30, got 0 drops
Total number of curves 166516
Starting step 90
Analyzing 1 states in spread 17
Analyzing 8 states in spread 18
Analyzing 20 states in spread 19
Analyzing 63 states in spread 20
Analyzing 675 states in spread 21
Analyzing 5749 states in spread 22
Analyzing 20000 states in spread 23
Analyzing 20000 states in spread 24
Analyzing 20000 states in spread 25
Analyzing 20000 states in spread 26
Analyzing 20000 states in spread 27
Analyzing 20000 states in spread 28
Analyzing 20000 states in spread 29
Analyzing 20000 states in spread 30
Finished step 90, minimal spread 18, max spread 31, got 2 drops
Total number of curves 185018
Starting step 91
Analyzing 9 states in spread 18
Analyzing 44 states in spread 19
Analyzing 124 states in spread 20
Analyzing 467 states in spread 21
Analyzing 4374 states in spread 22
Analyzing 20000 states in spread 23
Analyzing 20000 states in spread 24
Analyzing 20000 states in spread 25
Analyzing 20000 states in spread 26
Analyzing 20000 states in spread 27
Analyzing 20000 states in spread 28
Analyzing 20000 states in spread 29
Analyzing 20000 states in spread 30
Finished step 91, minimal spread 19, max spread 31, got 1 drops
Total number of curves 184010
Starting step 92
Analyzing 53 states in spread 19
Analyzing 235 states in spread 20
Analyzing 718 states in spread 21
Analyzing 3004 states in spread 22
Analyzing 20000 states in spread 23
Analyzing 20000 states in spread 24
Analyzing 20000 states in spread 25
Analyzing 20000 states in spread 26
Analyzing 20000 states in spread 27
Analyzing 20000 states in spread 28
Analyzing 20000 states in spread 29
Analyzing 20000 states in spread 30
Finished step 92, minimal spread 19, max spread 31, got 1 drops
Total number of curves 181797
Starting step 93
Analyzing 3 states in spread 19
Analyzing 281 states in spread 20
Analyzing 1226 states in spread 21
Analyzing 4011 states in spread 22
Analyzing 16276 states in spread 23
Analyzing 20000 states in spread 24
Analyzing 20000 states in spread 25
Analyzing 20000 states in spread 26
Analyzing 20000 states in spread 27
Analyzing 20000 states in spread 28
Analyzing 20000 states in spread 29
Analyzing 20000 states in spread 30
Finished step 93, minimal spread 19, max spread 31, got 1 drops
Total number of curves 187834
Starting step 94
Analyzing 1 states in spread 19
Analyzing 35 states in spread 20
Analyzing 1444 states in spread 21
Analyzing 6354 states in spread 22
Analyzing 20000 states in spread 23
Analyzing 20000 states in spread 24
Analyzing 20000 states in spread 25
Analyzing 20000 states in spread 26
Analyzing 20000 states in spread 27
Analyzing 20000 states in spread 28
Analyzing 20000 states in spread 29
Analyzing 20000 states in spread 30
Finished step 94, minimal spread 20, max spread 31, got 0 drops
Total number of curves 187686
Starting step 95
Analyzing 13 states in spread 20
Analyzing 268 states in spread 21
Analyzing 7405 states in spread 22
Analyzing 20000 states in spread 23
Analyzing 20000 states in spread 24
Analyzing 20000 states in spread 25
Analyzing 20000 states in spread 26
Analyzing 20000 states in spread 27
Analyzing 20000 states in spread 28
Analyzing 20000 states in spread 29
Analyzing 20000 states in spread 30
Finished step 95, minimal spread 20, max spread 31, got 0 drops
Total number of curves 181885
Starting step 96
Analyzing 4 states in spread 20
Analyzing 115 states in spread 21
Analyzing 1766 states in spread 22
Analyzing 20000 states in spread 23
Analyzing 20000 states in spread 24
Analyzing 20000 states in spread 25
Analyzing 20000 states in spread 26
Analyzing 20000 states in spread 27
Analyzing 20000 states in spread 28
Analyzing 20000 states in spread 29
Analyzing 20000 states in spread 30
Finished step 96, minimal spread 20, max spread 31, got 0 drops
Total number of curves 170548
Starting step 97
Analyzing 2 states in spread 20
Analyzing 51 states in spread 21
Analyzing 868 states in spread 22
Analyzing 9627 states in spread 23
Analyzing 20000 states in spread 24
Analyzing 20000 states in spread 25
Analyzing 20000 states in spread 26
Analyzing 20000 states in spread 27
Analyzing 20000 states in spread 28
Analyzing 20000 states in spread 29
Analyzing 20000 states in spread 30
Finished step 97, minimal spread 20, max spread 31, got 1 drops
Total number of curves 165725
Starting step 98
Analyzing 1 states in spread 20
Analyzing 22 states in spread 21
Analyzing 433 states in spread 22
Analyzing 5269 states in spread 23
Analyzing 20000 states in spread 24
Analyzing 20000 states in spread 25
Analyzing 20000 states in spread 26
Analyzing 20000 states in spread 27
Analyzing 20000 states in spread 28
Analyzing 20000 states in spread 29
Analyzing 20000 states in spread 30
Analyzing 20000 states in spread 31
Finished step 98, minimal spread 21, max spread 32, got 2 drops
Total number of curves 183065
Starting step 99
Analyzing 14 states in spread 21
Analyzing 197 states in spread 22
Analyzing 2854 states in spread 23
Analyzing 20000 states in spread 24
Analyzing 20000 states in spread 25
Analyzing 20000 states in spread 26
Analyzing 20000 states in spread 27
Analyzing 20000 states in spread 28
Analyzing 20000 states in spread 29
Analyzing 20000 states in spread 30
Analyzing 20000 states in spread 31
Finished step 99, minimal spread 21, max spread 32, got 0 drops
Total number of curves 176992
Starting step 100
Analyzing 6 states in spread 21
Analyzing 127 states in spread 22
Analyzing 1379 states in spread 23
Analyzing 15480 states in spread 24
Analyzing 20000 states in spread 25
Analyzing 20000 states in spread 26
Analyzing 20000 states in spread 27
Analyzing 20000 states in spread 28
Analyzing 20000 states in spread 29
Analyzing 20000 states in spread 30
Analyzing 20000 states in spread 31
Finished step 100, minimal spread 21, max spread 32, got 2 drops
Total number of curves 169141
Starting step 101
Analyzing 3 states in spread 21
Analyzing 81 states in spread 22
Analyzing 892 states in spread 23
Analyzing 8165 states in spread 24
Analyzing 20000 states in spread 25
Analyzing 20000 states in spread 26
Analyzing 20000 states in spread 27
Analyzing 20000 states in spread 28
Analyzing 20000 states in spread 29
Analyzing 20000 states in spread 30
Analyzing 20000 states in spread 31
Analyzing 20000 states in spread 32
Finished step 101, minimal spread 21, max spread 33, got 2 drops
Total number of curves 186119
Starting step 102
Analyzing 2 states in spread 21
Analyzing 42 states in spread 22
Analyzing 644 states in spread 23
Analyzing 5431 states in spread 24
Analyzing 20000 states in spread 25
Analyzing 20000 states in spread 26
Analyzing 20000 states in spread 27
Analyzing 20000 states in spread 28
Analyzing 20000 states in spread 29
Analyzing 20000 states in spread 30
Analyzing 20000 states in spread 31
Analyzing 20000 states in spread 32
Finished step 102, minimal spread 21, max spread 33, got 3 drops
Total number of curves 184491
Starting step 103
Analyzing 3 states in spread 21
Analyzing 31 states in spread 22
Analyzing 356 states in spread 23
Analyzing 4101 states in spread 24
Analyzing 20000 states in spread 25
Analyzing 20000 states in spread 26
Analyzing 20000 states in spread 27
Analyzing 20000 states in spread 28
Analyzing 20000 states in spread 29
Analyzing 20000 states in spread 30
Analyzing 20000 states in spread 31
Analyzing 20000 states in spread 32
Finished step 103, minimal spread 21, max spread 33, got 1 drops
Total number of curves 182698
Starting step 104
Analyzing 2 states in spread 21
Analyzing 31 states in spread 22
Analyzing 267 states in spread 23
Analyzing 2398 states in spread 24
Analyzing 20000 states in spread 25
Analyzing 20000 states in spread 26
Analyzing 20000 states in spread 27
Analyzing 20000 states in spread 28
Analyzing 20000 states in spread 29
Analyzing 20000 states in spread 30
Analyzing 20000 states in spread 31
Analyzing 20000 states in spread 32
Finished step 104, minimal spread 22, max spread 33, got 3 drops
Total number of curves 175470
Starting step 105
Analyzing 19 states in spread 22
Analyzing 221 states in spread 23
Analyzing 1834 states in spread 24
Analyzing 13396 states in spread 25
Analyzing 20000 states in spread 26
Analyzing 20000 states in spread 27
Analyzing 20000 states in spread 28
Analyzing 20000 states in spread 29
Analyzing 20000 states in spread 30
Analyzing 20000 states in spread 31
Analyzing 20000 states in spread 32
Finished step 105, minimal spread 22, max spread 33, got 4 drops
Total number of curves 172165
Starting step 106
Analyzing 8 states in spread 22
Analyzing 139 states in spread 23
Analyzing 1388 states in spread 24
Analyzing 10630 states in spread 25
Analyzing 20000 states in spread 26
Analyzing 20000 states in spread 27
Analyzing 20000 states in spread 28
Analyzing 20000 states in spread 29
Analyzing 20000 states in spread 30
Analyzing 20000 states in spread 31
Analyzing 20000 states in spread 32
Finished step 106, minimal spread 22, max spread 33, got 1 drops
Total number of curves 168903
Starting step 107
Analyzing 8 states in spread 22
Analyzing 84 states in spread 23
Analyzing 905 states in spread 24
Analyzing 7906 states in spread 25
Analyzing 20000 states in spread 26
Analyzing 20000 states in spread 27
Analyzing 20000 states in spread 28
Analyzing 20000 states in spread 29
Analyzing 20000 states in spread 30
Analyzing 20000 states in spread 31
Analyzing 20000 states in spread 32
Analyzing 20000 states in spread 33
Finished step 107, minimal spread 22, max spread 34, got 2 drops
Total number of curves 186101
Starting step 108
Analyzing 3 states in spread 22
Analyzing 80 states in spread 23
Analyzing 621 states in spread 24
Analyzing 5397 states in spread 25
Analyzing 20000 states in spread 26
Analyzing 20000 states in spread 27
Analyzing 20000 states in spread 28
Analyzing 20000 states in spread 29
Analyzing 20000 states in spread 30
Analyzing 20000 states in spread 31
Analyzing 20000 states in spread 32
Analyzing 20000 states in spread 33
Finished step 108, minimal spread 22, max spread 34, got 1 drops
Total number of curves 184518
Starting step 109
Analyzing 1 states in spread 22
Analyzing 32 states in spread 23
Analyzing 553 states in spread 24
Analyzing 3932 states in spread 25
Analyzing 20000 states in spread 26
Analyzing 20000 states in spread 27
Analyzing 20000 states in spread 28
Analyzing 20000 states in spread 29
Analyzing 20000 states in spread 30
Analyzing 20000 states in spread 31
Analyzing 20000 states in spread 32
Analyzing 20000 states in spread 33
Finished step 109, minimal spread 23, max spread 34, got 1 drops
Total number of curves 183625
Starting step 110
Analyzing 18 states in spread 23
Analyzing 236 states in spread 24
Analyzing 3371 states in spread 25
Analyzing 20000 states in spread 26
Analyzing 20000 states in spread 27
Analyzing 20000 states in spread 28
Analyzing 20000 states in spread 29
Analyzing 20000 states in spread 30
Analyzing 20000 states in spread 31
Analyzing 20000 states in spread 32
Analyzing 20000 states in spread 33
Finished step 110, minimal spread 23, max spread 34, got 1 drops
Total number of curves 179687
Starting step 111
Analyzing 2 states in spread 23
Analyzing 162 states in spread 24
Analyzing 1559 states in spread 25
Analyzing 17964 states in spread 26
Analyzing 20000 states in spread 27
Analyzing 20000 states in spread 28
Analyzing 20000 states in spread 29
Analyzing 20000 states in spread 30
Analyzing 20000 states in spread 31
Analyzing 20000 states in spread 32
Analyzing 20000 states in spread 33
Finished step 111, minimal spread 23, max spread 34, got 2 drops
Total number of curves 170270
Starting step 112
Analyzing 1 states in spread 23
Analyzing 36 states in spread 24
Analyzing 1130 states in spread 25
Analyzing 9103 states in spread 26
Analyzing 20000 states in spread 27
Analyzing 20000 states in spread 28
Analyzing 20000 states in spread 29
Analyzing 20000 states in spread 30
Analyzing 20000 states in spread 31
Analyzing 20000 states in spread 32
Analyzing 20000 states in spread 33
Finished step 112, minimal spread 24, max spread 34, got 0 drops
Total number of curves 167200
Starting step 113
Analyzing 17 states in spread 24
Analyzing 358 states in spread 25
Analyzing 6825 states in spread 26
Analyzing 20000 states in spread 27
Analyzing 20000 states in spread 28
Analyzing 20000 states in spread 29
Analyzing 20000 states in spread 30
Analyzing 20000 states in spread 31
Analyzing 20000 states in spread 32
Analyzing 20000 states in spread 33
Analyzing 20000 states in spread 34
Finished step 113, minimal spread 24, max spread 35, got 2 drops
Total number of curves 182836
Starting step 114
Analyzing 7 states in spread 24
Analyzing 190 states in spread 25
Analyzing 2639 states in spread 26
Analyzing 20000 states in spread 27
Analyzing 20000 states in spread 28
Analyzing 20000 states in spread 29
Analyzing 20000 states in spread 30
Analyzing 20000 states in spread 31
Analyzing 20000 states in spread 32
Analyzing 20000 states in spread 33
Analyzing 20000 states in spread 34
Finished step 114, minimal spread 23, max spread 35, got 3 drops
Total number of curves 175556
Starting step 115
Analyzing 1 states in spread 23
Analyzing 6 states in spread 24
Analyzing 102 states in spread 25
Analyzing 1470 states in spread 26
Analyzing 13977 states in spread 27
Analyzing 20000 states in spread 28
Analyzing 20000 states in spread 29
Analyzing 20000 states in spread 30
Analyzing 20000 states in spread 31
Analyzing 20000 states in spread 32
Analyzing 20000 states in spread 33
Analyzing 20000 states in spread 34
Finished step 115, minimal spread 23, max spread 35, got 2 drops
Total number of curves 169424
Starting step 116
Analyzing 1 states in spread 23
Analyzing 13 states in spread 24
Analyzing 58 states in spread 25
Analyzing 893 states in spread 26
Analyzing 8459 states in spread 27
Analyzing 20000 states in spread 28
Analyzing 20000 states in spread 29
Analyzing 20000 states in spread 30
Analyzing 20000 states in spread 31
Analyzing 20000 states in spread 32
Analyzing 20000 states in spread 33
Analyzing 20000 states in spread 34
Analyzing 20000 states in spread 35
Finished step 116, minimal spread 23, max spread 36, got 5 drops
Total number of curves 186268
Starting step 117
Analyzing 2 states in spread 23
Analyzing 12 states in spread 24
Analyzing 98 states in spread 25
Analyzing 486 states in spread 26
Analyzing 5670 states in spread 27
Analyzing 20000 states in spread 28
Analyzing 20000 states in spread 29
Analyzing 20000 states in spread 30
Analyzing 20000 states in spread 31
Analyzing 20000 states in spread 32
Analyzing 20000 states in spread 33
Analyzing 20000 states in spread 34
Analyzing 20000 states in spread 35
Finished step 117, minimal spread 23, max spread 36, got 5 drops
Total number of curves 183971
Starting step 118
Analyzing 1 states in spread 23
Analyzing 20 states in spread 24
Analyzing 89 states in spread 25
Analyzing 646 states in spread 26
Analyzing 3215 states in spread 27
Analyzing 20000 states in spread 28
Analyzing 20000 states in spread 29
Analyzing 20000 states in spread 30
Analyzing 20000 states in spread 31
Analyzing 20000 states in spread 32
Analyzing 20000 states in spread 33
Analyzing 20000 states in spread 34
Analyzing 20000 states in spread 35
Finished step 118, minimal spread 23, max spread 36, got 4 drops
Total number of curves 181332
Starting step 119
Analyzing 1 states in spread 23
Analyzing 10 states in spread 24
Analyzing 136 states in spread 25
Analyzing 574 states in spread 26
Analyzing 3783 states in spread 27
Analyzing 16828 states in spread 28
Analyzing 20000 states in spread 29
Analyzing 20000 states in spread 30
Analyzing 20000 states in spread 31
Analyzing 20000 states in spread 32
Analyzing 20000 states in spread 33
Analyzing 20000 states in spread 34
Analyzing 20000 states in spread 35
Finished step 119, minimal spread 24, max spread 36, got 1 drops
Total number of curves 184127
Starting step 120
Analyzing 7 states in spread 24
Analyzing 74 states in spread 25
Analyzing 810 states in spread 26
Analyzing 3334 states in spread 27
Analyzing 19902 states in spread 28
Analyzing 20000 states in spread 29
Analyzing 20000 states in spread 30
Analyzing 20000 states in spread 31
Analyzing 20000 states in spread 32
Analyzing 20000 states in spread 33
Analyzing 20000 states in spread 34
Analyzing 20000 states in spread 35
Finished step 120, minimal spread 25, max spread 36, got 0 drops
Total number of curves 182973
Starting step 121
Analyzing 49 states in spread 25
Analyzing 477 states in spread 26
Analyzing 4469 states in spread 27
Analyzing 17978 states in spread 28
Analyzing 20000 states in spread 29
Analyzing 20000 states in spread 30
Analyzing 20000 states in spread 31
Analyzing 20000 states in spread 32
Analyzing 20000 states in spread 33
Analyzing 20000 states in spread 34
Analyzing 20000 states in spread 35
Finished step 121, minimal spread 25, max spread 36, got 0 drops
Total number of curves 183108
Starting step 122
Analyzing 9 states in spread 25
Analyzing 319 states in spread 26
Analyzing 2780 states in spread 27
Analyzing 20000 states in spread 28
Analyzing 20000 states in spread 29
Analyzing 20000 states in spread 30
Analyzing 20000 states in spread 31
Analyzing 20000 states in spread 32
Analyzing 20000 states in spread 33
Analyzing 20000 states in spread 34
Analyzing 20000 states in spread 35
Finished step 122, minimal spread 25, max spread 36, got 1 drops
Total number of curves 177031
Starting step 123
Analyzing 3 states in spread 25
Analyzing 105 states in spread 26
Analyzing 1882 states in spread 27
Analyzing 15041 states in spread 28
Analyzing 20000 states in spread 29
Analyzing 20000 states in spread 30
Analyzing 20000 states in spread 31
Analyzing 20000 states in spread 32
Analyzing 20000 states in spread 33
Analyzing 20000 states in spread 34
Analyzing 20000 states in spread 35
Finished step 123, minimal spread 25, max spread 36, got 2 drops
Total number of curves 171324
Starting step 124
Analyzing 2 states in spread 25
Analyzing 39 states in spread 26
Analyzing 805 states in spread 27
Analyzing 10478 states in spread 28
Analyzing 20000 states in spread 29
Analyzing 20000 states in spread 30
Analyzing 20000 states in spread 31
Analyzing 20000 states in spread 32
Analyzing 20000 states in spread 33
Analyzing 20000 states in spread 34
Analyzing 20000 states in spread 35
Finished step 124, minimal spread 25, max spread 36, got 1 drops
Total number of curves 165584
Starting step 125
Analyzing 1 states in spread 25
Analyzing 25 states in spread 26
Analyzing 328 states in spread 27
Analyzing 5230 states in spread 28
Analyzing 20000 states in spread 29
Analyzing 20000 states in spread 30
Analyzing 20000 states in spread 31
Analyzing 20000 states in spread 32
Analyzing 20000 states in spread 33
Analyzing 20000 states in spread 34
Analyzing 20000 states in spread 35
Analyzing 20000 states in spread 36
Finished step 125, minimal spread 25, max spread 37, got 1 drops
Total number of curves 182581
Starting step 126
Analyzing 2 states in spread 25
Analyzing 10 states in spread 26
Analyzing 203 states in spread 27
Analyzing 2366 states in spread 28
Analyzing 20000 states in spread 29
Analyzing 20000 states in spread 30
Analyzing 20000 states in spread 31
Analyzing 20000 states in spread 32
Analyzing 20000 states in spread 33
Analyzing 20000 states in spread 34
Analyzing 20000 states in spread 35
Analyzing 20000 states in spread 36
Finished step 126, minimal spread 25, max spread 37, got 3 drops
Total number of curves 174656
Starting step 127
Analyzing 1 states in spread 25
Analyzing 15 states in spread 26
Analyzing 90 states in spread 27
Analyzing 1480 states in spread 28
Analyzing 13070 states in spread 29
Analyzing 20000 states in spread 30
Analyzing 20000 states in spread 31
Analyzing 20000 states in spread 32
Analyzing 20000 states in spread 33
Analyzing 20000 states in spread 34
Analyzing 20000 states in spread 35
Analyzing 20000 states in spread 36
Finished step 127, minimal spread 26, max spread 37, got 2 drops
Total number of curves 169501
Starting step 128
Analyzing 7 states in spread 26
Analyzing 97 states in spread 27
Analyzing 737 states in spread 28
Analyzing 8660 states in spread 29
Analyzing 20000 states in spread 30
Analyzing 20000 states in spread 31
Analyzing 20000 states in spread 32
Analyzing 20000 states in spread 33
Analyzing 20000 states in spread 34
Analyzing 20000 states in spread 35
Analyzing 20000 states in spread 36
Analyzing 20000 states in spread 37
Finished step 128, minimal spread 27, max spread 38, got 0 drops
Total number of curves 185421
Starting step 129
Analyzing 53 states in spread 27
Analyzing 623 states in spread 28
Analyzing 4745 states in spread 29
Analyzing 20000 states in spread 30
Analyzing 20000 states in spread 31
Analyzing 20000 states in spread 32
Analyzing 20000 states in spread 33
Analyzing 20000 states in spread 34
Analyzing 20000 states in spread 35
Analyzing 20000 states in spread 36
Analyzing 20000 states in spread 37
Finished step 129, minimal spread 27, max spread 38, got 1 drops
Total number of curves 184045
Starting step 130
Analyzing 7 states in spread 27
Analyzing 380 states in spread 28
Analyzing 3658 states in spread 29
Analyzing 20000 states in spread 30
Analyzing 20000 states in spread 31
Analyzing 20000 states in spread 32
Analyzing 20000 states in spread 33
Analyzing 20000 states in spread 34
Analyzing 20000 states in spread 35
Analyzing 20000 states in spread 36
Analyzing 20000 states in spread 37
Finished step 130, minimal spread 27, max spread 38, got 0 drops
Total number of curves 181277
Starting step 131
Analyzing 3 states in spread 27
Analyzing 104 states in spread 28
Analyzing 2429 states in spread 29
Analyzing 18741 states in spread 30
Analyzing 20000 states in spread 31
Analyzing 20000 states in spread 32
Analyzing 20000 states in spread 33
Analyzing 20000 states in spread 34
Analyzing 20000 states in spread 35
Analyzing 20000 states in spread 36
Analyzing 20000 states in spread 37
Finished step 131, minimal spread 28, max spread 38, got 1 drops
Total number of curves 174404
Starting step 132
Analyzing 58 states in spread 28
Analyzing 897 states in spread 29
Analyzing 13449 states in spread 30
Analyzing 20000 states in spread 31
Analyzing 20000 states in spread 32
Analyzing 20000 states in spread 33
Analyzing 20000 states in spread 34
Analyzing 20000 states in spread 35
Analyzing 20000 states in spread 36
Analyzing 20000 states in spread 37
Finished step 132, minimal spread 27, max spread 38, got 2 drops
Total number of curves 166332
Starting step 133
Analyzing 1 states in spread 27
Analyzing 16 states in spread 28
Analyzing 553 states in spread 29
Analyzing 5762 states in spread 30
Analyzing 20000 states in spread 31
Analyzing 20000 states in spread 32
Analyzing 20000 states in spread 33
Analyzing 20000 states in spread 34
Analyzing 20000 states in spread 35
Analyzing 20000 states in spread 36
Analyzing 20000 states in spread 37
Analyzing 20000 states in spread 38
Finished step 133, minimal spread 27, max spread 39, got 3 drops
Total number of curves 184043
Starting step 134
Analyzing 1 states in spread 27
Analyzing 17 states in spread 28
Analyzing 215 states in spread 29
Analyzing 3810 states in spread 30
Analyzing 20000 states in spread 31
Analyzing 20000 states in spread 32
Analyzing 20000 states in spread 33
Analyzing 20000 states in spread 34
Analyzing 20000 states in spread 35
Analyzing 20000 states in spread 36
Analyzing 20000 states in spread 37
Analyzing 20000 states in spread 38
Finished step 134, minimal spread 28, max spread 39, got 1 drops
Total number of curves 181643
Starting step 135
Analyzing 9 states in spread 28
Analyzing 162 states in spread 29
Analyzing 1793 states in spread 30
Analyzing 19679 states in spread 31
Analyzing 20000 states in spread 32
Analyzing 20000 states in spread 33
Analyzing 20000 states in spread 34
Analyzing 20000 states in spread 35
Analyzing 20000 states in spread 36
Analyzing 20000 states in spread 37
Analyzing 20000 states in spread 38
Finished step 135, minimal spread 28, max spread 39, got 1 drops
Total number of curves 172075
Starting step 136
Analyzing 2 states in spread 28
Analyzing 84 states in spread 29
Analyzing 1237 states in spread 30
Analyzing 10752 states in spread 31
Analyzing 20000 states in spread 32
Analyzing 20000 states in spread 33
Analyzing 20000 states in spread 34
Analyzing 20000 states in spread 35
Analyzing 20000 states in spread 36
Analyzing 20000 states in spread 37
Analyzing 20000 states in spread 38
Finished step 136, minimal spread 28, max spread 39, got 2 drops
Total number of curves 168310
Starting step 137
Analyzing 2 states in spread 28
Analyzing 33 states in spread 29
Analyzing 685 states in spread 30
Analyzing 7590 states in spread 31
Analyzing 20000 states in spread 32
Analyzing 20000 states in spread 33
Analyzing 20000 states in spread 34
Analyzing 20000 states in spread 35
Analyzing 20000 states in spread 36
Analyzing 20000 states in spread 37
Analyzing 20000 states in spread 38
Analyzing 20000 states in spread 39
Finished step 137, minimal spread 28, max spread 40, got 2 drops
Total number of curves 184840
Starting step 138
Analyzing 1 states in spread 28
Analyzing 29 states in spread 29
Analyzing 323 states in spread 30
Analyzing 4487 states in spread 31
Analyzing 20000 states in spread 32
Analyzing 20000 states in spread 33
Analyzing 20000 states in spread 34
Analyzing 20000 states in spread 35
Analyzing 20000 states in spread 36
Analyzing 20000 states in spread 37
Analyzing 20000 states in spread 38
Analyzing 20000 states in spread 39
Finished step 138, minimal spread 28, max spread 40, got 2 drops
Total number of curves 182648
Starting step 139
Analyzing 1 states in spread 28
Analyzing 14 states in spread 29
Analyzing 266 states in spread 30
Analyzing 2367 states in spread 31
Analyzing 20000 states in spread 32
Analyzing 20000 states in spread 33
Analyzing 20000 states in spread 34
Analyzing 20000 states in spread 35
Analyzing 20000 states in spread 36
Analyzing 20000 states in spread 37
Analyzing 20000 states in spread 38
Analyzing 20000 states in spread 39
Finished step 139, minimal spread 28, max spread 40, got 1 drops
Total number of curves 175357
Starting step 140
Analyzing 1 states in spread 28
Analyzing 11 states in spread 29
Analyzing 139 states in spread 30
Analyzing 1874 states in spread 31
Analyzing 13332 states in spread 32
Analyzing 20000 states in spread 33
Analyzing 20000 states in spread 34
Analyzing 20000 states in spread 35
Analyzing 20000 states in spread 36
Analyzing 20000 states in spread 37
Analyzing 20000 states in spread 38
Analyzing 20000 states in spread 39
Finished step 140, minimal spread 29, max spread 40, got 1 drops
Total number of curves 171998
Starting step 141
Analyzing 9 states in spread 29
Analyzing 94 states in spread 30
Analyzing 1071 states in spread 31
Analyzing 10824 states in spread 32
Analyzing 20000 states in spread 33
Analyzing 20000 states in spread 34
Analyzing 20000 states in spread 35
Analyzing 20000 states in spread 36
Analyzing 20000 states in spread 37
Analyzing 20000 states in spread 38
Analyzing 20000 states in spread 39
Finished step 141, minimal spread 30, max spread 40, got 2 drops
Total number of curves 167433
Starting step 142
Analyzing 71 states in spread 30
Analyzing 694 states in spread 31
Analyzing 6668 states in spread 32
Analyzing 20000 states in spread 33
Analyzing 20000 states in spread 34
Analyzing 20000 states in spread 35
Analyzing 20000 states in spread 36
Analyzing 20000 states in spread 37
Analyzing 20000 states in spread 38
Analyzing 20000 states in spread 39
Analyzing 20000 states in spread 40
Finished step 142, minimal spread 30, max spread 41, got 0 drops
Total number of curves 184891
Starting step 143
Analyzing 12 states in spread 30
Analyzing 507 states in spread 31
Analyzing 4372 states in spread 32
Analyzing 20000 states in spread 33
Analyzing 20000 states in spread 34
Analyzing 20000 states in spread 35
Analyzing 20000 states in spread 36
Analyzing 20000 states in spread 37
Analyzing 20000 states in spread 38
Analyzing 20000 states in spread 39
Analyzing 20000 states in spread 40
Finished step 143, minimal spread 30, max spread 41, got 0 drops
Total number of curves 183339
Starting step 144
Analyzing 9 states in spread 30
Analyzing 164 states in spread 31
Analyzing 3166 states in spread 32
Analyzing 20000 states in spread 33
Analyzing 20000 states in spread 34
Analyzing 20000 states in spread 35
Analyzing 20000 states in spread 36
Analyzing 20000 states in spread 37
Analyzing 20000 states in spread 38
Analyzing 20000 states in spread 39
Analyzing 20000 states in spread 40
Finished step 144, minimal spread 30, max spread 41, got 0 drops
Total number of curves 178421
Starting step 145
Analyzing 3 states in spread 30
Analyzing 101 states in spread 31
Analyzing 1373 states in spread 32
Analyzing 16944 states in spread 33
Analyzing 20000 states in spread 34
Analyzing 20000 states in spread 35
Analyzing 20000 states in spread 36
Analyzing 20000 states in spread 37
Analyzing 20000 states in spread 38
Analyzing 20000 states in spread 39
Analyzing 20000 states in spread 40
Finished step 145, minimal spread 30, max spread 41, got 2 drops
Total number of curves 169504
Starting step 146
Analyzing 3 states in spread 30
Analyzing 39 states in spread 31
Analyzing 832 states in spread 32
Analyzing 8630 states in spread 33
Analyzing 20000 states in spread 34
Analyzing 20000 states in spread 35
Analyzing 20000 states in spread 36
Analyzing 20000 states in spread 37
Analyzing 20000 states in spread 38
Analyzing 20000 states in spread 39
Analyzing 20000 states in spread 40
Analyzing 20000 states in spread 41
Finished step 146, minimal spread 30, max spread 42, got 0 drops
Total number of curves 185847
Starting step 147
Analyzing 1 states in spread 30
Analyzing 40 states in spread 31
Analyzing 369 states in spread 32
Analyzing 5437 states in spread 33
Analyzing 20000 states in spread 34
Analyzing 20000 states in spread 35
Analyzing 20000 states in spread 36
Analyzing 20000 states in spread 37
Analyzing 20000 states in spread 38
Analyzing 20000 states in spread 39
Analyzing 20000 states in spread 40
Analyzing 20000 states in spread 41
Finished step 147, minimal spread 30, max spread 42, got 0 drops
Total number of curves 183052
Starting step 148
Analyzing 1 states in spread 30
Analyzing 19 states in spread 31
Analyzing 337 states in spread 32
Analyzing 2695 states in spread 33
Analyzing 20000 states in spread 34
Analyzing 20000 states in spread 35
Analyzing 20000 states in spread 36
Analyzing 20000 states in spread 37
Analyzing 20000 states in spread 38
Analyzing 20000 states in spread 39
Analyzing 20000 states in spread 40
Analyzing 20000 states in spread 41
Finished step 148, minimal spread 31, max spread 42, got 3 drops
Total number of curves 177152
Starting step 149
Analyzing 18 states in spread 31
Analyzing 199 states in spread 32
Analyzing 2265 states in spread 33
Analyzing 14670 states in spread 34
Analyzing 20000 states in spread 35
Analyzing 20000 states in spread 36
Analyzing 20000 states in spread 37
Analyzing 20000 states in spread 38
Analyzing 20000 states in spread 39
Analyzing 20000 states in spread 40
Analyzing 20000 states in spread 41
Finished step 149, minimal spread 31, max spread 42, got 6 drops
Total number of curves 174300
Starting step 150
Analyzing 9 states in spread 31
Analyzing 174 states in spread 32
Analyzing 1478 states in spread 33
Analyzing 12639 states in spread 34
Analyzing 20000 states in spread 35
Analyzing 20000 states in spread 36
Analyzing 20000 states in spread 37
Analyzing 20000 states in spread 38
Analyzing 20000 states in spread 39
Analyzing 20000 states in spread 40
Analyzing 20000 states in spread 41
Finished step 150, minimal spread 31, max spread 42, got 2 drops
Total number of curves 170225
Starting step 151
Analyzing 3 states in spread 31
Analyzing 108 states in spread 32
Analyzing 1226 states in spread 33
Analyzing 8888 states in spread 34
Analyzing 20000 states in spread 35
Analyzing 20000 states in spread 36
Analyzing 20000 states in spread 37
Analyzing 20000 states in spread 38
Analyzing 20000 states in spread 39
Analyzing 20000 states in spread 40
Analyzing 20000 states in spread 41
Finished step 151, minimal spread 31, max spread 42, got 3 drops
Total number of curves 168252
Starting step 152
Analyzing 1 states in spread 31
Analyzing 42 states in spread 32
Analyzing 803 states in spread 33
Analyzing 7406 states in spread 34
Analyzing 20000 states in spread 35
Analyzing 20000 states in spread 36
Analyzing 20000 states in spread 37
Analyzing 20000 states in spread 38
Analyzing 20000 states in spread 39
Analyzing 20000 states in spread 40
Analyzing 20000 states in spread 41
Analyzing 20000 states in spread 42
Finished step 152, minimal spread 32, max spread 43, got 1 drops
Total number of curves 185376
Starting step 153
Analyzing 24 states in spread 32
Analyzing 357 states in spread 33
Analyzing 4995 states in spread 34
Analyzing 20000 states in spread 35
Analyzing 20000 states in spread 36
Analyzing 20000 states in spread 37
Analyzing 20000 states in spread 38
Analyzing 20000 states in spread 39
Analyzing 20000 states in spread 40
Analyzing 20000 states in spread 41
Analyzing 20000 states in spread 42
Finished step 153, minimal spread 32, max spread 43, got 0 drops
Total number of curves 182706
Starting step 154
Analyzing 5 states in spread 32
Analyzing 235 states in spread 33
Analyzing 2466 states in spread 34
Analyzing 20000 states in spread 35
Analyzing 20000 states in spread 36
Analyzing 20000 states in spread 37
Analyzing 20000 states in spread 38
Analyzing 20000 states in spread 39
Analyzing 20000 states in spread 40
Analyzing 20000 states in spread 41
Analyzing 20000 states in spread 42
Finished step 154, minimal spread 32, max spread 43, got 1 drops
Total number of curves 174915
Starting step 155
Analyzing 3 states in spread 32
Analyzing 92 states in spread 33
Analyzing 1682 states in spread 34
Analyzing 13138 states in spread 35
Analyzing 20000 states in spread 36
Analyzing 20000 states in spread 37
Analyzing 20000 states in spread 38
Analyzing 20000 states in spread 39
Analyzing 20000 states in spread 40
Analyzing 20000 states in spread 41
Analyzing 20000 states in spread 42
Finished step 155, minimal spread 32, max spread 43, got 0 drops
Total number of curves 170490
Starting step 156
Analyzing 2 states in spread 32
Analyzing 50 states in spread 33
Analyzing 834 states in spread 34
Analyzing 9604 states in spread 35
Analyzing 20000 states in spread 36
Analyzing 20000 states in spread 37
Analyzing 20000 states in spread 38
Analyzing 20000 states in spread 39
Analyzing 20000 states in spread 40
Analyzing 20000 states in spread 41
Analyzing 20000 states in spread 42
Finished step 156, minimal spread 32, max spread 43, got 2 drops
Total number of curves 165866
Starting step 157
Analyzing 1 states in spread 32
Analyzing 34 states in spread 33
Analyzing 443 states in spread 34
Analyzing 5388 states in spread 35
Analyzing 20000 states in spread 36
Analyzing 20000 states in spread 37
Analyzing 20000 states in spread 38
Analyzing 20000 states in spread 39
Analyzing 20000 states in spread 40
Analyzing 20000 states in spread 41
Analyzing 20000 states in spread 42
Analyzing 20000 states in spread 43
Finished step 157, minimal spread 32, max spread 44, got 2 drops
Total number of curves 183273
Starting step 158
Analyzing 1 states in spread 32
Analyzing 18 states in spread 33
Analyzing 305 states in spread 34
Analyzing 2949 states in spread 35
Analyzing 20000 states in spread 36
Analyzing 20000 states in spread 37
Analyzing 20000 states in spread 38
Analyzing 20000 states in spread 39
Analyzing 20000 states in spread 40
Analyzing 20000 states in spread 41
Analyzing 20000 states in spread 42
Analyzing 20000 states in spread 43
Finished step 158, minimal spread 32, max spread 44, got 2 drops
Total number of curves 177631
Starting step 159
Analyzing 1 states in spread 32
Analyzing 15 states in spread 33
Analyzing 168 states in spread 34
Analyzing 2036 states in spread 35
Analyzing 15411 states in spread 36
Analyzing 20000 states in spread 37
Analyzing 20000 states in spread 38
Analyzing 20000 states in spread 39
Analyzing 20000 states in spread 40
Analyzing 20000 states in spread 41
Analyzing 20000 states in spread 42
Analyzing 20000 states in spread 43
Finished step 159, minimal spread 33, max spread 44, got 1 drops
Total number of curves 172589
Starting step 160
Analyzing 12 states in spread 33
Analyzing 136 states in spread 34
Analyzing 1164 states in spread 35
Analyzing 11277 states in spread 36
Analyzing 20000 states in spread 37
Analyzing 20000 states in spread 38
Analyzing 20000 states in spread 39
Analyzing 20000 states in spread 40
Analyzing 20000 states in spread 41
Analyzing 20000 states in spread 42
Analyzing 20000 states in spread 43
Finished step 160, minimal spread 33, max spread 44, got 0 drops
Total number of curves 167874
Starting step 161
Analyzing 2 states in spread 33
Analyzing 96 states in spread 34
Analyzing 1000 states in spread 35
Analyzing 6776 states in spread 36
Analyzing 20000 states in spread 37
Analyzing 20000 states in spread 38
Analyzing 20000 states in spread 39
Analyzing 20000 states in spread 40
Analyzing 20000 states in spread 41
Analyzing 20000 states in spread 42
Analyzing 20000 states in spread 43
Analyzing 20000 states in spread 44
Finished step 161, minimal spread 33, max spread 45, got 0 drops
Total number of curves 186837
Starting step 162
Analyzing 1 states in spread 33
Analyzing 25 states in spread 34
Analyzing 659 states in spread 35
Analyzing 6152 states in spread 36
Analyzing 20000 states in spread 37
Analyzing 20000 states in spread 38
Analyzing 20000 states in spread 39
Analyzing 20000 states in spread 40
Analyzing 20000 states in spread 41
Analyzing 20000 states in spread 42
Analyzing 20000 states in spread 43
Analyzing 20000 states in spread 44
Finished step 162, minimal spread 34, max spread 45, got 1 drops
Total number of curves 184270
Starting step 163
Analyzing 18 states in spread 34
Analyzing 237 states in spread 35
Analyzing 4015 states in spread 36
Analyzing 20000 states in spread 37
Analyzing 20000 states in spread 38
Analyzing 20000 states in spread 39
Analyzing 20000 states in spread 40
Analyzing 20000 states in spread 41
Analyzing 20000 states in spread 42
Analyzing 20000 states in spread 43
Analyzing 20000 states in spread 44
Finished step 163, minimal spread 34, max spread 45, got 2 drops
Total number of curves 181949
Starting step 164
Analyzing 9 states in spread 34
Analyzing 169 states in spread 35
Analyzing 1771 states in spread 36
Analyzing 20000 states in spread 37
Analyzing 20000 states in spread 38
Analyzing 20000 states in spread 39
Analyzing 20000 states in spread 40
Analyzing 20000 states in spread 41
Analyzing 20000 states in spread 42
Analyzing 20000 states in spread 43
Analyzing 20000 states in spread 44
Finished step 164, minimal spread 34, max spread 45, got 0 drops
Total number of curves 171739
Starting step 165
Analyzing 4 states in spread 34
Analyzing 107 states in spread 35
Analyzing 1235 states in spread 36
Analyzing 10393 states in spread 37
Analyzing 20000 states in spread 38
Analyzing 20000 states in spread 39
Analyzing 20000 states in spread 40
Analyzing 20000 states in spread 41
Analyzing 20000 states in spread 42
Analyzing 20000 states in spread 43
Analyzing 20000 states in spread 44
Finished step 165, minimal spread 35, max spread 45, got 1 drops
Total number of curves 168366
Starting step 166
Analyzing 48 states in spread 35
Analyzing 868 states in spread 36
Analyzing 7450 states in spread 37
Analyzing 20000 states in spread 38
Analyzing 20000 states in spread 39
Analyzing 20000 states in spread 40
Analyzing 20000 states in spread 41
Analyzing 20000 states in spread 42
Analyzing 20000 states in spread 43
Analyzing 20000 states in spread 44
Analyzing 20000 states in spread 45
Finished step 166, minimal spread 35, max spread 46, got 1 drops
Total number of curves 186030
Starting step 167
Analyzing 8 states in spread 35
Analyzing 410 states in spread 36
Analyzing 5612 states in spread 37
Analyzing 20000 states in spread 38
Analyzing 20000 states in spread 39
Analyzing 20000 states in spread 40
Analyzing 20000 states in spread 41
Analyzing 20000 states in spread 42
Analyzing 20000 states in spread 43
Analyzing 20000 states in spread 44
Analyzing 20000 states in spread 45
Finished step 167, minimal spread 34, max spread 46, got 1 drops
Total number of curves 183017
Starting step 168
Analyzing 1 states in spread 34
Analyzing 6 states in spread 35
Analyzing 137 states in spread 36
Analyzing 2873 states in spread 37
Analyzing 20000 states in spread 38
Analyzing 20000 states in spread 39
Analyzing 20000 states in spread 40
Analyzing 20000 states in spread 41
Analyzing 20000 states in spread 42
Analyzing 20000 states in spread 43
Analyzing 20000 states in spread 44
Analyzing 20000 states in spread 45
Finished step 168, minimal spread 35, max spread 46, got 0 drops
Total number of curves 176926
Starting step 169
Analyzing 10 states in spread 35
Analyzing 91 states in spread 36
Analyzing 1318 states in spread 37
Analyzing 15507 states in spread 38
Analyzing 20000 states in spread 39
Analyzing 20000 states in spread 40
Analyzing 20000 states in spread 41
Analyzing 20000 states in spread 42
Analyzing 20000 states in spread 43
Analyzing 20000 states in spread 44
Analyzing 20000 states in spread 45
Finished step 169, minimal spread 36, max spread 46, got 0 drops
Total number of curves 169283
Starting step 170
Analyzing 88 states in spread 36
Analyzing 854 states in spread 37
Analyzing 8341 states in spread 38
Analyzing 20000 states in spread 39
Analyzing 20000 states in spread 40
Analyzing 20000 states in spread 41
Analyzing 20000 states in spread 42
Analyzing 20000 states in spread 43
Analyzing 20000 states in spread 44
Analyzing 20000 states in spread 45
Analyzing 20000 states in spread 46
Finished step 170, minimal spread 36, max spread 47, got 2 drops
Total number of curves 186288
Starting step 171
Analyzing 13 states in spread 36
Analyzing 690 states in spread 37
Analyzing 5585 states in spread 38
Analyzing 20000 states in spread 39
Analyzing 20000 states in spread 40
Analyzing 20000 states in spread 41
Analyzing 20000 states in spread 42
Analyzing 20000 states in spread 43
Analyzing 20000 states in spread 44
Analyzing 20000 states in spread 45
Analyzing 20000 states in spread 46
Finished step 171, minimal spread 36, max spread 47, got 3 drops
Total number of curves 184620
Starting step 172
Analyzing 12 states in spread 36
Analyzing 181 states in spread 37
Analyzing 4427 states in spread 38
Analyzing 20000 states in spread 39
Analyzing 20000 states in spread 40
Analyzing 20000 states in spread 41
Analyzing 20000 states in spread 42
Analyzing 20000 states in spread 43
Analyzing 20000 states in spread 44
Analyzing 20000 states in spread 45
Analyzing 20000 states in spread 46
Finished step 172, minimal spread 35, max spread 47, got 3 drops
Total number of curves 181692
Starting step 173
Analyzing 1 states in spread 35
Analyzing 6 states in spread 36
Analyzing 141 states in spread 37
Analyzing 1544 states in spread 38
Analyzing 20000 states in spread 39
Analyzing 20000 states in spread 40
Analyzing 20000 states in spread 41
Analyzing 20000 states in spread 42
Analyzing 20000 states in spread 43
Analyzing 20000 states in spread 44
Analyzing 20000 states in spread 45
Analyzing 20000 states in spread 46
Finished step 173, minimal spread 35, max spread 47, got 2 drops
Total number of curves 170819
Starting step 174
Analyzing 2 states in spread 35
Analyzing 11 states in spread 36
Analyzing 69 states in spread 37
Analyzing 1172 states in spread 38
Analyzing 9565 states in spread 39
Analyzing 20000 states in spread 40
Analyzing 20000 states in spread 41
Analyzing 20000 states in spread 42
Analyzing 20000 states in spread 43
Analyzing 20000 states in spread 44
Analyzing 20000 states in spread 45
Analyzing 20000 states in spread 46
Finished step 174, minimal spread 35, max spread 47, got 3 drops
Total number of curves 168190
Starting step 175
Analyzing 1 states in spread 35
Analyzing 15 states in spread 36
Analyzing 83 states in spread 37
Analyzing 624 states in spread 38
Analyzing 7467 states in spread 39
Analyzing 20000 states in spread 40
Analyzing 20000 states in spread 41
Analyzing 20000 states in spread 42
Analyzing 20000 states in spread 43
Analyzing 20000 states in spread 44
Analyzing 20000 states in spread 45
Analyzing 20000 states in spread 46
Analyzing 20000 states in spread 47
Finished step 175, minimal spread 35, max spread 48, got 0 drops
Total number of curves 184995
Starting step 176
Analyzing 1 states in spread 35
Analyzing 6 states in spread 36
Analyzing 94 states in spread 37
Analyzing 581 states in spread 38
Analyzing 4313 states in spread 39
Analyzing 20000 states in spread 40
Analyzing 20000 states in spread 41
Analyzing 20000 states in spread 42
Analyzing 20000 states in spread 43
Analyzing 20000 states in spread 44
Analyzing 20000 states in spread 45
Analyzing 20000 states in spread 46
Analyzing 20000 states in spread 47
Finished step 176, minimal spread 36, max spread 48, got 1 drops
Total number of curves 184312
Starting step 177
Analyzing 11 states in spread 36
Analyzing 38 states in spread 37
Analyzing 573 states in spread 38
Analyzing 3690 states in spread 39
Analyzing 20000 states in spread 40
Analyzing 20000 states in spread 41
Analyzing 20000 states in spread 42
Analyzing 20000 states in spread 43
Analyzing 20000 states in spread 44
Analyzing 20000 states in spread 45
Analyzing 20000 states in spread 46
Analyzing 20000 states in spread 47
Finished step 177, minimal spread 37, max spread 48, got 0 drops
Total number of curves 183516
Starting step 178
Analyzing 79 states in spread 37
Analyzing 259 states in spread 38
Analyzing 3345 states in spread 39
Analyzing 19833 states in spread 40
Analyzing 20000 states in spread 41
Analyzing 20000 states in spread 42
Analyzing 20000 states in spread 43
Analyzing 20000 states in spread 44
Analyzing 20000 states in spread 45
Analyzing 20000 states in spread 46
Analyzing 20000 states in spread 47
Finished step 178, minimal spread 37, max spread 48, got 2 drops
Total number of curves 180182
Starting step 179
Analyzing 4 states in spread 37
Analyzing 476 states in spread 38
Analyzing 1685 states in spread 39
Analyzing 18017 states in spread 40
Analyzing 20000 states in spread 41
Analyzing 20000 states in spread 42
Analyzing 20000 states in spread 43
Analyzing 20000 states in spread 44
Analyzing 20000 states in spread 45
Analyzing 20000 states in spread 46
Analyzing 20000 states in spread 47
Finished step 179, minimal spread 37, max spread 48, got 2 drops
Total number of curves 172644
Starting step 180
Analyzing 3 states in spread 37
Analyzing 52 states in spread 38
Analyzing 2696 states in spread 39
Analyzing 9893 states in spread 40
Analyzing 20000 states in spread 41
Analyzing 20000 states in spread 42
Analyzing 20000 states in spread 43
Analyzing 20000 states in spread 44
Analyzing 20000 states in spread 45
Analyzing 20000 states in spread 46
Analyzing 20000 states in spread 47
Finished step 180, minimal spread 37, max spread 48, got 3 drops
Total number of curves 175062
Starting step 181
Analyzing 1 states in spread 37
Analyzing 33 states in spread 38
Analyzing 459 states in spread 39
Analyzing 14569 states in spread 40
Analyzing 20000 states in spread 41
Analyzing 20000 states in spread 42
Analyzing 20000 states in spread 43
Analyzing 20000 states in spread 44
Analyzing 20000 states in spread 45
Analyzing 20000 states in spread 46
Analyzing 20000 states in spread 47
Finished step 181, minimal spread 37, max spread 48, got 1 drops
Total number of curves 163633
Starting step 182
Analyzing 1 states in spread 37
Analyzing 14 states in spread 38
Analyzing 279 states in spread 39
Analyzing 3339 states in spread 40
Analyzing 20000 states in spread 41
Analyzing 20000 states in spread 42
Analyzing 20000 states in spread 43
Analyzing 20000 states in spread 44
Analyzing 20000 states in spread 45
Analyzing 20000 states in spread 46
Analyzing 20000 states in spread 47
Analyzing 20000 states in spread 48
Finished step 182, minimal spread 37, max spread 49, got 0 drops
Total number of curves 179712
Starting step 183
Analyzing 1 states in spread 37
Analyzing 8 states in spread 38
Analyzing 137 states in spread 39
Analyzing 2094 states in spread 40
Analyzing 17472 states in spread 41
Analyzing 20000 states in spread 42
Analyzing 20000 states in spread 43
Analyzing 20000 states in spread 44
Analyzing 20000 states in spread 45
Analyzing 20000 states in spread 46
Analyzing 20000 states in spread 47
Analyzing 20000 states in spread 48
Finished step 183, minimal spread 38, max spread 49, got 1 drops
Total number of curves 173037
Starting step 184
Analyzing 10 states in spread 38
Analyzing 73 states in spread 39
Analyzing 1100 states in spread 40
Analyzing 11854 states in spread 41
Analyzing 20000 states in spread 42
Analyzing 20000 states in spread 43
Analyzing 20000 states in spread 44
Analyzing 20000 states in spread 45
Analyzing 20000 states in spread 46
Analyzing 20000 states in spread 47
Analyzing 20000 states in spread 48
Finished step 184, minimal spread 38, max spread 49, got 2 drops
Total number of curves 167572
Starting step 185
Analyzing 3 states in spread 38
Analyzing 82 states in spread 39
Analyzing 651 states in spread 40
Analyzing 6836 states in spread 41
Analyzing 20000 states in spread 42
Analyzing 20000 states in spread 43
Analyzing 20000 states in spread 44
Analyzing 20000 states in spread 45
Analyzing 20000 states in spread 46
Analyzing 20000 states in spread 47
Analyzing 20000 states in spread 48
Analyzing 20000 states in spread 49
Finished step 185, minimal spread 38, max spread 50, got 2 drops
Total number of curves 185039
Starting step 186
Analyzing 3 states in spread 38
Analyzing 39 states in spread 39
Analyzing 626 states in spread 40
Analyzing 4371 states in spread 41
Analyzing 20000 states in spread 42
Analyzing 20000 states in spread 43
Analyzing 20000 states in spread 44
Analyzing 20000 states in spread 45
Analyzing 20000 states in spread 46
Analyzing 20000 states in spread 47
Analyzing 20000 states in spread 48
Analyzing 20000 states in spread 49
Finished step 186, minimal spread 38, max spread 50, got 1 drops
Total number of curves 184363
Starting step 187
Analyzing 1 states in spread 38
Analyzing 34 states in spread 39
Analyzing 343 states in spread 40
Analyzing 3985 states in spread 41
Analyzing 20000 states in spread 42
Analyzing 20000 states in spread 43
Analyzing 20000 states in spread 44
Analyzing 20000 states in spread 45
Analyzing 20000 states in spread 46
Analyzing 20000 states in spread 47
Analyzing 20000 states in spread 48
Analyzing 20000 states in spread 49
Finished step 187, minimal spread 38, max spread 50, got 1 drops
Total number of curves 182682
Starting step 188
Analyzing 1 states in spread 38
Analyzing 15 states in spread 39
Analyzing 269 states in spread 40
Analyzing 2397 states in spread 41
Analyzing 20000 states in spread 42
Analyzing 20000 states in spread 43
Analyzing 20000 states in spread 44
Analyzing 20000 states in spread 45
Analyzing 20000 states in spread 46
Analyzing 20000 states in spread 47
Analyzing 20000 states in spread 48
Analyzing 20000 states in spread 49
Finished step 188, minimal spread 39, max spread 50, got 1 drops
Total number of curves 175478
Starting step 189
Analyzing 15 states in spread 39
Analyzing 141 states in spread 40
Analyzing 1788 states in spread 41
Analyzing 13534 states in spread 42
Analyzing 20000 states in spread 43
Analyzing 20000 states in spread 44
Analyzing 20000 states in spread 45
Analyzing 20000 states in spread 46
Analyzing 20000 states in spread 47
Analyzing 20000 states in spread 48
Analyzing 20000 states in spread 49
Finished step 189, minimal spread 39, max spread 50, got 0 drops
Total number of curves 171382
Starting step 190
Analyzing 3 states in spread 39
Analyzing 132 states in spread 40
Analyzing 1014 states in spread 41
Analyzing 10233 states in spread 42
Analyzing 20000 states in spread 43
Analyzing 20000 states in spread 44
Analyzing 20000 states in spread 45
Analyzing 20000 states in spread 46
Analyzing 20000 states in spread 47
Analyzing 20000 states in spread 48
Analyzing 20000 states in spread 49
Finished step 190, minimal spread 39, max spread 50, got 1 drops
Total number of curves 167066
Starting step 191
Analyzing 3 states in spread 39
Analyzing 46 states in spread 40
Analyzing 901 states in spread 41
Analyzing 6116 states in spread 42
Analyzing 20000 states in spread 43
Analyzing 20000 states in spread 44
Analyzing 20000 states in spread 45
Analyzing 20000 states in spread 46
Analyzing 20000 states in spread 47
Analyzing 20000 states in spread 48
Analyzing 20000 states in spread 49
Analyzing 20000 states in spread 50
Finished step 191, minimal spread 39, max spread 51, got 1 drops
Total number of curves 185876
Starting step 192
Analyzing 2 states in spread 39
Analyzing 37 states in spread 40
Analyzing 398 states in spread 41
Analyzing 5439 states in spread 42
Analyzing 20000 states in spread 43
Analyzing 20000 states in spread 44
Analyzing 20000 states in spread 45
Analyzing 20000 states in spread 46
Analyzing 20000 states in spread 47
Analyzing 20000 states in spread 48
Analyzing 20000 states in spread 49
Analyzing 20000 states in spread 50
Finished step 192, minimal spread 39, max spread 51, got 3 drops
Total number of curves 183009
Starting step 193
Analyzing 3 states in spread 39
Analyzing 22 states in spread 40
Analyzing 290 states in spread 41
Analyzing 2694 states in spread 42
Analyzing 20000 states in spread 43
Analyzing 20000 states in spread 44
Analyzing 20000 states in spread 45
Analyzing 20000 states in spread 46
Analyzing 20000 states in spread 47
Analyzing 20000 states in spread 48
Analyzing 20000 states in spread 49
Analyzing 20000 states in spread 50
Finished step 193, minimal spread 39, max spread 51, got 1 drops
Total number of curves 176266
Starting step 194
Analyzing 2 states in spread 39
Analyzing 30 states in spread 40
Analyzing 170 states in spread 41
Analyzing 1898 states in spread 42
Analyzing 14166 states in spread 43
Analyzing 20000 states in spread 44
Analyzing 20000 states in spread 45
Analyzing 20000 states in spread 46
Analyzing 20000 states in spread 47
Analyzing 20000 states in spread 48
Analyzing 20000 states in spread 49
Analyzing 20000 states in spread 50
Finished step 194, minimal spread 39, max spread 51, got 2 drops
Total number of curves 171865
Starting step 195
Analyzing 1 states in spread 39
Analyzing 21 states in spread 40
Analyzing 204 states in spread 41
Analyzing 1166 states in spread 42
Analyzing 10473 states in spread 43
Analyzing 20000 states in spread 44
Analyzing 20000 states in spread 45
Analyzing 20000 states in spread 46
Analyzing 20000 states in spread 47
Analyzing 20000 states in spread 48
Analyzing 20000 states in spread 49
Analyzing 20000 states in spread 50
Finished step 195, minimal spread 39, max spread 51, got 1 drops
Total number of curves 168269
Starting step 196
Analyzing 1 states in spread 39
Analyzing 15 states in spread 40
Analyzing 136 states in spread 41
Analyzing 1224 states in spread 42
Analyzing 6893 states in spread 43
Analyzing 20000 states in spread 44
Analyzing 20000 states in spread 45
Analyzing 20000 states in spread 46
Analyzing 20000 states in spread 47
Analyzing 20000 states in spread 48
Analyzing 20000 states in spread 49
Analyzing 20000 states in spread 50
Analyzing 20000 states in spread 51
Finished step 196, minimal spread 39, max spread 52, got 0 drops
Total number of curves 187765
Starting step 197
Analyzing 1 states in spread 39
Analyzing 14 states in spread 40
Analyzing 109 states in spread 41
Analyzing 805 states in spread 42
Analyzing 6836 states in spread 43
Analyzing 20000 states in spread 44
Analyzing 20000 states in spread 45
Analyzing 20000 states in spread 46
Analyzing 20000 states in spread 47
Analyzing 20000 states in spread 48
Analyzing 20000 states in spread 49
Analyzing 20000 states in spread 50
Analyzing 20000 states in spread 51
Finished step 197, minimal spread 39, max spread 52, got 2 drops
Total number of curves 185359
Starting step 198
Analyzing 1 states in spread 39
Analyzing 12 states in spread 40
Analyzing 99 states in spread 41
Analyzing 689 states in spread 42
Analyzing 4558 states in spread 43
Analyzing 20000 states in spread 44
Analyzing 20000 states in spread 45
Analyzing 20000 states in spread 46
Analyzing 20000 states in spread 47
Analyzing 20000 states in spread 48
Analyzing 20000 states in spread 49
Analyzing 20000 states in spread 50
Analyzing 20000 states in spread 51
Finished step 198, minimal spread 40, max spread 52, got 0 drops
Total number of curves 184756
Starting step 199
Analyzing 10 states in spread 40
Analyzing 88 states in spread 41
Analyzing 591 states in spread 42
Analyzing 4067 states in spread 43
Analyzing 20000 states in spread 44
Analyzing 20000 states in spread 45
Analyzing 20000 states in spread 46
Analyzing 20000 states in spread 47
Analyzing 20000 states in spread 48
Analyzing 20000 states in spread 49
Analyzing 20000 states in spread 50
Analyzing 20000 states in spread 51
Finished step 199, minimal spread 40, max spread 52, got 0 drops
Total number of curves 183952
Starting step 200
Analyzing 2 states in spread 40
Analyzing 74 states in spread 41
Analyzing 533 states in spread 42
Analyzing 3343 states in spread 43
Analyzing 20000 states in spread 44
Analyzing 20000 states in spread 45
Analyzing 20000 states in spread 46
Analyzing 20000 states in spread 47
Analyzing 20000 states in spread 48
Analyzing 20000 states in spread 49
Analyzing 20000 states in spread 50
Analyzing 20000 states in spread 51
Finished step 200, minimal spread 40, max spread 52, got 0 drops
Total number of curves 181055
Starting step 201
Analyzing 1 states in spread 40
Analyzing 28 states in spread 41
Analyzing 452 states in spread 42
Analyzing 3005 states in spread 43
Analyzing 17569 states in spread 44
Analyzing 20000 states in spread 45
Analyzing 20000 states in spread 46
Analyzing 20000 states in spread 47
Analyzing 20000 states in spread 48
Analyzing 20000 states in spread 49
Analyzing 20000 states in spread 50
Analyzing 20000 states in spread 51
Finished step 201, minimal spread 40, max spread 52, got 2 drops
Total number of curves 178757
Starting step 202
Analyzing 1 states in spread 40
Analyzing 13 states in spread 41
Analyzing 231 states in spread 42
Analyzing 2518 states in spread 43
Analyzing 15994 states in spread 44
Analyzing 20000 states in spread 45
Analyzing 20000 states in spread 46
Analyzing 20000 states in spread 47
Analyzing 20000 states in spread 48
Analyzing 20000 states in spread 49
Analyzing 20000 states in spread 50
Analyzing 20000 states in spread 51
Finished step 202, minimal spread 41, max spread 52, got 3 drops
Total number of curves 175101
Starting step 203
Analyzing 11 states in spread 41
Analyzing 117 states in spread 42
Analyzing 1510 states in spread 43
Analyzing 13463 states in spread 44
Analyzing 20000 states in spread 45
Analyzing 20000 states in spread 46
Analyzing 20000 states in spread 47
Analyzing 20000 states in spread 48
Analyzing 20000 states in spread 49
Analyzing 20000 states in spread 50
Analyzing 20000 states in spread 51
Finished step 203, minimal spread 41, max spread 52, got 2 drops
Total number of curves 169840
Starting step 204
Analyzing 2 states in spread 41
Analyzing 85 states in spread 42
Analyzing 832 states in spread 43
Analyzing 8921 states in spread 44
Analyzing 20000 states in spread 45
Analyzing 20000 states in spread 46
Analyzing 20000 states in spread 47
Analyzing 20000 states in spread 48
Analyzing 20000 states in spread 49
Analyzing 20000 states in spread 50
Analyzing 20000 states in spread 51
Analyzing 20000 states in spread 52
Finished step 204, minimal spread 41, max spread 53, got 4 drops
Total number of curves 185848
Starting step 205
Analyzing 1 states in spread 41
Analyzing 26 states in spread 42
Analyzing 563 states in spread 43
Analyzing 5258 states in spread 44
Analyzing 20000 states in spread 45
Analyzing 20000 states in spread 46
Analyzing 20000 states in spread 47
Analyzing 20000 states in spread 48
Analyzing 20000 states in spread 49
Analyzing 20000 states in spread 50
Analyzing 20000 states in spread 51
Analyzing 20000 states in spread 52
Finished step 205, minimal spread 41, max spread 53, got 5 drops
Total number of curves 183731
Starting step 206
Analyzing 1 states in spread 41
Analyzing 16 states in spread 42
Analyzing 217 states in spread 43
Analyzing 3497 states in spread 44
Analyzing 20000 states in spread 45
Analyzing 20000 states in spread 46
Analyzing 20000 states in spread 47
Analyzing 20000 states in spread 48
Analyzing 20000 states in spread 49
Analyzing 20000 states in spread 50
Analyzing 20000 states in spread 51
Analyzing 20000 states in spread 52
Finished step 206, minimal spread 41, max spread 53, got 2 drops
Total number of curves 180078
Starting step 207
Analyzing 1 states in spread 41
Analyzing 14 states in spread 42
Analyzing 143 states in spread 43
Analyzing 1585 states in spread 44
Analyzing 18335 states in spread 45
Analyzing 20000 states in spread 46
Analyzing 20000 states in spread 47
Analyzing 20000 states in spread 48
Analyzing 20000 states in spread 49
Analyzing 20000 states in spread 50
Analyzing 20000 states in spread 51
Analyzing 20000 states in spread 52
Finished step 207, minimal spread 42, max spread 53, got 2 drops
Total number of curves 170686
Starting step 208
Analyzing 15 states in spread 42
Analyzing 110 states in spread 43
Analyzing 1076 states in spread 44
Analyzing 9485 states in spread 45
Analyzing 20000 states in spread 46
Analyzing 20000 states in spread 47
Analyzing 20000 states in spread 48
Analyzing 20000 states in spread 49
Analyzing 20000 states in spread 50
Analyzing 20000 states in spread 51
Analyzing 20000 states in spread 52
Finished step 208, minimal spread 42, max spread 53, got 3 drops
Total number of curves 167616
Starting step 209
Analyzing 3 states in spread 42
Analyzing 109 states in spread 43
Analyzing 774 states in spread 44
Analyzing 6730 states in spread 45
Analyzing 20000 states in spread 46
Analyzing 20000 states in spread 47
Analyzing 20000 states in spread 48
Analyzing 20000 states in spread 49
Analyzing 20000 states in spread 50
Analyzing 20000 states in spread 51
Analyzing 20000 states in spread 52
Analyzing 20000 states in spread 53
Finished step 209, minimal spread 42, max spread 54, got 1 drops
Total number of curves 185553
Starting step 210
Analyzing 3 states in spread 42
Analyzing 31 states in spread 43
Analyzing 679 states in spread 44
Analyzing 4840 states in spread 45
Analyzing 20000 states in spread 46
Analyzing 20000 states in spread 47
Analyzing 20000 states in spread 48
Analyzing 20000 states in spread 49
Analyzing 20000 states in spread 50
Analyzing 20000 states in spread 51
Analyzing 20000 states in spread 52
Analyzing 20000 states in spread 53
Finished step 210, minimal spread 42, max spread 54, got 2 drops
Total number of curves 184276
Starting step 211
Analyzing 3 states in spread 42
Analyzing 33 states in spread 43
Analyzing 245 states in spread 44
Analyzing 3995 states in spread 45
Analyzing 20000 states in spread 46
Analyzing 20000 states in spread 47
Analyzing 20000 states in spread 48
Analyzing 20000 states in spread 49
Analyzing 20000 states in spread 50
Analyzing 20000 states in spread 51
Analyzing 20000 states in spread 52
Analyzing 20000 states in spread 53
Finished step 211, minimal spread 42, max spread 54, got 1 drops
Total number of curves 181988
Starting step 212
Analyzing 1 states in spread 42
Analyzing 37 states in spread 43
Analyzing 240 states in spread 44
Analyzing 1710 states in spread 45
Analyzing 20000 states in spread 46
Analyzing 20000 states in spread 47
Analyzing 20000 states in spread 48
Analyzing 20000 states in spread 49
Analyzing 20000 states in spread 50
Analyzing 20000 states in spread 51
Analyzing 20000 states in spread 52
Analyzing 20000 states in spread 53
Finished step 212, minimal spread 42, max spread 54, got 2 drops
Total number of curves 171781
Starting step 213
Analyzing 2 states in spread 42
Analyzing 17 states in spread 43
Analyzing 270 states in spread 44
Analyzing 1540 states in spread 45
Analyzing 9952 states in spread 46
Analyzing 20000 states in spread 47
Analyzing 20000 states in spread 48
Analyzing 20000 states in spread 49
Analyzing 20000 states in spread 50
Analyzing 20000 states in spread 51
Analyzing 20000 states in spread 52
Analyzing 20000 states in spread 53
Finished step 213, minimal spread 42, max spread 54, got 1 drops
Total number of curves 170663
Starting step 214
Analyzing 3 states in spread 42
Analyzing 20 states in spread 43
Analyzing 148 states in spread 44
Analyzing 1638 states in spread 45
Analyzing 8854 states in spread 46
Analyzing 20000 states in spread 47
Analyzing 20000 states in spread 48
Analyzing 20000 states in spread 49
Analyzing 20000 states in spread 50
Analyzing 20000 states in spread 51
Analyzing 20000 states in spread 52
Analyzing 20000 states in spread 53
Finished step 214, minimal spread 42, max spread 54, got 1 drops
Total number of curves 170362
Starting step 215
Analyzing 3 states in spread 42
Analyzing 24 states in spread 43
Analyzing 137 states in spread 44
Analyzing 1012 states in spread 45
Analyzing 9186 states in spread 46
Analyzing 20000 states in spread 47
Analyzing 20000 states in spread 48
Analyzing 20000 states in spread 49
Analyzing 20000 states in spread 50
Analyzing 20000 states in spread 51
Analyzing 20000 states in spread 52
Analyzing 20000 states in spread 53
Finished step 215, minimal spread 42, max spread 54, got 0 drops
Total number of curves 167145
Starting step 216
Analyzing 2 states in spread 42
Analyzing 23 states in spread 43
Analyzing 142 states in spread 44
Analyzing 840 states in spread 45
Analyzing 6138 states in spread 46
Analyzing 20000 states in spread 47
Analyzing 20000 states in spread 48
Analyzing 20000 states in spread 49
Analyzing 20000 states in spread 50
Analyzing 20000 states in spread 51
Analyzing 20000 states in spread 52
Analyzing 20000 states in spread 53
Analyzing 20000 states in spread 54
Finished step 216, minimal spread 42, max spread 55, got 1 drops
Total number of curves 185821
Starting step 217
Analyzing 3 states in spread 42
Analyzing 17 states in spread 43
Analyzing 138 states in spread 44
Analyzing 775 states in spread 45
Analyzing 4888 states in spread 46
Analyzing 20000 states in spread 47
Analyzing 20000 states in spread 48
Analyzing 20000 states in spread 49
Analyzing 20000 states in spread 50
Analyzing 20000 states in spread 51
Analyzing 20000 states in spread 52
Analyzing 20000 states in spread 53
Analyzing 20000 states in spread 54
Finished step 217, minimal spread 42, max spread 55, got 0 drops
Total number of curves 185116
Starting step 218
Analyzing 3 states in spread 42
Analyzing 23 states in spread 43
Analyzing 110 states in spread 44
Analyzing 764 states in spread 45
Analyzing 4216 states in spread 46
Analyzing 20000 states in spread 47
Analyzing 20000 states in spread 48
Analyzing 20000 states in spread 49
Analyzing 20000 states in spread 50
Analyzing 20000 states in spread 51
Analyzing 20000 states in spread 52
Analyzing 20000 states in spread 53
Analyzing 20000 states in spread 54
Finished step 218, minimal spread 42, max spread 55, got 1 drops
Total number of curves 184930
Starting step 219
Analyzing 2 states in spread 42
Analyzing 30 states in spread 43
Analyzing 126 states in spread 44
Analyzing 640 states in spread 45
Analyzing 4132 states in spread 46
Analyzing 20000 states in spread 47
Analyzing 20000 states in spread 48
Analyzing 20000 states in spread 49
Analyzing 20000 states in spread 50
Analyzing 20000 states in spread 51
Analyzing 20000 states in spread 52
Analyzing 20000 states in spread 53
Analyzing 20000 states in spread 54
Finished step 219, minimal spread 43, max spread 55, got 0 drops
Total number of curves 184403
Starting step 220
Analyzing 24 states in spread 43
Analyzing 189 states in spread 44
Analyzing 666 states in spread 45
Analyzing 3524 states in spread 46
Analyzing 20000 states in spread 47
Analyzing 20000 states in spread 48
Analyzing 20000 states in spread 49
Analyzing 20000 states in spread 50
Analyzing 20000 states in spread 51
Analyzing 20000 states in spread 52
Analyzing 20000 states in spread 53
Analyzing 20000 states in spread 54
Finished step 220, minimal spread 43, max spread 55, got 0 drops
Total number of curves 183137
Starting step 221
Analyzing 1 states in spread 43
Analyzing 171 states in spread 44
Analyzing 1064 states in spread 45
Analyzing 3474 states in spread 46
Analyzing 18427 states in spread 47
Analyzing 20000 states in spread 48
Analyzing 20000 states in spread 49
Analyzing 20000 states in spread 50
Analyzing 20000 states in spread 51
Analyzing 20000 states in spread 52
Analyzing 20000 states in spread 53
Analyzing 20000 states in spread 54
Finished step 221, minimal spread 43, max spread 55, got 0 drops
Total number of curves 184562
Starting step 222
Analyzing 1 states in spread 43
Analyzing 8 states in spread 44
Analyzing 1028 states in spread 45
Analyzing 5679 states in spread 46
Analyzing 17846 states in spread 47
Analyzing 20000 states in spread 48
Analyzing 20000 states in spread 49
Analyzing 20000 states in spread 50
Analyzing 20000 states in spread 51
Analyzing 20000 states in spread 52
Analyzing 20000 states in spread 53
Analyzing 20000 states in spread 54
Finished step 222, minimal spread 43, max spread 55, got 1 drops
Total number of curves 185772
Starting step 223
Analyzing 1 states in spread 43
Analyzing 8 states in spread 44
Analyzing 79 states in spread 45
Analyzing 5684 states in spread 46
Analyzing 20000 states in spread 47
Analyzing 20000 states in spread 48
Analyzing 20000 states in spread 49
Analyzing 20000 states in spread 50
Analyzing 20000 states in spread 51
Analyzing 20000 states in spread 52
Analyzing 20000 states in spread 53
Analyzing 20000 states in spread 54
Finished step 223, minimal spread 44, max spread 55, got 0 drops
Total number of curves 180792
Starting step 224
Analyzing 10 states in spread 44
Analyzing 67 states in spread 45
Analyzing 715 states in spread 46
Analyzing 20000 states in spread 47
Analyzing 20000 states in spread 48
Analyzing 20000 states in spread 49
Analyzing 20000 states in spread 50
Analyzing 20000 states in spread 51
Analyzing 20000 states in spread 52
Analyzing 20000 states in spread 53
Analyzing 20000 states in spread 54
Finished step 224, minimal spread 44, max spread 55, got 1 drops
Total number of curves 165267
Starting step 225
Analyzing 1 states in spread 44
Analyzing 81 states in spread 45
Analyzing 543 states in spread 46
Analyzing 4642 states in spread 47
Analyzing 20000 states in spread 48
Analyzing 20000 states in spread 49
Analyzing 20000 states in spread 50
Analyzing 20000 states in spread 51
Analyzing 20000 states in spread 52
Analyzing 20000 states in spread 53
Analyzing 20000 states in spread 54
Analyzing 20000 states in spread 55
Finished step 225, minimal spread 45, max spread 56, got 1 drops
Total number of curves 184024
Starting step 226
Analyzing 18 states in spread 45
Analyzing 581 states in spread 46
Analyzing 3425 states in spread 47
Analyzing 20000 states in spread 48
Analyzing 20000 states in spread 49
Analyzing 20000 states in spread 50
Analyzing 20000 states in spread 51
Analyzing 20000 states in spread 52
Analyzing 20000 states in spread 53
Analyzing 20000 states in spread 54
Analyzing 20000 states in spread 55
Finished step 226, minimal spread 45, max spread 56, got 3 drops
Total number of curves 181550
Starting step 227
Analyzing 9 states in spread 45
Analyzing 178 states in spread 46
Analyzing 3477 states in spread 47
Analyzing 17886 states in spread 48
Analyzing 20000 states in spread 49
Analyzing 20000 states in spread 50
Analyzing 20000 states in spread 51
Analyzing 20000 states in spread 52
Analyzing 20000 states in spread 53
Analyzing 20000 states in spread 54
Analyzing 20000 states in spread 55
Finished step 227, minimal spread 45, max spread 56, got 1 drops
Total number of curves 179797
Starting step 228
Analyzing 9 states in spread 45
Analyzing 95 states in spread 46
Analyzing 1315 states in spread 47
Analyzing 18378 states in spread 48
Analyzing 20000 states in spread 49
Analyzing 20000 states in spread 50
Analyzing 20000 states in spread 51
Analyzing 20000 states in spread 52
Analyzing 20000 states in spread 53
Analyzing 20000 states in spread 54
Analyzing 20000 states in spread 55
Finished step 228, minimal spread 45, max spread 56, got 1 drops
Total number of curves 168851
Starting step 229
Analyzing 4 states in spread 45
Analyzing 93 states in spread 46
Analyzing 703 states in spread 47
Analyzing 8051 states in spread 48
Analyzing 20000 states in spread 49
Analyzing 20000 states in spread 50
Analyzing 20000 states in spread 51
Analyzing 20000 states in spread 52
Analyzing 20000 states in spread 53
Analyzing 20000 states in spread 54
Analyzing 20000 states in spread 55
Analyzing 20000 states in spread 56
Finished step 229, minimal spread 45, max spread 57, got 1 drops
Total number of curves 185185
Starting step 230
Analyzing 1 states in spread 45
Analyzing 45 states in spread 46
Analyzing 654 states in spread 47
Analyzing 4485 states in spread 48
Analyzing 20000 states in spread 49
Analyzing 20000 states in spread 50
Analyzing 20000 states in spread 51
Analyzing 20000 states in spread 52
Analyzing 20000 states in spread 53
Analyzing 20000 states in spread 54
Analyzing 20000 states in spread 55
Analyzing 20000 states in spread 56
Finished step 230, minimal spread 46, max spread 57, got 2 drops
Total number of curves 184348
Starting step 231
Analyzing 18 states in spread 46
Analyzing 340 states in spread 47
Analyzing 3990 states in spread 48
Analyzing 20000 states in spread 49
Analyzing 20000 states in spread 50
Analyzing 20000 states in spread 51
Analyzing 20000 states in spread 52
Analyzing 20000 states in spread 53
Analyzing 20000 states in spread 54
Analyzing 20000 states in spread 55
Analyzing 20000 states in spread 56
Finished step 231, minimal spread 46, max spread 57, got 2 drops
Total number of curves 182425
Starting step 232
Analyzing 9 states in spread 46
Analyzing 166 states in spread 47
Analyzing 2250 states in spread 48
Analyzing 20000 states in spread 49
Analyzing 20000 states in spread 50
Analyzing 20000 states in spread 51
Analyzing 20000 states in spread 52
Analyzing 20000 states in spread 53
Analyzing 20000 states in spread 54
Analyzing 20000 states in spread 55
Analyzing 20000 states in spread 56
Finished step 232, minimal spread 46, max spread 57, got 3 drops
Total number of curves 173813
Starting step 233
Analyzing 5 states in spread 46
Analyzing 105 states in spread 47
Analyzing 1200 states in spread 48
Analyzing 12503 states in spread 49
Analyzing 20000 states in spread 50
Analyzing 20000 states in spread 51
Analyzing 20000 states in spread 52
Analyzing 20000 states in spread 53
Analyzing 20000 states in spread 54
Analyzing 20000 states in spread 55
Analyzing 20000 states in spread 56
Finished step 233, minimal spread 46, max spread 57, got 2 drops
Total number of curves 168047
Starting step 234
Analyzing 4 states in spread 46
Analyzing 64 states in spread 47
Analyzing 827 states in spread 48
Analyzing 7152 states in spread 49
Analyzing 20000 states in spread 50
Analyzing 20000 states in spread 51
Analyzing 20000 states in spread 52
Analyzing 20000 states in spread 53
Analyzing 20000 states in spread 54
Analyzing 20000 states in spread 55
Analyzing 20000 states in spread 56
Analyzing 20000 states in spread 57
Finished step 234, minimal spread 46, max spread 58, got 4 drops
Total number of curves 185774
Starting step 235
Analyzing 3 states in spread 46
Analyzing 47 states in spread 47
Analyzing 534 states in spread 48
Analyzing 5190 states in spread 49
Analyzing 20000 states in spread 50
Analyzing 20000 states in spread 51
Analyzing 20000 states in spread 52
Analyzing 20000 states in spread 53
Analyzing 20000 states in spread 54
Analyzing 20000 states in spread 55
Analyzing 20000 states in spread 56
Analyzing 20000 states in spread 57
Finished step 235, minimal spread 46, max spread 58, got 0 drops
Total number of curves 183919
Starting step 236
Analyzing 1 states in spread 46
Analyzing 33 states in spread 47
Analyzing 363 states in spread 48
Analyzing 3522 states in spread 49
Analyzing 20000 states in spread 50
Analyzing 20000 states in spread 51
Analyzing 20000 states in spread 52
Analyzing 20000 states in spread 53
Analyzing 20000 states in spread 54
Analyzing 20000 states in spread 55
Analyzing 20000 states in spread 56
Analyzing 20000 states in spread 57
Finished step 236, minimal spread 46, max spread 58, got 0 drops
Total number of curves 180961
Starting step 237
Analyzing 1 states in spread 46
Analyzing 12 states in spread 47
Analyzing 255 states in spread 48
Analyzing 2364 states in spread 49
Analyzing 18329 states in spread 50
Analyzing 20000 states in spread 51
Analyzing 20000 states in spread 52
Analyzing 20000 states in spread 53
Analyzing 20000 states in spread 54
Analyzing 20000 states in spread 55
Analyzing 20000 states in spread 56
Analyzing 20000 states in spread 57
Finished step 237, minimal spread 46, max spread 58, got 1 drops
Total number of curves 174852
Starting step 238
Analyzing 1 states in spread 46
Analyzing 11 states in spread 47
Analyzing 106 states in spread 48
Analyzing 1694 states in spread 49
Analyzing 13040 states in spread 50
Analyzing 20000 states in spread 51
Analyzing 20000 states in spread 52
Analyzing 20000 states in spread 53
Analyzing 20000 states in spread 54
Analyzing 20000 states in spread 55
Analyzing 20000 states in spread 56
Analyzing 20000 states in spread 57
Finished step 238, minimal spread 47, max spread 58, got 3 drops
Total number of curves 170744
Starting step 239
Analyzing 10 states in spread 47
Analyzing 91 states in spread 48
Analyzing 805 states in spread 49
Analyzing 9838 states in spread 50
Analyzing 20000 states in spread 51
Analyzing 20000 states in spread 52
Analyzing 20000 states in spread 53
Analyzing 20000 states in spread 54
Analyzing 20000 states in spread 55
Analyzing 20000 states in spread 56
Analyzing 20000 states in spread 57
Finished step 239, minimal spread 47, max spread 58, got 0 drops
Total number of curves 165903
Starting step 240
Analyzing 1 states in spread 47
Analyzing 74 states in spread 48
Analyzing 637 states in spread 49
Analyzing 5191 states in spread 50
Analyzing 20000 states in spread 51
Analyzing 20000 states in spread 52
Analyzing 20000 states in spread 53
Analyzing 20000 states in spread 54
Analyzing 20000 states in spread 55
Analyzing 20000 states in spread 56
Analyzing 20000 states in spread 57
Analyzing 20000 states in spread 58
Finished step 240, minimal spread 48, max spread 59, got 1 drops
Total number of curves 184416
Starting step 241
Analyzing 18 states in spread 48
Analyzing 489 states in spread 49
Analyzing 3909 states in spread 50
Analyzing 20000 states in spread 51
Analyzing 20000 states in spread 52
Analyzing 20000 states in spread 53
Analyzing 20000 states in spread 54
Analyzing 20000 states in spread 55
Analyzing 20000 states in spread 56
Analyzing 20000 states in spread 57
Analyzing 20000 states in spread 58
Finished step 241, minimal spread 48, max spread 59, got 0 drops
Total number of curves 183078
Starting step 242
Analyzing 1 states in spread 48
Analyzing 174 states in spread 49
Analyzing 2962 states in spread 50
Analyzing 19941 states in spread 51
Analyzing 20000 states in spread 52
Analyzing 20000 states in spread 53
Analyzing 20000 states in spread 54
Analyzing 20000 states in spread 55
Analyzing 20000 states in spread 56
Analyzing 20000 states in spread 57
Analyzing 20000 states in spread 58
Finished step 242, minimal spread 49, max spread 59, got 1 drops
Total number of curves 177187
Starting step 243
Analyzing 40 states in spread 49
Analyzing 1298 states in spread 50
Analyzing 15849 states in spread 51
Analyzing 20000 states in spread 52
Analyzing 20000 states in spread 53
Analyzing 20000 states in spread 54
Analyzing 20000 states in spread 55
Analyzing 20000 states in spread 56
Analyzing 20000 states in spread 57
Analyzing 20000 states in spread 58
Finished step 243, minimal spread 49, max spread 58, got 1 drops
Total number of curves 148402
Starting step 244
Analyzing 24 states in spread 49
Analyzing 460 states in spread 50
Analyzing 7918 states in spread 51
Analyzing 20000 states in spread 52
Analyzing 20000 states in spread 53
Analyzing 20000 states in spread 54
Analyzing 20000 states in spread 55
Analyzing 20000 states in spread 56
Analyzing 20000 states in spread 57
Analyzing 20000 states in spread 58
Finished step 244, minimal spread 49, max spread 57, got 0 drops
Total number of curves 123751
Starting step 245
Analyzing 12 states in spread 49
Analyzing 291 states in spread 50
Analyzing 3448 states in spread 51
Analyzing 20000 states in spread 52
Analyzing 20000 states in spread 53
Analyzing 20000 states in spread 54
Analyzing 20000 states in spread 55
Analyzing 20000 states in spread 56
Analyzing 20000 states in spread 57
Finished step 245, minimal spread 49, max spread 56, got 1 drops
Total number of curves 100780
Starting step 246
Analyzing 8 states in spread 49
Analyzing 159 states in spread 50
Analyzing 2251 states in spread 51
Analyzing 18362 states in spread 52
Analyzing 20000 states in spread 53
Analyzing 20000 states in spread 54
Analyzing 20000 states in spread 55
Analyzing 20000 states in spread 56
Finished step 246, minimal spread 49, max spread 55, got 2 drops
Total number of curves 74342
Starting step 247
Analyzing 7 states in spread 49
Analyzing 97 states in spread 50
Analyzing 1326 states in spread 51
Analyzing 12912 states in spread 52
Analyzing 20000 states in spread 53
Analyzing 20000 states in spread 54
Analyzing 20000 states in spread 55
Finished step 247, minimal spread 49, max spread 54, got 4 drops
Total number of curves 49181
Starting step 248
Analyzing 6 states in spread 49
Analyzing 82 states in spread 50
Analyzing 783 states in spread 51
Analyzing 8310 states in spread 52
Analyzing 20000 states in spread 53
Analyzing 20000 states in spread 54
Finished step 248, minimal spread 48, max spread 53, got 6 drops
Total number of curves 25783
Starting step 249
Analyzing 1 states in spread 48
Analyzing 6 states in spread 49
Analyzing 66 states in spread 50
Analyzing 625 states in spread 51
Analyzing 5085 states in spread 52
Analyzing 20000 states in spread 53
Finished step 249, minimal spread 48, max spread 52, got 0 drops
Total number of curves 4555
Starting step 250
Analyzing 1 states in spread 48
Analyzing 8 states in spread 49
Analyzing 50 states in spread 50
Analyzing 474 states in spread 51
Analyzing 4022 states in spread 52
Finished step 250, minimal spread 48, max spread 51, got 0 drops
Total number of curves 383
Starting step 251
Analyzing 1 states in spread 48
Analyzing 9 states in spread 49
Analyzing 45 states in spread 50
Analyzing 328 states in spread 51
Finished step 251, minimal spread 49, max spread 50, got 0 drops
Total number of curves 63
Starting step 252
Analyzing 9 states in spread 49
Analyzing 54 states in spread 50
Altogether, runtime= 78.5282109375
SUMMARY witness_output= logs/a3_mod7_exact_b20k_u200k_u150k_fs20_len300_seed0_20260310_witnesses.txt
SUMMARY found= False
SUMMARY first_depth= None
SUMMARY unique_witnesses= 0
SUMMARY total_hits= 0
SUMMARY accepted_hits= 0
SUMMARY rejected_hits= 0
SUMMARY witness_depth_histogram= {}
CUDA max_memory_allocated_bytes: 5016850432
CUDA max_memory_reserved_bytes: 6088032256
