Starting A3 torch search with p= 7 caps 60000 60000 totalcaps 400000 300000 FIRST_STEPS 12 base_point 1 device cuda
We have 6 atoms and 14 dual simples
Initialized step 1 with spreads: {1: 2}
Starting step 2
Analyzing 2 states in spread 1
Finished step 2, minimal spread 2, max spread 2, got 0 drops
Total number of curves 8
Starting step 3
Analyzing 8 states in spread 2
Finished step 3, minimal spread 3, max spread 3, got 0 drops
Total number of curves 36
Starting step 4
Analyzing 36 states in spread 3
Finished step 4, minimal spread 4, max spread 4, got 0 drops
Total number of curves 170
Starting step 5
Analyzing 170 states in spread 4
Finished step 5, minimal spread 5, max spread 5, got 0 drops
Total number of curves 816
Starting step 6
Analyzing 816 states in spread 5
Finished step 6, minimal spread 5, max spread 6, got 0 drops
Total number of curves 3938
Starting step 7
Analyzing 2 states in spread 5
Analyzing 3936 states in spread 6
Finished step 7, minimal spread 5, max spread 7, got 0 drops
Total number of curves 19040
Starting step 8
Analyzing 2 states in spread 5
Analyzing 38 states in spread 6
Analyzing 19000 states in spread 7
Finished step 8, minimal spread 6, max spread 8, got 0 drops
Total number of curves 60452
Starting step 9
Analyzing 37 states in spread 6
Analyzing 415 states in spread 7
Analyzing 60000 states in spread 8
Finished step 9, minimal spread 6, max spread 9, got 0 drops
Total number of curves 63330
Starting step 10
Analyzing 5 states in spread 6
Analyzing 372 states in spread 7
Analyzing 2953 states in spread 8
Analyzing 60000 states in spread 9
Finished step 10, minimal spread 7, max spread 10, got 0 drops
Total number of curves 78116
Starting step 11
Analyzing 84 states in spread 7
Analyzing 2626 states in spread 8
Analyzing 15406 states in spread 9
Analyzing 60000 states in spread 10
Finished step 11, minimal spread 7, max spread 11, got 0 drops
Total number of curves 135178
Starting step 12
Analyzing 11 states in spread 7
Analyzing 754 states in spread 8
Analyzing 14413 states in spread 9
Analyzing 60000 states in spread 10
Analyzing 60000 states in spread 11
Finished step 12, minimal spread 7, max spread 12, got 0 drops
Total number of curves 185196
Starting step 13
Analyzing 6 states in spread 7
Analyzing 188 states in spread 8
Analyzing 5002 states in spread 9
Analyzing 60000 states in spread 10
Analyzing 60000 states in spread 11
Analyzing 60000 states in spread 12
Finished step 13, minimal spread 7, max spread 13, got 0 drops
Total number of curves 210276
Starting step 14
Analyzing 5 states in spread 7
Analyzing 84 states in spread 8
Analyzing 1768 states in spread 9
Analyzing 28419 states in spread 10
Analyzing 60000 states in spread 11
Analyzing 60000 states in spread 12
Analyzing 60000 states in spread 13
Finished step 14, minimal spread 7, max spread 14, got 0 drops
Total number of curves 253046
Starting step 15
Analyzing 1 states in spread 7
Analyzing 56 states in spread 8
Analyzing 768 states in spread 9
Analyzing 12221 states in spread 10
Analyzing 60000 states in spread 11
Analyzing 60000 states in spread 12
Analyzing 60000 states in spread 13
Analyzing 60000 states in spread 14
Finished step 15, minimal spread 7, max spread 15, got 0 drops
Total number of curves 305986
Starting step 16
Analyzing 1 states in spread 7
Analyzing 21 states in spread 8
Analyzing 459 states in spread 9
Analyzing 5505 states in spread 10
Analyzing 60000 states in spread 11
Analyzing 60000 states in spread 12
Analyzing 60000 states in spread 13
Analyzing 60000 states in spread 14
Analyzing 60000 states in spread 15
Finished step 16, minimal spread 7, max spread 16, got 2 drops
Total number of curves 334331
Starting step 17
Analyzing 1 states in spread 7
Analyzing 22 states in spread 8
Analyzing 228 states in spread 9
Analyzing 3171 states in spread 10
Analyzing 30909 states in spread 11
Analyzing 60000 states in spread 12
Analyzing 60000 states in spread 13
Analyzing 60000 states in spread 14
Analyzing 60000 states in spread 15
Analyzing 60000 states in spread 16
Finished step 17, minimal spread 7, max spread 17, got 2 drops
Total number of curves 380482
Starting step 18
Analyzing 1 states in spread 7
Analyzing 19 states in spread 8
Analyzing 214 states in spread 9
Analyzing 1770 states in spread 10
Analyzing 18478 states in spread 11
Analyzing 60000 states in spread 12
Analyzing 60000 states in spread 13
Analyzing 60000 states in spread 14
Analyzing 60000 states in spread 15
Analyzing 60000 states in spread 16
Finished step 18, minimal spread 7, max spread 17, got 3 drops
Total number of curves 372950
Starting step 19
Analyzing 1 states in spread 7
Analyzing 14 states in spread 8
Analyzing 161 states in spread 9
Analyzing 1502 states in spread 10
Analyzing 11272 states in spread 11
Analyzing 60000 states in spread 12
Analyzing 60000 states in spread 13
Analyzing 60000 states in spread 14
Analyzing 60000 states in spread 15
Analyzing 60000 states in spread 16
Finished step 19, minimal spread 7, max spread 17, got 4 drops
Total number of curves 369374
Starting step 20
Analyzing 1 states in spread 7
Analyzing 13 states in spread 8
Analyzing 103 states in spread 9
Analyzing 1130 states in spread 10
Analyzing 9126 states in spread 11
Analyzing 59001 states in spread 12
Analyzing 60000 states in spread 13
Analyzing 60000 states in spread 14
Analyzing 60000 states in spread 15
Analyzing 60000 states in spread 16
Finished step 20, minimal spread 6, max spread 17, got 6 drops
Total number of curves 356811
Starting step 21
Analyzing 1 states in spread 6
Analyzing 2 states in spread 7
Analyzing 10 states in spread 8
Analyzing 85 states in spread 9
Analyzing 690 states in spread 10
Analyzing 7059 states in spread 11
Analyzing 48964 states in spread 12
Analyzing 60000 states in spread 13
Analyzing 60000 states in spread 14
Analyzing 60000 states in spread 15
Analyzing 60000 states in spread 16
Analyzing 60000 states in spread 17
Finished step 21, minimal spread 6, max spread 18, got 4 drops
Total number of curves 404626
Starting step 22
Analyzing 1 states in spread 6
Analyzing 8 states in spread 7
Analyzing 11 states in spread 8
Analyzing 70 states in spread 9
Analyzing 549 states in spread 10
Analyzing 4321 states in spread 11
Analyzing 39666 states in spread 12
Analyzing 60000 states in spread 13
Analyzing 60000 states in spread 14
Analyzing 60000 states in spread 15
Analyzing 60000 states in spread 16
Analyzing 60000 states in spread 17
Finished step 22, minimal spread 6, max spread 18, got 4 drops
Total number of curves 389108
Starting step 23
Analyzing 1 states in spread 6
Analyzing 9 states in spread 7
Analyzing 42 states in spread 8
Analyzing 63 states in spread 9
Analyzing 441 states in spread 10
Analyzing 3412 states in spread 11
Analyzing 25140 states in spread 12
Analyzing 60000 states in spread 13
Analyzing 60000 states in spread 14
Analyzing 60000 states in spread 15
Analyzing 60000 states in spread 16
Analyzing 60000 states in spread 17
Finished step 23, minimal spread 6, max spread 18, got 4 drops
Total number of curves 383357
Starting step 24
Analyzing 1 states in spread 6
Analyzing 8 states in spread 7
Analyzing 55 states in spread 8
Analyzing 207 states in spread 9
Analyzing 369 states in spread 10
Analyzing 2653 states in spread 11
Analyzing 20064 states in spread 12
Analyzing 60000 states in spread 13
Analyzing 60000 states in spread 14
Analyzing 60000 states in spread 15
Analyzing 60000 states in spread 16
Analyzing 60000 states in spread 17
Finished step 24, minimal spread 7, max spread 18, got 3 drops
Total number of curves 378818
Starting step 25
Analyzing 9 states in spread 7
Analyzing 44 states in spread 8
Analyzing 304 states in spread 9
Analyzing 1029 states in spread 10
Analyzing 2143 states in spread 11
Analyzing 15289 states in spread 12
Analyzing 60000 states in spread 13
Analyzing 60000 states in spread 14
Analyzing 60000 states in spread 15
Analyzing 60000 states in spread 16
Analyzing 60000 states in spread 17
Finished step 25, minimal spread 8, max spread 18, got 8 drops
Total number of curves 379198
Starting step 26
Analyzing 52 states in spread 8
Analyzing 237 states in spread 9
Analyzing 1589 states in spread 10
Analyzing 5172 states in spread 11
Analyzing 12148 states in spread 12
Analyzing 60000 states in spread 13
Analyzing 60000 states in spread 14
Analyzing 60000 states in spread 15
Analyzing 60000 states in spread 16
Analyzing 60000 states in spread 17
Finished step 26, minimal spread 8, max spread 18, got 4 drops
Total number of curves 395799
Starting step 27
Analyzing 2 states in spread 8
Analyzing 279 states in spread 9
Analyzing 1249 states in spread 10
Analyzing 8093 states in spread 11
Analyzing 26176 states in spread 12
Analyzing 60000 states in spread 13
Analyzing 60000 states in spread 14
Analyzing 60000 states in spread 15
Analyzing 60000 states in spread 16
Analyzing 60000 states in spread 17
Finished step 27, minimal spread 8, max spread 18, got 6 drops
Total number of curves 408665
Starting step 28
Analyzing 1 states in spread 8
Analyzing 26 states in spread 9
Analyzing 1454 states in spread 10
Analyzing 6490 states in spread 11
Analyzing 40694 states in spread 12
Analyzing 60000 states in spread 13
Analyzing 60000 states in spread 14
Analyzing 60000 states in spread 15
Analyzing 60000 states in spread 16
Analyzing 60000 states in spread 17
Finished step 28, minimal spread 9, max spread 18, got 5 drops
Total number of curves 401066
Starting step 29
Analyzing 13 states in spread 9
Analyzing 205 states in spread 10
Analyzing 7473 states in spread 11
Analyzing 33375 states in spread 12
Analyzing 60000 states in spread 13
Analyzing 60000 states in spread 14
Analyzing 60000 states in spread 15
Analyzing 60000 states in spread 16
Analyzing 60000 states in spread 17
Finished step 29, minimal spread 9, max spread 18, got 1 drops
Total number of curves 399655
Starting step 30
Analyzing 3 states in spread 9
Analyzing 103 states in spread 10
Analyzing 1397 states in spread 11
Analyzing 38152 states in spread 12
Analyzing 60000 states in spread 13
Analyzing 60000 states in spread 14
Analyzing 60000 states in spread 15
Analyzing 60000 states in spread 16
Analyzing 60000 states in spread 17
Finished step 30, minimal spread 10, max spread 18, got 0 drops
Total number of curves 369573
Starting step 31
Analyzing 38 states in spread 10
Analyzing 728 states in spread 11
Analyzing 8807 states in spread 12
Analyzing 60000 states in spread 13
Analyzing 60000 states in spread 14
Analyzing 60000 states in spread 15
Analyzing 60000 states in spread 16
Analyzing 60000 states in spread 17
Finished step 31, minimal spread 10, max spread 18, got 1 drops
Total number of curves 351052
Starting step 32
Analyzing 11 states in spread 10
Analyzing 338 states in spread 11
Analyzing 4804 states in spread 12
Analyzing 45899 states in spread 13
Analyzing 60000 states in spread 14
Analyzing 60000 states in spread 15
Analyzing 60000 states in spread 16
Analyzing 60000 states in spread 17
Analyzing 60000 states in spread 18
Finished step 32, minimal spread 10, max spread 19, got 0 drops
Total number of curves 389389
Starting step 33
Analyzing 5 states in spread 10
Analyzing 163 states in spread 11
Analyzing 2494 states in spread 12
Analyzing 26727 states in spread 13
Analyzing 60000 states in spread 14
Analyzing 60000 states in spread 15
Analyzing 60000 states in spread 16
Analyzing 60000 states in spread 17
Analyzing 60000 states in spread 18
Finished step 33, minimal spread 10, max spread 19, got 1 drops
Total number of curves 376560
Starting step 34
Analyzing 2 states in spread 10
Analyzing 79 states in spread 11
Analyzing 1414 states in spread 12
Analyzing 15065 states in spread 13
Analyzing 60000 states in spread 14
Analyzing 60000 states in spread 15
Analyzing 60000 states in spread 16
Analyzing 60000 states in spread 17
Analyzing 60000 states in spread 18
Finished step 34, minimal spread 10, max spread 19, got 2 drops
Total number of curves 370162
Starting step 35
Analyzing 2 states in spread 10
Analyzing 38 states in spread 11
Analyzing 717 states in spread 12
Analyzing 9405 states in spread 13
Analyzing 60000 states in spread 14
Analyzing 60000 states in spread 15
Analyzing 60000 states in spread 16
Analyzing 60000 states in spread 17
Analyzing 60000 states in spread 18
Finished step 35, minimal spread 10, max spread 19, got 2 drops
Total number of curves 355833
Starting step 36
Analyzing 2 states in spread 10
Analyzing 31 states in spread 11
Analyzing 379 states in spread 12
Analyzing 5113 states in spread 13
Analyzing 50308 states in spread 14
Analyzing 60000 states in spread 15
Analyzing 60000 states in spread 16
Analyzing 60000 states in spread 17
Analyzing 60000 states in spread 18
Analyzing 60000 states in spread 19
Finished step 36, minimal spread 10, max spread 20, got 0 drops
Total number of curves 393125
Starting step 37
Analyzing 3 states in spread 10
Analyzing 18 states in spread 11
Analyzing 285 states in spread 12
Analyzing 2877 states in spread 13
Analyzing 29942 states in spread 14
Analyzing 60000 states in spread 15
Analyzing 60000 states in spread 16
Analyzing 60000 states in spread 17
Analyzing 60000 states in spread 18
Analyzing 60000 states in spread 19
Finished step 37, minimal spread 10, max spread 20, got 1 drops
Total number of curves 380341
Starting step 38
Analyzing 1 states in spread 10
Analyzing 29 states in spread 11
Analyzing 135 states in spread 12
Analyzing 2105 states in spread 13
Analyzing 18071 states in spread 14
Analyzing 60000 states in spread 15
Analyzing 60000 states in spread 16
Analyzing 60000 states in spread 17
Analyzing 60000 states in spread 18
Analyzing 60000 states in spread 19
Finished step 38, minimal spread 10, max spread 20, got 6 drops
Total number of curves 374465
Starting step 39
Analyzing 1 states in spread 10
Analyzing 10 states in spread 11
Analyzing 192 states in spread 12
Analyzing 1011 states in spread 13
Analyzing 13251 states in spread 14
Analyzing 60000 states in spread 15
Analyzing 60000 states in spread 16
Analyzing 60000 states in spread 17
Analyzing 60000 states in spread 18
Analyzing 60000 states in spread 19
Finished step 39, minimal spread 10, max spread 20, got 5 drops
Total number of curves 368064
Starting step 40
Analyzing 1 states in spread 10
Analyzing 12 states in spread 11
Analyzing 70 states in spread 12
Analyzing 1211 states in spread 13
Analyzing 6770 states in spread 14
Analyzing 60000 states in spread 15
Analyzing 60000 states in spread 16
Analyzing 60000 states in spread 17
Analyzing 60000 states in spread 18
Analyzing 60000 states in spread 19
Finished step 40, minimal spread 10, max spread 20, got 5 drops
Total number of curves 344966
Starting step 41
Analyzing 1 states in spread 10
Analyzing 11 states in spread 11
Analyzing 74 states in spread 12
Analyzing 485 states in spread 13
Analyzing 7297 states in spread 14
Analyzing 37098 states in spread 15
Analyzing 60000 states in spread 16
Analyzing 60000 states in spread 17
Analyzing 60000 states in spread 18
Analyzing 60000 states in spread 19
Analyzing 60000 states in spread 20
Finished step 41, minimal spread 10, max spread 21, got 7 drops
Total number of curves 403505
Starting step 42
Analyzing 2 states in spread 10
Analyzing 8 states in spread 11
Analyzing 75 states in spread 12
Analyzing 457 states in spread 13
Analyzing 3210 states in spread 14
Analyzing 39753 states in spread 15
Analyzing 60000 states in spread 16
Analyzing 60000 states in spread 17
Analyzing 60000 states in spread 18
Analyzing 60000 states in spread 19
Analyzing 60000 states in spread 20
Finished step 42, minimal spread 10, max spread 21, got 7 drops
Total number of curves 382527
Starting step 43
Analyzing 3 states in spread 10
Analyzing 14 states in spread 11
Analyzing 50 states in spread 12
Analyzing 468 states in spread 13
Analyzing 2739 states in spread 14
Analyzing 19253 states in spread 15
Analyzing 60000 states in spread 16
Analyzing 60000 states in spread 17
Analyzing 60000 states in spread 18
Analyzing 60000 states in spread 19
Analyzing 60000 states in spread 20
Finished step 43, minimal spread 10, max spread 21, got 6 drops
Total number of curves 378793
Starting step 44
Analyzing 1 states in spread 10
Analyzing 29 states in spread 11
Analyzing 76 states in spread 12
Analyzing 306 states in spread 13
Analyzing 2744 states in spread 14
Analyzing 15637 states in spread 15
Analyzing 60000 states in spread 16
Analyzing 60000 states in spread 17
Analyzing 60000 states in spread 18
Analyzing 60000 states in spread 19
Analyzing 60000 states in spread 20
Finished step 44, minimal spread 10, max spread 21, got 5 drops
Total number of curves 377729
Starting step 45
Analyzing 1 states in spread 10
Analyzing 8 states in spread 11
Analyzing 182 states in spread 12
Analyzing 410 states in spread 13
Analyzing 1802 states in spread 14
Analyzing 15326 states in spread 15
Analyzing 60000 states in spread 16
Analyzing 60000 states in spread 17
Analyzing 60000 states in spread 18
Analyzing 60000 states in spread 19
Analyzing 60000 states in spread 20
Finished step 45, minimal spread 11, max spread 21, got 2 drops
Total number of curves 373509
Starting step 46
Analyzing 10 states in spread 11
Analyzing 48 states in spread 12
Analyzing 998 states in spread 13
Analyzing 2199 states in spread 14
Analyzing 10254 states in spread 15
Analyzing 60000 states in spread 16
Analyzing 60000 states in spread 17
Analyzing 60000 states in spread 18
Analyzing 60000 states in spread 19
Analyzing 60000 states in spread 20
Finished step 46, minimal spread 11, max spread 21, got 1 drops
Total number of curves 370539
Starting step 47
Analyzing 3 states in spread 11
Analyzing 65 states in spread 12
Analyzing 282 states in spread 13
Analyzing 5189 states in spread 14
Analyzing 11705 states in spread 15
Analyzing 53295 states in spread 16
Analyzing 60000 states in spread 17
Analyzing 60000 states in spread 18
Analyzing 60000 states in spread 19
Analyzing 60000 states in spread 20
Finished step 47, minimal spread 11, max spread 21, got 2 drops
Total number of curves 388415
Starting step 48
Analyzing 4 states in spread 11
Analyzing 31 states in spread 12
Analyzing 374 states in spread 13
Analyzing 1642 states in spread 14
Analyzing 26364 states in spread 15
Analyzing 60000 states in spread 16
Analyzing 60000 states in spread 17
Analyzing 60000 states in spread 18
Analyzing 60000 states in spread 19
Analyzing 60000 states in spread 20
Finished step 48, minimal spread 11, max spread 21, got 4 drops
Total number of curves 371626
Starting step 49
Analyzing 4 states in spread 11
Analyzing 34 states in spread 12
Analyzing 215 states in spread 13
Analyzing 2058 states in spread 14
Analyzing 9315 states in spread 15
Analyzing 60000 states in spread 16
Analyzing 60000 states in spread 17
Analyzing 60000 states in spread 18
Analyzing 60000 states in spread 19
Analyzing 60000 states in spread 20
Finished step 49, minimal spread 11, max spread 21, got 4 drops
Total number of curves 358763
Starting step 50
Analyzing 1 states in spread 11
Analyzing 38 states in spread 12
Analyzing 203 states in spread 13
Analyzing 1289 states in spread 14
Analyzing 11046 states in spread 15
Analyzing 46186 states in spread 16
Analyzing 60000 states in spread 17
Analyzing 60000 states in spread 18
Analyzing 60000 states in spread 19
Analyzing 60000 states in spread 20
Analyzing 60000 states in spread 21
Finished step 50, minimal spread 11, max spread 22, got 5 drops
Total number of curves 424089
Starting step 51
Analyzing 1 states in spread 11
Analyzing 10 states in spread 12
Analyzing 239 states in spread 13
Analyzing 1142 states in spread 14
Analyzing 7275 states in spread 15
Analyzing 55422 states in spread 16
Analyzing 60000 states in spread 17
Analyzing 60000 states in spread 18
Analyzing 60000 states in spread 19
Analyzing 60000 states in spread 20
Finished step 51, minimal spread 11, max spread 21, got 6 drops
Total number of curves 346032
Starting step 52
Analyzing 1 states in spread 11
Analyzing 11 states in spread 12
Analyzing 75 states in spread 13
Analyzing 1335 states in spread 14
Analyzing 6267 states in spread 15
Analyzing 38343 states in spread 16
Analyzing 60000 states in spread 17
Analyzing 60000 states in spread 18
Analyzing 60000 states in spread 19
Analyzing 60000 states in spread 20
Analyzing 60000 states in spread 21
Finished step 52, minimal spread 12, max spread 22, got 6 drops
Total number of curves 400859
Starting step 53
Analyzing 11 states in spread 12
Analyzing 82 states in spread 13
Analyzing 470 states in spread 14
Analyzing 7157 states in spread 15
Analyzing 33139 states in spread 16
Analyzing 60000 states in spread 17
Analyzing 60000 states in spread 18
Analyzing 60000 states in spread 19
Analyzing 60000 states in spread 20
Analyzing 60000 states in spread 21
Finished step 53, minimal spread 12, max spread 22, got 3 drops
Total number of curves 400739
Starting step 54
Analyzing 2 states in spread 12
Analyzing 75 states in spread 13
Analyzing 506 states in spread 14
Analyzing 2827 states in spread 15
Analyzing 37329 states in spread 16
Analyzing 60000 states in spread 17
Analyzing 60000 states in spread 18
Analyzing 60000 states in spread 19
Analyzing 60000 states in spread 20
Analyzing 60000 states in spread 21
Finished step 54, minimal spread 12, max spread 22, got 3 drops
Total number of curves 379616
Starting step 55
Analyzing 3 states in spread 12
Analyzing 27 states in spread 13
Analyzing 439 states in spread 14
Analyzing 2899 states in spread 15
Analyzing 16248 states in spread 16
Analyzing 60000 states in spread 17
Analyzing 60000 states in spread 18
Analyzing 60000 states in spread 19
Analyzing 60000 states in spread 20
Analyzing 60000 states in spread 21
Finished step 55, minimal spread 12, max spread 22, got 3 drops
Total number of curves 378676
Starting step 56
Analyzing 1 states in spread 12
Analyzing 34 states in spread 13
Analyzing 211 states in spread 14
Analyzing 2412 states in spread 15
Analyzing 16018 states in spread 16
Analyzing 60000 states in spread 17
Analyzing 60000 states in spread 18
Analyzing 60000 states in spread 19
Analyzing 60000 states in spread 20
Analyzing 60000 states in spread 21
Finished step 56, minimal spread 13, max spread 22, got 4 drops
Total number of curves 374604
Starting step 57
Analyzing 9 states in spread 13
Analyzing 249 states in spread 14
Analyzing 1400 states in spread 15
Analyzing 12946 states in spread 16
Analyzing 60000 states in spread 17
Analyzing 60000 states in spread 18
Analyzing 60000 states in spread 19
Analyzing 60000 states in spread 20
Analyzing 60000 states in spread 21
Finished step 57, minimal spread 14, max spread 22, got 5 drops
Total number of curves 369958
Starting step 58
Analyzing 79 states in spread 14
Analyzing 1547 states in spread 15
Analyzing 8332 states in spread 16
Analyzing 60000 states in spread 17
Analyzing 60000 states in spread 18
Analyzing 60000 states in spread 19
Analyzing 60000 states in spread 20
Analyzing 60000 states in spread 21
Finished step 58, minimal spread 14, max spread 22, got 2 drops
Total number of curves 353610
Starting step 59
Analyzing 15 states in spread 14
Analyzing 584 states in spread 15
Analyzing 8803 states in spread 16
Analyzing 44208 states in spread 17
Analyzing 60000 states in spread 18
Analyzing 60000 states in spread 19
Analyzing 60000 states in spread 20
Analyzing 60000 states in spread 21
Analyzing 60000 states in spread 22
Finished step 59, minimal spread 14, max spread 23, got 2 drops
Total number of curves 410626
Starting step 60
Analyzing 7 states in spread 14
Analyzing 190 states in spread 15
Analyzing 3795 states in spread 16
Analyzing 46634 states in spread 17
Analyzing 60000 states in spread 18
Analyzing 60000 states in spread 19
Analyzing 60000 states in spread 20
Analyzing 60000 states in spread 21
Analyzing 60000 states in spread 22
Finished step 60, minimal spread 14, max spread 23, got 2 drops
Total number of curves 384018
Starting step 61
Analyzing 4 states in spread 14
Analyzing 97 states in spread 15
Analyzing 1554 states in spread 16
Analyzing 22363 states in spread 17
Analyzing 60000 states in spread 18
Analyzing 60000 states in spread 19
Analyzing 60000 states in spread 20
Analyzing 60000 states in spread 21
Analyzing 60000 states in spread 22
Finished step 61, minimal spread 14, max spread 23, got 2 drops
Total number of curves 371465
Starting step 62
Analyzing 3 states in spread 14
Analyzing 49 states in spread 15
Analyzing 855 states in spread 16
Analyzing 10558 states in spread 17
Analyzing 60000 states in spread 18
Analyzing 60000 states in spread 19
Analyzing 60000 states in spread 20
Analyzing 60000 states in spread 21
Analyzing 60000 states in spread 22
Finished step 62, minimal spread 14, max spread 23, got 5 drops
Total number of curves 360562
Starting step 63
Analyzing 1 states in spread 14
Analyzing 35 states in spread 15
Analyzing 471 states in spread 16
Analyzing 6137 states in spread 17
Analyzing 53918 states in spread 18
Analyzing 60000 states in spread 19
Analyzing 60000 states in spread 20
Analyzing 60000 states in spread 21
Analyzing 60000 states in spread 22
Finished step 63, minimal spread 14, max spread 23, got 9 drops
Total number of curves 338445
Starting step 64
Analyzing 1 states in spread 14
Analyzing 23 states in spread 15
Analyzing 315 states in spread 16
Analyzing 3585 states in spread 17
Analyzing 34521 states in spread 18
Analyzing 60000 states in spread 19
Analyzing 60000 states in spread 20
Analyzing 60000 states in spread 21
Analyzing 60000 states in spread 22
Analyzing 60000 states in spread 23
Finished step 64, minimal spread 13, max spread 24, got 5 drops
Total number of curves 384151
Starting step 65
Analyzing 1 states in spread 13
Analyzing 3 states in spread 14
Analyzing 15 states in spread 15
Analyzing 224 states in spread 16
Analyzing 2285 states in spread 17
Analyzing 21623 states in spread 18
Analyzing 60000 states in spread 19
Analyzing 60000 states in spread 20
Analyzing 60000 states in spread 21
Analyzing 60000 states in spread 22
Analyzing 60000 states in spread 23
Finished step 65, minimal spread 13, max spread 24, got 2 drops
Total number of curves 375781
Starting step 66
Analyzing 1 states in spread 13
Analyzing 8 states in spread 14
Analyzing 21 states in spread 15
Analyzing 138 states in spread 16
Analyzing 1631 states in spread 17
Analyzing 13982 states in spread 18
Analyzing 60000 states in spread 19
Analyzing 60000 states in spread 20
Analyzing 60000 states in spread 21
Analyzing 60000 states in spread 22
Analyzing 60000 states in spread 23
Finished step 66, minimal spread 14, max spread 24, got 4 drops
Total number of curves 371321
Starting step 67
Analyzing 8 states in spread 14
Analyzing 42 states in spread 15
Analyzing 142 states in spread 16
Analyzing 1002 states in spread 17
Analyzing 10127 states in spread 18
Analyzing 60000 states in spread 19
Analyzing 60000 states in spread 20
Analyzing 60000 states in spread 21
Analyzing 60000 states in spread 22
Analyzing 60000 states in spread 23
Finished step 67, minimal spread 14, max spread 24, got 5 drops
Total number of curves 361396
Starting step 68
Analyzing 1 states in spread 14
Analyzing 49 states in spread 15
Analyzing 224 states in spread 16
Analyzing 910 states in spread 17
Analyzing 6375 states in spread 18
Analyzing 53837 states in spread 19
Analyzing 60000 states in spread 20
Analyzing 60000 states in spread 21
Analyzing 60000 states in spread 22
Analyzing 60000 states in spread 23
Finished step 68, minimal spread 15, max spread 24, got 2 drops
Total number of curves 342661
Starting step 69
Analyzing 16 states in spread 15
Analyzing 268 states in spread 16
Analyzing 1213 states in spread 17
Analyzing 5458 states in spread 18
Analyzing 35706 states in spread 19
Analyzing 60000 states in spread 20
Analyzing 60000 states in spread 21
Analyzing 60000 states in spread 22
Analyzing 60000 states in spread 23
Analyzing 60000 states in spread 24
Finished step 69, minimal spread 15, max spread 25, got 3 drops
Total number of curves 398694
Starting step 70
Analyzing 6 states in spread 15
Analyzing 130 states in spread 16
Analyzing 1406 states in spread 17
Analyzing 6528 states in spread 18
Analyzing 30624 states in spread 19
Analyzing 60000 states in spread 20
Analyzing 60000 states in spread 21
Analyzing 60000 states in spread 22
Analyzing 60000 states in spread 23
Analyzing 60000 states in spread 24
Finished step 70, minimal spread 15, max spread 25, got 1 drops
Total number of curves 402838
Starting step 71
Analyzing 6 states in spread 15
Analyzing 65 states in spread 16
Analyzing 834 states in spread 17
Analyzing 7273 states in spread 18
Analyzing 34660 states in spread 19
Analyzing 60000 states in spread 20
Analyzing 60000 states in spread 21
Analyzing 60000 states in spread 22
Analyzing 60000 states in spread 23
Analyzing 60000 states in spread 24
Finished step 71, minimal spread 15, max spread 25, got 1 drops
Total number of curves 402757
Starting step 72
Analyzing 4 states in spread 15
Analyzing 57 states in spread 16
Analyzing 454 states in spread 17
Analyzing 4827 states in spread 18
Analyzing 37415 states in spread 19
Analyzing 60000 states in spread 20
Analyzing 60000 states in spread 21
Analyzing 60000 states in spread 22
Analyzing 60000 states in spread 23
Analyzing 60000 states in spread 24
Finished step 72, minimal spread 15, max spread 25, got 0 drops
Total number of curves 389566
Starting step 73
Analyzing 1 states in spread 15
Analyzing 37 states in spread 16
Analyzing 379 states in spread 17
Analyzing 2752 states in spread 18
Analyzing 26397 states in spread 19
Analyzing 60000 states in spread 20
Analyzing 60000 states in spread 21
Analyzing 60000 states in spread 22
Analyzing 60000 states in spread 23
Analyzing 60000 states in spread 24
Finished step 73, minimal spread 16, max spread 25, got 5 drops
Total number of curves 378198
Starting step 74
Analyzing 13 states in spread 16
Analyzing 240 states in spread 17
Analyzing 2294 states in spread 18
Analyzing 15651 states in spread 19
Analyzing 60000 states in spread 20
Analyzing 60000 states in spread 21
Analyzing 60000 states in spread 22
Analyzing 60000 states in spread 23
Analyzing 60000 states in spread 24
Finished step 74, minimal spread 16, max spread 25, got 2 drops
Total number of curves 374669
Starting step 75
Analyzing 5 states in spread 16
Analyzing 111 states in spread 17
Analyzing 1461 states in spread 18
Analyzing 13092 states in spread 19
Analyzing 60000 states in spread 20
Analyzing 60000 states in spread 21
Analyzing 60000 states in spread 22
Analyzing 60000 states in spread 23
Analyzing 60000 states in spread 24
Finished step 75, minimal spread 16, max spread 25, got 1 drops
Total number of curves 369422
Starting step 76
Analyzing 2 states in spread 16
Analyzing 60 states in spread 17
Analyzing 812 states in spread 18
Analyzing 8548 states in spread 19
Analyzing 60000 states in spread 20
Analyzing 60000 states in spread 21
Analyzing 60000 states in spread 22
Analyzing 60000 states in spread 23
Analyzing 60000 states in spread 24
Finished step 76, minimal spread 16, max spread 25, got 3 drops
Total number of curves 350405
Starting step 77
Analyzing 1 states in spread 16
Analyzing 29 states in spread 17
Analyzing 459 states in spread 18
Analyzing 5316 states in spread 19
Analyzing 44600 states in spread 20
Analyzing 60000 states in spread 21
Analyzing 60000 states in spread 22
Analyzing 60000 states in spread 23
Analyzing 60000 states in spread 24
Analyzing 60000 states in spread 25
Finished step 77, minimal spread 16, max spread 26, got 2 drops
Total number of curves 393573
Starting step 78
Analyzing 1 states in spread 16
Analyzing 16 states in spread 17
Analyzing 255 states in spread 18
Analyzing 3039 states in spread 19
Analyzing 30262 states in spread 20
Analyzing 60000 states in spread 21
Analyzing 60000 states in spread 22
Analyzing 60000 states in spread 23
Analyzing 60000 states in spread 24
Analyzing 60000 states in spread 25
Finished step 78, minimal spread 16, max spread 26, got 2 drops
Total number of curves 380096
Starting step 79
Analyzing 1 states in spread 16
Analyzing 9 states in spread 17
Analyzing 153 states in spread 18
Analyzing 1841 states in spread 19
Analyzing 18092 states in spread 20
Analyzing 60000 states in spread 21
Analyzing 60000 states in spread 22
Analyzing 60000 states in spread 23
Analyzing 60000 states in spread 24
Analyzing 60000 states in spread 25
Finished step 79, minimal spread 17, max spread 26, got 5 drops
Total number of curves 372940
Starting step 80
Analyzing 9 states in spread 17
Analyzing 82 states in spread 18
Analyzing 1192 states in spread 19
Analyzing 11657 states in spread 20
Analyzing 60000 states in spread 21
Analyzing 60000 states in spread 22
Analyzing 60000 states in spread 23
Analyzing 60000 states in spread 24
Analyzing 60000 states in spread 25
Finished step 80, minimal spread 17, max spread 26, got 8 drops
Total number of curves 368642
Starting step 81
Analyzing 1 states in spread 17
Analyzing 68 states in spread 18
Analyzing 663 states in spread 19
Analyzing 7910 states in spread 20
Analyzing 60000 states in spread 21
Analyzing 60000 states in spread 22
Analyzing 60000 states in spread 23
Analyzing 60000 states in spread 24
Analyzing 60000 states in spread 25
Finished step 81, minimal spread 17, max spread 26, got 6 drops
Total number of curves 348891
Starting step 82
Analyzing 1 states in spread 17
Analyzing 20 states in spread 18
Analyzing 493 states in spread 19
Analyzing 4599 states in spread 20
Analyzing 43778 states in spread 21
Analyzing 60000 states in spread 22
Analyzing 60000 states in spread 23
Analyzing 60000 states in spread 24
Analyzing 60000 states in spread 25
Analyzing 60000 states in spread 26
Finished step 82, minimal spread 17, max spread 27, got 10 drops
Total number of curves 390648
Starting step 83
Analyzing 2 states in spread 17
Analyzing 15 states in spread 18
Analyzing 214 states in spread 19
Analyzing 3299 states in spread 20
Analyzing 27118 states in spread 21
Analyzing 60000 states in spread 22
Analyzing 60000 states in spread 23
Analyzing 60000 states in spread 24
Analyzing 60000 states in spread 25
Analyzing 60000 states in spread 26
Finished step 83, minimal spread 17, max spread 27, got 10 drops
Total number of curves 381572
Starting step 84
Analyzing 1 states in spread 17
Analyzing 23 states in spread 18
Analyzing 137 states in spread 19
Analyzing 1705 states in spread 20
Analyzing 19706 states in spread 21
Analyzing 60000 states in spread 22
Analyzing 60000 states in spread 23
Analyzing 60000 states in spread 24
Analyzing 60000 states in spread 25
Analyzing 60000 states in spread 26
Finished step 84, minimal spread 18, max spread 27, got 4 drops
Total number of curves 372553
Starting step 85
Analyzing 10 states in spread 18
Analyzing 168 states in spread 19
Analyzing 1052 states in spread 20
Analyzing 11323 states in spread 21
Analyzing 60000 states in spread 22
Analyzing 60000 states in spread 23
Analyzing 60000 states in spread 24
Analyzing 60000 states in spread 25
Analyzing 60000 states in spread 26
Finished step 85, minimal spread 18, max spread 27, got 2 drops
Total number of curves 368217
Starting step 86
Analyzing 2 states in spread 18
Analyzing 80 states in spread 19
Analyzing 1061 states in spread 20
Analyzing 7074 states in spread 21
Analyzing 60000 states in spread 22
Analyzing 60000 states in spread 23
Analyzing 60000 states in spread 24
Analyzing 60000 states in spread 25
Analyzing 60000 states in spread 26
Finished step 86, minimal spread 19, max spread 27, got 3 drops
Total number of curves 347037
Starting step 87
Analyzing 32 states in spread 19
Analyzing 575 states in spread 20
Analyzing 6350 states in spread 21
Analyzing 40080 states in spread 22
Analyzing 60000 states in spread 23
Analyzing 60000 states in spread 24
Analyzing 60000 states in spread 25
Analyzing 60000 states in spread 26
Analyzing 60000 states in spread 27
Finished step 87, minimal spread 18, max spread 28, got 6 drops
Total number of curves 399349
Starting step 88
Analyzing 1 states in spread 18
Analyzing 15 states in spread 19
Analyzing 295 states in spread 20
Analyzing 3760 states in spread 21
Analyzing 35278 states in spread 22
Analyzing 60000 states in spread 23
Analyzing 60000 states in spread 24
Analyzing 60000 states in spread 25
Analyzing 60000 states in spread 26
Analyzing 60000 states in spread 27
Finished step 88, minimal spread 17, max spread 28, got 8 drops
Total number of curves 384605
Starting step 89
Analyzing 1 states in spread 17
Analyzing 3 states in spread 18
Analyzing 17 states in spread 19
Analyzing 178 states in spread 20
Analyzing 2170 states in spread 21
Analyzing 22236 states in spread 22
Analyzing 60000 states in spread 23
Analyzing 60000 states in spread 24
Analyzing 60000 states in spread 25
Analyzing 60000 states in spread 26
Analyzing 60000 states in spread 27
Finished step 89, minimal spread 17, max spread 28, got 1 drops
Total number of curves 375379
Starting step 90
Analyzing 1 states in spread 17
Analyzing 8 states in spread 18
Analyzing 25 states in spread 19
Analyzing 150 states in spread 20
Analyzing 1418 states in spread 21
Analyzing 13777 states in spread 22
Analyzing 60000 states in spread 23
Analyzing 60000 states in spread 24
Analyzing 60000 states in spread 25
Analyzing 60000 states in spread 26
Analyzing 60000 states in spread 27
Finished step 90, minimal spread 18, max spread 28, got 4 drops
Total number of curves 370639
Starting step 91
Analyzing 9 states in spread 18
Analyzing 47 states in spread 19
Analyzing 170 states in spread 20
Analyzing 1065 states in spread 21
Analyzing 9348 states in spread 22
Analyzing 60000 states in spread 23
Analyzing 60000 states in spread 24
Analyzing 60000 states in spread 25
Analyzing 60000 states in spread 26
Analyzing 60000 states in spread 27
Finished step 91, minimal spread 19, max spread 28, got 6 drops
Total number of curves 358139
Starting step 92
Analyzing 55 states in spread 19
Analyzing 263 states in spread 20
Analyzing 1047 states in spread 21
Analyzing 6754 states in spread 22
Analyzing 50020 states in spread 23
Analyzing 60000 states in spread 24
Analyzing 60000 states in spread 25
Analyzing 60000 states in spread 26
Analyzing 60000 states in spread 27
Analyzing 60000 states in spread 28
Finished step 92, minimal spread 19, max spread 29, got 4 drops
Total number of curves 405574
Starting step 93
Analyzing 4 states in spread 19
Analyzing 299 states in spread 20
Analyzing 1424 states in spread 21
Analyzing 6238 states in spread 22
Analyzing 37609 states in spread 23
Analyzing 60000 states in spread 24
Analyzing 60000 states in spread 25
Analyzing 60000 states in spread 26
Analyzing 60000 states in spread 27
Analyzing 60000 states in spread 28
Finished step 93, minimal spread 19, max spread 29, got 13 drops
Total number of curves 404191
Starting step 94
Analyzing 3 states in spread 19
Analyzing 47 states in spread 20
Analyzing 1570 states in spread 21
Analyzing 7703 states in spread 22
Analyzing 34868 states in spread 23
Analyzing 60000 states in spread 24
Analyzing 60000 states in spread 25
Analyzing 60000 states in spread 26
Analyzing 60000 states in spread 27
Analyzing 60000 states in spread 28
Finished step 94, minimal spread 19, max spread 29, got 10 drops
Total number of curves 409466
Starting step 95
Analyzing 1 states in spread 19
Analyzing 34 states in spread 20
Analyzing 348 states in spread 21
Analyzing 8231 states in spread 22
Analyzing 40852 states in spread 23
Analyzing 60000 states in spread 24
Analyzing 60000 states in spread 25
Analyzing 60000 states in spread 26
Analyzing 60000 states in spread 27
Analyzing 60000 states in spread 28
Finished step 95, minimal spread 19, max spread 29, got 15 drops
Total number of curves 405390
Starting step 96
Analyzing 1 states in spread 19
Analyzing 12 states in spread 20
Analyzing 252 states in spread 21
Analyzing 2284 states in spread 22
Analyzing 42841 states in spread 23
Analyzing 60000 states in spread 24
Analyzing 60000 states in spread 25
Analyzing 60000 states in spread 26
Analyzing 60000 states in spread 27
Analyzing 60000 states in spread 28
Finished step 96, minimal spread 19, max spread 29, got 13 drops
Total number of curves 375676
Starting step 97
Analyzing 1 states in spread 19
Analyzing 9 states in spread 20
Analyzing 102 states in spread 21
Analyzing 1649 states in spread 22
Analyzing 13915 states in spread 23
Analyzing 60000 states in spread 24
Analyzing 60000 states in spread 25
Analyzing 60000 states in spread 26
Analyzing 60000 states in spread 27
Analyzing 60000 states in spread 28
Finished step 97, minimal spread 20, max spread 29, got 3 drops
Total number of curves 370893
Starting step 98
Analyzing 7 states in spread 20
Analyzing 61 states in spread 21
Analyzing 748 states in spread 22
Analyzing 10077 states in spread 23
Analyzing 60000 states in spread 24
Analyzing 60000 states in spread 25
Analyzing 60000 states in spread 26
Analyzing 60000 states in spread 27
Analyzing 60000 states in spread 28
Finished step 98, minimal spread 20, max spread 29, got 5 drops
Total number of curves 358378
Starting step 99
Analyzing 1 states in spread 20
Analyzing 46 states in spread 21
Analyzing 422 states in spread 22
Analyzing 5000 states in spread 23
Analyzing 52909 states in spread 24
Analyzing 60000 states in spread 25
Analyzing 60000 states in spread 26
Analyzing 60000 states in spread 27
Analyzing 60000 states in spread 28
Analyzing 60000 states in spread 29
Finished step 99, minimal spread 21, max spread 30, got 3 drops
Total number of curves 391707
Starting step 100
Analyzing 19 states in spread 21
Analyzing 304 states in spread 22
Analyzing 2804 states in spread 23
Analyzing 28580 states in spread 24
Analyzing 60000 states in spread 25
Analyzing 60000 states in spread 26
Analyzing 60000 states in spread 27
Analyzing 60000 states in spread 28
Analyzing 60000 states in spread 29
Finished step 100, minimal spread 21, max spread 30, got 9 drops
Total number of curves 378899
Starting step 101
Analyzing 8 states in spread 21
Analyzing 181 states in spread 22
Analyzing 1966 states in spread 23
Analyzing 16744 states in spread 24
Analyzing 60000 states in spread 25
Analyzing 60000 states in spread 26
Analyzing 60000 states in spread 27
Analyzing 60000 states in spread 28
Analyzing 60000 states in spread 29
Finished step 101, minimal spread 21, max spread 30, got 11 drops
Total number of curves 373205
Starting step 102
Analyzing 6 states in spread 21
Analyzing 103 states in spread 22
Analyzing 1335 states in spread 23
Analyzing 11761 states in spread 24
Analyzing 60000 states in spread 25
Analyzing 60000 states in spread 26
Analyzing 60000 states in spread 27
Analyzing 60000 states in spread 28
Analyzing 60000 states in spread 29
Finished step 102, minimal spread 21, max spread 30, got 8 drops
Total number of curves 369351
Starting step 103
Analyzing 4 states in spread 21
Analyzing 70 states in spread 22
Analyzing 843 states in spread 23
Analyzing 8434 states in spread 24
Analyzing 60000 states in spread 25
Analyzing 60000 states in spread 26
Analyzing 60000 states in spread 27
Analyzing 60000 states in spread 28
Analyzing 60000 states in spread 29
Finished step 103, minimal spread 21, max spread 30, got 5 drops
Total number of curves 352659
Starting step 104
Analyzing 2 states in spread 21
Analyzing 50 states in spread 22
Analyzing 564 states in spread 23
Analyzing 5616 states in spread 24
Analyzing 46427 states in spread 25
Analyzing 60000 states in spread 26
Analyzing 60000 states in spread 27
Analyzing 60000 states in spread 28
Analyzing 60000 states in spread 29
Analyzing 60000 states in spread 30
Finished step 104, minimal spread 22, max spread 31, got 4 drops
Total number of curves 396592
Starting step 105
Analyzing 25 states in spread 22
Analyzing 399 states in spread 23
Analyzing 3800 states in spread 24
Analyzing 32368 states in spread 25
Analyzing 60000 states in spread 26
Analyzing 60000 states in spread 27
Analyzing 60000 states in spread 28
Analyzing 60000 states in spread 29
Analyzing 60000 states in spread 30
Finished step 105, minimal spread 22, max spread 31, got 5 drops
Total number of curves 385434
Starting step 106
Analyzing 10 states in spread 22
Analyzing 222 states in spread 23
Analyzing 2640 states in spread 24
Analyzing 22562 states in spread 25
Analyzing 60000 states in spread 26
Analyzing 60000 states in spread 27
Analyzing 60000 states in spread 28
Analyzing 60000 states in spread 29
Analyzing 60000 states in spread 30
Finished step 106, minimal spread 22, max spread 31, got 1 drops
Total number of curves 377487
Starting step 107
Analyzing 8 states in spread 22
Analyzing 118 states in spread 23
Analyzing 1605 states in spread 24
Analyzing 15756 states in spread 25
Analyzing 60000 states in spread 26
Analyzing 60000 states in spread 27
Analyzing 60000 states in spread 28
Analyzing 60000 states in spread 29
Analyzing 60000 states in spread 30
Finished step 107, minimal spread 22, max spread 31, got 4 drops
Total number of curves 371210
Starting step 108
Analyzing 3 states in spread 22
Analyzing 92 states in spread 23
Analyzing 952 states in spread 24
Analyzing 10163 states in spread 25
Analyzing 60000 states in spread 26
Analyzing 60000 states in spread 27
Analyzing 60000 states in spread 28
Analyzing 60000 states in spread 29
Analyzing 60000 states in spread 30
Finished step 108, minimal spread 22, max spread 31, got 4 drops
Total number of curves 360543
Starting step 109
Analyzing 1 states in spread 22
Analyzing 35 states in spread 23
Analyzing 703 states in spread 24
Analyzing 6494 states in spread 25
Analyzing 53310 states in spread 26
Analyzing 60000 states in spread 27
Analyzing 60000 states in spread 28
Analyzing 60000 states in spread 29
Analyzing 60000 states in spread 30
Finished step 109, minimal spread 23, max spread 31, got 3 drops
Total number of curves 341765
Starting step 110
Analyzing 18 states in spread 23
Analyzing 298 states in spread 24
Analyzing 4623 states in spread 25
Analyzing 36826 states in spread 26
Analyzing 60000 states in spread 27
Analyzing 60000 states in spread 28
Analyzing 60000 states in spread 29
Analyzing 60000 states in spread 30
Analyzing 60000 states in spread 31
Finished step 110, minimal spread 23, max spread 32, got 1 drops
Total number of curves 389167
Starting step 111
Analyzing 2 states in spread 23
Analyzing 181 states in spread 24
Analyzing 2197 states in spread 25
Analyzing 26787 states in spread 26
Analyzing 60000 states in spread 27
Analyzing 60000 states in spread 28
Analyzing 60000 states in spread 29
Analyzing 60000 states in spread 30
Analyzing 60000 states in spread 31
Finished step 111, minimal spread 23, max spread 32, got 7 drops
Total number of curves 375453
Starting step 112
Analyzing 1 states in spread 23
Analyzing 48 states in spread 24
Analyzing 1408 states in spread 25
Analyzing 13996 states in spread 26
Analyzing 60000 states in spread 27
Analyzing 60000 states in spread 28
Analyzing 60000 states in spread 29
Analyzing 60000 states in spread 30
Analyzing 60000 states in spread 31
Finished step 112, minimal spread 24, max spread 32, got 4 drops
Total number of curves 369878
Starting step 113
Analyzing 25 states in spread 24
Analyzing 526 states in spread 25
Analyzing 9327 states in spread 26
Analyzing 60000 states in spread 27
Analyzing 60000 states in spread 28
Analyzing 60000 states in spread 29
Analyzing 60000 states in spread 30
Analyzing 60000 states in spread 31
Finished step 113, minimal spread 24, max spread 32, got 4 drops
Total number of curves 353977
Starting step 114
Analyzing 7 states in spread 24
Analyzing 297 states in spread 25
Analyzing 4139 states in spread 26
Analyzing 49534 states in spread 27
Analyzing 60000 states in spread 28
Analyzing 60000 states in spread 29
Analyzing 60000 states in spread 30
Analyzing 60000 states in spread 31
Analyzing 60000 states in spread 32
Finished step 114, minimal spread 24, max spread 33, got 3 drops
Total number of curves 387327
Starting step 115
Analyzing 4 states in spread 24
Analyzing 138 states in spread 25
Analyzing 2416 states in spread 26
Analyzing 24769 states in spread 27
Analyzing 60000 states in spread 28
Analyzing 60000 states in spread 29
Analyzing 60000 states in spread 30
Analyzing 60000 states in spread 31
Analyzing 60000 states in spread 32
Finished step 115, minimal spread 24, max spread 33, got 2 drops
Total number of curves 376670
Starting step 116
Analyzing 3 states in spread 24
Analyzing 69 states in spread 25
Analyzing 1350 states in spread 26
Analyzing 15248 states in spread 27
Analyzing 60000 states in spread 28
Analyzing 60000 states in spread 29
Analyzing 60000 states in spread 30
Analyzing 60000 states in spread 31
Analyzing 60000 states in spread 32
Finished step 116, minimal spread 23, max spread 33, got 7 drops
Total number of curves 370209
Starting step 117
Analyzing 1 states in spread 23
Analyzing 4 states in spread 24
Analyzing 50 states in spread 25
Analyzing 699 states in spread 26
Analyzing 9455 states in spread 27
Analyzing 60000 states in spread 28
Analyzing 60000 states in spread 29
Analyzing 60000 states in spread 30
Analyzing 60000 states in spread 31
Analyzing 60000 states in spread 32
Finished step 117, minimal spread 24, max spread 33, got 6 drops
Total number of curves 356555
Starting step 118
Analyzing 11 states in spread 24
Analyzing 47 states in spread 25
Analyzing 489 states in spread 26
Analyzing 5166 states in spread 27
Analyzing 50842 states in spread 28
Analyzing 60000 states in spread 29
Analyzing 60000 states in spread 30
Analyzing 60000 states in spread 31
Analyzing 60000 states in spread 32
Analyzing 60000 states in spread 33
Finished step 118, minimal spread 24, max spread 34, got 5 drops
Total number of curves 394100
Starting step 119
Analyzing 2 states in spread 24
Analyzing 80 states in spread 25
Analyzing 389 states in spread 26
Analyzing 3541 states in spread 27
Analyzing 30088 states in spread 28
Analyzing 60000 states in spread 29
Analyzing 60000 states in spread 30
Analyzing 60000 states in spread 31
Analyzing 60000 states in spread 32
Analyzing 60000 states in spread 33
Finished step 119, minimal spread 25, max spread 34, got 4 drops
Total number of curves 384492
Starting step 120
Analyzing 28 states in spread 25
Analyzing 510 states in spread 26
Analyzing 2665 states in spread 27
Analyzing 21289 states in spread 28
Analyzing 60000 states in spread 29
Analyzing 60000 states in spread 30
Analyzing 60000 states in spread 31
Analyzing 60000 states in spread 32
Analyzing 60000 states in spread 33
Finished step 120, minimal spread 25, max spread 34, got 2 drops
Total number of curves 379387
Starting step 121
Analyzing 8 states in spread 25
Analyzing 232 states in spread 26
Analyzing 3001 states in spread 27
Analyzing 16146 states in spread 28
Analyzing 60000 states in spread 29
Analyzing 60000 states in spread 30
Analyzing 60000 states in spread 31
Analyzing 60000 states in spread 32
Analyzing 60000 states in spread 33
Finished step 121, minimal spread 25, max spread 34, got 2 drops
Total number of curves 378540
Starting step 122
Analyzing 5 states in spread 25
Analyzing 96 states in spread 26
Analyzing 1544 states in spread 27
Analyzing 16895 states in spread 28
Analyzing 60000 states in spread 29
Analyzing 60000 states in spread 30
Analyzing 60000 states in spread 31
Analyzing 60000 states in spread 32
Analyzing 60000 states in spread 33
Finished step 122, minimal spread 25, max spread 34, got 5 drops
Total number of curves 370211
Starting step 123
Analyzing 3 states in spread 25
Analyzing 60 states in spread 26
Analyzing 734 states in spread 27
Analyzing 9414 states in spread 28
Analyzing 60000 states in spread 29
Analyzing 60000 states in spread 30
Analyzing 60000 states in spread 31
Analyzing 60000 states in spread 32
Analyzing 60000 states in spread 33
Finished step 123, minimal spread 25, max spread 34, got 3 drops
Total number of curves 355214
Starting step 124
Analyzing 2 states in spread 25
Analyzing 35 states in spread 26
Analyzing 479 states in spread 27
Analyzing 4921 states in spread 28
Analyzing 49777 states in spread 29
Analyzing 60000 states in spread 30
Analyzing 60000 states in spread 31
Analyzing 60000 states in spread 32
Analyzing 60000 states in spread 33
Analyzing 60000 states in spread 34
Finished step 124, minimal spread 25, max spread 35, got 2 drops
Total number of curves 391951
Starting step 125
Analyzing 1 states in spread 25
Analyzing 25 states in spread 26
Analyzing 272 states in spread 27
Analyzing 3327 states in spread 28
Analyzing 28326 states in spread 29
Analyzing 60000 states in spread 30
Analyzing 60000 states in spread 31
Analyzing 60000 states in spread 32
Analyzing 60000 states in spread 33
Analyzing 60000 states in spread 34
Finished step 125, minimal spread 25, max spread 35, got 3 drops
Total number of curves 382215
Starting step 126
Analyzing 2 states in spread 25
Analyzing 10 states in spread 26
Analyzing 185 states in spread 27
Analyzing 1915 states in spread 28
Analyzing 20103 states in spread 29
Analyzing 60000 states in spread 30
Analyzing 60000 states in spread 31
Analyzing 60000 states in spread 32
Analyzing 60000 states in spread 33
Analyzing 60000 states in spread 34
Finished step 126, minimal spread 25, max spread 35, got 6 drops
Total number of curves 373332
Starting step 127
Analyzing 1 states in spread 25
Analyzing 15 states in spread 26
Analyzing 79 states in spread 27
Analyzing 1274 states in spread 28
Analyzing 11963 states in spread 29
Analyzing 60000 states in spread 30
Analyzing 60000 states in spread 31
Analyzing 60000 states in spread 32
Analyzing 60000 states in spread 33
Analyzing 60000 states in spread 34
Finished step 127, minimal spread 26, max spread 35, got 4 drops
Total number of curves 368742
Starting step 128
Analyzing 7 states in spread 26
Analyzing 97 states in spread 27
Analyzing 619 states in spread 28
Analyzing 8019 states in spread 29
Analyzing 60000 states in spread 30
Analyzing 60000 states in spread 31
Analyzing 60000 states in spread 32
Analyzing 60000 states in spread 33
Analyzing 60000 states in spread 34
Finished step 128, minimal spread 27, max spread 35, got 2 drops
Total number of curves 348491
Starting step 129
Analyzing 54 states in spread 27
Analyzing 610 states in spread 28
Analyzing 4303 states in spread 29
Analyzing 43524 states in spread 30
Analyzing 60000 states in spread 31
Analyzing 60000 states in spread 32
Analyzing 60000 states in spread 33
Analyzing 60000 states in spread 34
Analyzing 60000 states in spread 35
Finished step 129, minimal spread 27, max spread 36, got 3 drops
Total number of curves 389660
Starting step 130
Analyzing 7 states in spread 27
Analyzing 389 states in spread 28
Analyzing 3683 states in spread 29
Analyzing 25581 states in spread 30
Analyzing 60000 states in spread 31
Analyzing 60000 states in spread 32
Analyzing 60000 states in spread 33
Analyzing 60000 states in spread 34
Analyzing 60000 states in spread 35
Finished step 130, minimal spread 27, max spread 36, got 2 drops
Total number of curves 383579
Starting step 131
Analyzing 2 states in spread 27
Analyzing 100 states in spread 28
Analyzing 2531 states in spread 29
Analyzing 20946 states in spread 30
Analyzing 60000 states in spread 31
Analyzing 60000 states in spread 32
Analyzing 60000 states in spread 33
Analyzing 60000 states in spread 34
Analyzing 60000 states in spread 35
Finished step 131, minimal spread 27, max spread 36, got 4 drops
Total number of curves 375909
Starting step 132
Analyzing 1 states in spread 27
Analyzing 49 states in spread 28
Analyzing 882 states in spread 29
Analyzing 14977 states in spread 30
Analyzing 60000 states in spread 31
Analyzing 60000 states in spread 32
Analyzing 60000 states in spread 33
Analyzing 60000 states in spread 34
Analyzing 60000 states in spread 35
Finished step 132, minimal spread 27, max spread 36, got 6 drops
Total number of curves 366750
Starting step 133
Analyzing 1 states in spread 27
Analyzing 23 states in spread 28
Analyzing 514 states in spread 29
Analyzing 6212 states in spread 30
Analyzing 60000 states in spread 31
Analyzing 60000 states in spread 32
Analyzing 60000 states in spread 33
Analyzing 60000 states in spread 34
Analyzing 60000 states in spread 35
Finished step 133, minimal spread 27, max spread 36, got 6 drops
Total number of curves 338207
Starting step 134
Analyzing 1 states in spread 27
Analyzing 17 states in spread 28
Analyzing 256 states in spread 29
Analyzing 3916 states in spread 30
Analyzing 34017 states in spread 31
Analyzing 60000 states in spread 32
Analyzing 60000 states in spread 33
Analyzing 60000 states in spread 34
Analyzing 60000 states in spread 35
Analyzing 60000 states in spread 36
Finished step 134, minimal spread 28, max spread 37, got 6 drops
Total number of curves 385511
Starting step 135
Analyzing 10 states in spread 28
Analyzing 176 states in spread 29
Analyzing 2118 states in spread 30
Analyzing 23207 states in spread 31
Analyzing 60000 states in spread 32
Analyzing 60000 states in spread 33
Analyzing 60000 states in spread 34
Analyzing 60000 states in spread 35
Analyzing 60000 states in spread 36
Finished step 135, minimal spread 28, max spread 37, got 3 drops
Total number of curves 375171
Starting step 136
Analyzing 2 states in spread 28
Analyzing 96 states in spread 29
Analyzing 1405 states in spread 30
Analyzing 13668 states in spread 31
Analyzing 60000 states in spread 32
Analyzing 60000 states in spread 33
Analyzing 60000 states in spread 34
Analyzing 60000 states in spread 35
Analyzing 60000 states in spread 36
Finished step 136, minimal spread 28, max spread 37, got 1 drops
Total number of curves 370003
Starting step 137
Analyzing 2 states in spread 28
Analyzing 35 states in spread 29
Analyzing 800 states in spread 30
Analyzing 9166 states in spread 31
Analyzing 60000 states in spread 32
Analyzing 60000 states in spread 33
Analyzing 60000 states in spread 34
Analyzing 60000 states in spread 35
Analyzing 60000 states in spread 36
Finished step 137, minimal spread 28, max spread 37, got 4 drops
Total number of curves 355287
Starting step 138
Analyzing 2 states in spread 28
Analyzing 27 states in spread 29
Analyzing 362 states in spread 30
Analyzing 5522 states in spread 31
Analyzing 49374 states in spread 32
Analyzing 60000 states in spread 33
Analyzing 60000 states in spread 34
Analyzing 60000 states in spread 35
Analyzing 60000 states in spread 36
Analyzing 60000 states in spread 37
Finished step 138, minimal spread 28, max spread 38, got 5 drops
Total number of curves 395064
Starting step 139
Analyzing 1 states in spread 28
Analyzing 29 states in spread 29
Analyzing 253 states in spread 30
Analyzing 2820 states in spread 31
Analyzing 31961 states in spread 32
Analyzing 60000 states in spread 33
Analyzing 60000 states in spread 34
Analyzing 60000 states in spread 35
Analyzing 60000 states in spread 36
Analyzing 60000 states in spread 37
Finished step 139, minimal spread 28, max spread 38, got 4 drops
Total number of curves 380071
Starting step 140
Analyzing 1 states in spread 28
Analyzing 18 states in spread 29
Analyzing 248 states in spread 30
Analyzing 1908 states in spread 31
Analyzing 17896 states in spread 32
Analyzing 60000 states in spread 33
Analyzing 60000 states in spread 34
Analyzing 60000 states in spread 35
Analyzing 60000 states in spread 36
Analyzing 60000 states in spread 37
Finished step 140, minimal spread 29, max spread 38, got 3 drops
Total number of curves 374099
Starting step 141
Analyzing 16 states in spread 29
Analyzing 171 states in spread 30
Analyzing 1707 states in spread 31
Analyzing 12205 states in spread 32
Analyzing 60000 states in spread 33
Analyzing 60000 states in spread 34
Analyzing 60000 states in spread 35
Analyzing 60000 states in spread 36
Analyzing 60000 states in spread 37
Finished step 141, minimal spread 29, max spread 38, got 4 drops
Total number of curves 371843
Starting step 142
Analyzing 6 states in spread 29
Analyzing 146 states in spread 30
Analyzing 1238 states in spread 31
Analyzing 10453 states in spread 32
Analyzing 60000 states in spread 33
Analyzing 60000 states in spread 34
Analyzing 60000 states in spread 35
Analyzing 60000 states in spread 36
Analyzing 60000 states in spread 37
Finished step 142, minimal spread 29, max spread 38, got 3 drops
Total number of curves 364247
Starting step 143
Analyzing 3 states in spread 29
Analyzing 63 states in spread 30
Analyzing 1032 states in spread 31
Analyzing 7749 states in spread 32
Analyzing 55400 states in spread 33
Analyzing 60000 states in spread 34
Analyzing 60000 states in spread 35
Analyzing 60000 states in spread 36
Analyzing 60000 states in spread 37
Finished step 143, minimal spread 29, max spread 38, got 4 drops
Total number of curves 349681
Starting step 144
Analyzing 2 states in spread 29
Analyzing 32 states in spread 30
Analyzing 461 states in spread 31
Analyzing 6459 states in spread 32
Analyzing 42727 states in spread 33
Analyzing 60000 states in spread 34
Analyzing 60000 states in spread 35
Analyzing 60000 states in spread 36
Analyzing 60000 states in spread 37
Analyzing 60000 states in spread 38
Finished step 144, minimal spread 29, max spread 39, got 4 drops
Total number of curves 399812
Starting step 145
Analyzing 2 states in spread 29
Analyzing 20 states in spread 30
Analyzing 251 states in spread 31
Analyzing 3105 states in spread 32
Analyzing 36434 states in spread 33
Analyzing 60000 states in spread 34
Analyzing 60000 states in spread 35
Analyzing 60000 states in spread 36
Analyzing 60000 states in spread 37
Analyzing 60000 states in spread 38
Finished step 145, minimal spread 29, max spread 39, got 3 drops
Total number of curves 380973
Starting step 146
Analyzing 2 states in spread 29
Analyzing 21 states in spread 30
Analyzing 150 states in spread 31
Analyzing 1783 states in spread 32
Analyzing 19017 states in spread 33
Analyzing 60000 states in spread 34
Analyzing 60000 states in spread 35
Analyzing 60000 states in spread 36
Analyzing 60000 states in spread 37
Analyzing 60000 states in spread 38
Finished step 146, minimal spread 29, max spread 39, got 5 drops
Total number of curves 372692
Starting step 147
Analyzing 1 states in spread 29
Analyzing 20 states in spread 30
Analyzing 149 states in spread 31
Analyzing 1073 states in spread 32
Analyzing 11449 states in spread 33
Analyzing 60000 states in spread 34
Analyzing 60000 states in spread 35
Analyzing 60000 states in spread 36
Analyzing 60000 states in spread 37
Analyzing 60000 states in spread 38
Finished step 147, minimal spread 30, max spread 39, got 1 drops
Total number of curves 366881
Starting step 148
Analyzing 10 states in spread 30
Analyzing 139 states in spread 31
Analyzing 956 states in spread 32
Analyzing 7142 states in spread 33
Analyzing 58634 states in spread 34
Analyzing 60000 states in spread 35
Analyzing 60000 states in spread 36
Analyzing 60000 states in spread 37
Analyzing 60000 states in spread 38
Finished step 148, minimal spread 30, max spread 39, got 5 drops
Total number of curves 346103
Starting step 149
Analyzing 1 states in spread 30
Analyzing 78 states in spread 31
Analyzing 852 states in spread 32
Analyzing 5993 states in spread 33
Analyzing 39179 states in spread 34
Analyzing 60000 states in spread 35
Analyzing 60000 states in spread 36
Analyzing 60000 states in spread 37
Analyzing 60000 states in spread 38
Analyzing 60000 states in spread 39
Finished step 149, minimal spread 31, max spread 40, got 5 drops
Total number of curves 399092
Starting step 150
Analyzing 28 states in spread 31
Analyzing 524 states in spread 32
Analyzing 5003 states in spread 33
Analyzing 33537 states in spread 34
Analyzing 60000 states in spread 35
Analyzing 60000 states in spread 36
Analyzing 60000 states in spread 37
Analyzing 60000 states in spread 38
Analyzing 60000 states in spread 39
Finished step 150, minimal spread 31, max spread 40, got 7 drops
Total number of curves 391081
Starting step 151
Analyzing 9 states in spread 31
Analyzing 260 states in spread 32
Analyzing 3270 states in spread 33
Analyzing 27542 states in spread 34
Analyzing 60000 states in spread 35
Analyzing 60000 states in spread 36
Analyzing 60000 states in spread 37
Analyzing 60000 states in spread 38
Analyzing 60000 states in spread 39
Finished step 151, minimal spread 31, max spread 40, got 2 drops
Total number of curves 380922
Starting step 152
Analyzing 6 states in spread 31
Analyzing 105 states in spread 32
Analyzing 1831 states in spread 33
Analyzing 18980 states in spread 34
Analyzing 60000 states in spread 35
Analyzing 60000 states in spread 36
Analyzing 60000 states in spread 37
Analyzing 60000 states in spread 38
Analyzing 60000 states in spread 39
Finished step 152, minimal spread 31, max spread 40, got 6 drops
Total number of curves 372264
Starting step 153
Analyzing 6 states in spread 31
Analyzing 75 states in spread 32
Analyzing 854 states in spread 33
Analyzing 11329 states in spread 34
Analyzing 60000 states in spread 35
Analyzing 60000 states in spread 36
Analyzing 60000 states in spread 37
Analyzing 60000 states in spread 38
Analyzing 60000 states in spread 39
Finished step 153, minimal spread 31, max spread 40, got 5 drops
Total number of curves 363545
Starting step 154
Analyzing 3 states in spread 31
Analyzing 59 states in spread 32
Analyzing 609 states in spread 33
Analyzing 5840 states in spread 34
Analyzing 57034 states in spread 35
Analyzing 60000 states in spread 36
Analyzing 60000 states in spread 37
Analyzing 60000 states in spread 38
Analyzing 60000 states in spread 39
Finished step 154, minimal spread 31, max spread 40, got 6 drops
Total number of curves 337083
Starting step 155
Analyzing 1 states in spread 31
Analyzing 37 states in spread 32
Analyzing 438 states in spread 33
Analyzing 4147 states in spread 34
Analyzing 32460 states in spread 35
Analyzing 60000 states in spread 36
Analyzing 60000 states in spread 37
Analyzing 60000 states in spread 38
Analyzing 60000 states in spread 39
Analyzing 60000 states in spread 40
Finished step 155, minimal spread 31, max spread 41, got 6 drops
Total number of curves 387161
Starting step 156
Analyzing 2 states in spread 31
Analyzing 18 states in spread 32
Analyzing 304 states in spread 33
Analyzing 2928 states in spread 34
Analyzing 23909 states in spread 35
Analyzing 60000 states in spread 36
Analyzing 60000 states in spread 37
Analyzing 60000 states in spread 38
Analyzing 60000 states in spread 39
Analyzing 60000 states in spread 40
Finished step 156, minimal spread 31, max spread 41, got 1 drops
Total number of curves 379531
Starting step 157
Analyzing 1 states in spread 31
Analyzing 23 states in spread 32
Analyzing 163 states in spread 33
Analyzing 2058 states in spread 34
Analyzing 17286 states in spread 35
Analyzing 60000 states in spread 36
Analyzing 60000 states in spread 37
Analyzing 60000 states in spread 38
Analyzing 60000 states in spread 39
Analyzing 60000 states in spread 40
Finished step 157, minimal spread 32, max spread 41, got 4 drops
Total number of curves 373701
Starting step 158
Analyzing 13 states in spread 32
Analyzing 163 states in spread 33
Analyzing 1179 states in spread 34
Analyzing 12346 states in spread 35
Analyzing 60000 states in spread 36
Analyzing 60000 states in spread 37
Analyzing 60000 states in spread 38
Analyzing 60000 states in spread 39
Analyzing 60000 states in spread 40
Finished step 158, minimal spread 32, max spread 41, got 7 drops
Total number of curves 368600
Starting step 159
Analyzing 4 states in spread 32
Analyzing 116 states in spread 33
Analyzing 997 states in spread 34
Analyzing 7483 states in spread 35
Analyzing 60000 states in spread 36
Analyzing 60000 states in spread 37
Analyzing 60000 states in spread 38
Analyzing 60000 states in spread 39
Analyzing 60000 states in spread 40
Finished step 159, minimal spread 31, max spread 41, got 4 drops
Total number of curves 347305
Starting step 160
Analyzing 1 states in spread 31
Analyzing 3 states in spread 32
Analyzing 47 states in spread 33
Analyzing 791 states in spread 34
Analyzing 5838 states in spread 35
Analyzing 40625 states in spread 36
Analyzing 60000 states in spread 37
Analyzing 60000 states in spread 38
Analyzing 60000 states in spread 39
Analyzing 60000 states in spread 40
Analyzing 60000 states in spread 41
Finished step 160, minimal spread 31, max spread 42, got 2 drops
Total number of curves 396870
Starting step 161
Analyzing 2 states in spread 31
Analyzing 8 states in spread 32
Analyzing 32 states in spread 33
Analyzing 367 states in spread 34
Analyzing 4800 states in spread 35
Analyzing 31661 states in spread 36
Analyzing 60000 states in spread 37
Analyzing 60000 states in spread 38
Analyzing 60000 states in spread 39
Analyzing 60000 states in spread 40
Analyzing 60000 states in spread 41
Finished step 161, minimal spread 31, max spread 42, got 2 drops
Total number of curves 389483
Starting step 162
Analyzing 3 states in spread 31
Analyzing 16 states in spread 32
Analyzing 52 states in spread 33
Analyzing 252 states in spread 34
Analyzing 2423 states in spread 35
Analyzing 26737 states in spread 36
Analyzing 60000 states in spread 37
Analyzing 60000 states in spread 38
Analyzing 60000 states in spread 39
Analyzing 60000 states in spread 40
Analyzing 60000 states in spread 41
Finished step 162, minimal spread 32, max spread 42, got 3 drops
Total number of curves 376580
Starting step 163
Analyzing 28 states in spread 32
Analyzing 91 states in spread 33
Analyzing 331 states in spread 34
Analyzing 1683 states in spread 35
Analyzing 14447 states in spread 36
Analyzing 60000 states in spread 37
Analyzing 60000 states in spread 38
Analyzing 60000 states in spread 39
Analyzing 60000 states in spread 40
Analyzing 60000 states in spread 41
Finished step 163, minimal spread 32, max spread 42, got 5 drops
Total number of curves 372927
Starting step 164
Analyzing 3 states in spread 32
Analyzing 166 states in spread 33
Analyzing 509 states in spread 34
Analyzing 1969 states in spread 35
Analyzing 10280 states in spread 36
Analyzing 60000 states in spread 37
Analyzing 60000 states in spread 38
Analyzing 60000 states in spread 39
Analyzing 60000 states in spread 40
Analyzing 60000 states in spread 41
Finished step 164, minimal spread 32, max spread 42, got 3 drops
Total number of curves 368378
Starting step 165
Analyzing 5 states in spread 32
Analyzing 34 states in spread 33
Analyzing 889 states in spread 34
Analyzing 2788 states in spread 35
Analyzing 11181 states in spread 36
Analyzing 53481 states in spread 37
Analyzing 60000 states in spread 38
Analyzing 60000 states in spread 39
Analyzing 60000 states in spread 40
Analyzing 60000 states in spread 41
Finished step 165, minimal spread 32, max spread 42, got 2 drops
Total number of curves 378303
Starting step 166
Analyzing 2 states in spread 32
Analyzing 49 states in spread 33
Analyzing 266 states in spread 34
Analyzing 4624 states in spread 35
Analyzing 14916 states in spread 36
Analyzing 58446 states in spread 37
Analyzing 60000 states in spread 38
Analyzing 60000 states in spread 39
Analyzing 60000 states in spread 40
Analyzing 60000 states in spread 41
Finished step 166, minimal spread 32, max spread 42, got 2 drops
Total number of curves 385774
Starting step 167
Analyzing 1 states in spread 32
Analyzing 19 states in spread 33
Analyzing 324 states in spread 34
Analyzing 1741 states in spread 35
Analyzing 23689 states in spread 36
Analyzing 60000 states in spread 37
Analyzing 60000 states in spread 38
Analyzing 60000 states in spread 39
Analyzing 60000 states in spread 40
Analyzing 60000 states in spread 41
Finished step 167, minimal spread 33, max spread 42, got 3 drops
Total number of curves 372368
Starting step 168
Analyzing 12 states in spread 33
Analyzing 133 states in spread 34
Analyzing 1904 states in spread 35
Analyzing 10319 states in spread 36
Analyzing 60000 states in spread 37
Analyzing 60000 states in spread 38
Analyzing 60000 states in spread 39
Analyzing 60000 states in spread 40
Analyzing 60000 states in spread 41
Finished step 168, minimal spread 33, max spread 42, got 4 drops
Total number of curves 365563
Starting step 169
Analyzing 5 states in spread 33
Analyzing 86 states in spread 34
Analyzing 844 states in spread 35
Analyzing 10662 states in spread 36
Analyzing 53966 states in spread 37
Analyzing 60000 states in spread 38
Analyzing 60000 states in spread 39
Analyzing 60000 states in spread 40
Analyzing 60000 states in spread 41
Finished step 169, minimal spread 34, max spread 42, got 4 drops
Total number of curves 361638
Starting step 170
Analyzing 54 states in spread 34
Analyzing 546 states in spread 35
Analyzing 5130 states in spread 36
Analyzing 55908 states in spread 37
Analyzing 60000 states in spread 38
Analyzing 60000 states in spread 39
Analyzing 60000 states in spread 40
Analyzing 60000 states in spread 41
Finished step 170, minimal spread 34, max spread 42, got 1 drops
Total number of curves 332869
Starting step 171
Analyzing 12 states in spread 34
Analyzing 395 states in spread 35
Analyzing 3357 states in spread 36
Analyzing 29105 states in spread 37
Analyzing 60000 states in spread 38
Analyzing 60000 states in spread 39
Analyzing 60000 states in spread 40
Analyzing 60000 states in spread 41
Analyzing 60000 states in spread 42
Finished step 171, minimal spread 34, max spread 43, got 3 drops
Total number of curves 382247
Starting step 172
Analyzing 8 states in spread 34
Analyzing 141 states in spread 35
Analyzing 2522 states in spread 36
Analyzing 19576 states in spread 37
Analyzing 60000 states in spread 38
Analyzing 60000 states in spread 39
Analyzing 60000 states in spread 40
Analyzing 60000 states in spread 41
Analyzing 60000 states in spread 42
Finished step 172, minimal spread 34, max spread 43, got 5 drops
Total number of curves 376101
Starting step 173
Analyzing 4 states in spread 34
Analyzing 88 states in spread 35
Analyzing 1146 states in spread 36
Analyzing 14863 states in spread 37
Analyzing 60000 states in spread 38
Analyzing 60000 states in spread 39
Analyzing 60000 states in spread 40
Analyzing 60000 states in spread 41
Analyzing 60000 states in spread 42
Finished step 173, minimal spread 34, max spread 43, got 2 drops
Total number of curves 368502
Starting step 174
Analyzing 3 states in spread 34
Analyzing 51 states in spread 35
Analyzing 702 states in spread 36
Analyzing 7746 states in spread 37
Analyzing 60000 states in spread 38
Analyzing 60000 states in spread 39
Analyzing 60000 states in spread 40
Analyzing 60000 states in spread 41
Analyzing 60000 states in spread 42
Finished step 174, minimal spread 34, max spread 43, got 5 drops
Total number of curves 347552
Starting step 175
Analyzing 4 states in spread 34
Analyzing 35 states in spread 35
Analyzing 430 states in spread 36
Analyzing 4830 states in spread 37
Analyzing 42253 states in spread 38
Analyzing 60000 states in spread 39
Analyzing 60000 states in spread 40
Analyzing 60000 states in spread 41
Analyzing 60000 states in spread 42
Analyzing 60000 states in spread 43
Finished step 175, minimal spread 34, max spread 44, got 5 drops
Total number of curves 391146
Starting step 176
Analyzing 4 states in spread 34
Analyzing 42 states in spread 35
Analyzing 282 states in spread 36
Analyzing 3076 states in spread 37
Analyzing 27742 states in spread 38
Analyzing 60000 states in spread 39
Analyzing 60000 states in spread 40
Analyzing 60000 states in spread 41
Analyzing 60000 states in spread 42
Analyzing 60000 states in spread 43
Finished step 176, minimal spread 34, max spread 44, got 5 drops
Total number of curves 380908
Starting step 177
Analyzing 2 states in spread 34
Analyzing 48 states in spread 35
Analyzing 293 states in spread 36
Analyzing 1986 states in spread 37
Analyzing 18579 states in spread 38
Analyzing 60000 states in spread 39
Analyzing 60000 states in spread 40
Analyzing 60000 states in spread 41
Analyzing 60000 states in spread 42
Analyzing 60000 states in spread 43
Finished step 177, minimal spread 34, max spread 44, got 3 drops
Total number of curves 374351
Starting step 178
Analyzing 1 states in spread 34
Analyzing 26 states in spread 35
Analyzing 334 states in spread 36
Analyzing 1852 states in spread 37
Analyzing 12138 states in spread 38
Analyzing 60000 states in spread 39
Analyzing 60000 states in spread 40
Analyzing 60000 states in spread 41
Analyzing 60000 states in spread 42
Analyzing 60000 states in spread 43
Finished step 178, minimal spread 34, max spread 44, got 2 drops
Total number of curves 373079
Starting step 179
Analyzing 1 states in spread 34
Analyzing 10 states in spread 35
Analyzing 212 states in spread 36
Analyzing 2000 states in spread 37
Analyzing 10856 states in spread 38
Analyzing 60000 states in spread 39
Analyzing 60000 states in spread 40
Analyzing 60000 states in spread 41
Analyzing 60000 states in spread 42
Analyzing 60000 states in spread 43
Finished step 179, minimal spread 34, max spread 44, got 4 drops
Total number of curves 369402
Starting step 180
Analyzing 1 states in spread 34
Analyzing 10 states in spread 35
Analyzing 98 states in spread 36
Analyzing 1385 states in spread 37
Analyzing 11150 states in spread 38
Analyzing 56758 states in spread 39
Analyzing 60000 states in spread 40
Analyzing 60000 states in spread 41
Analyzing 60000 states in spread 42
Analyzing 60000 states in spread 43
Finished step 180, minimal spread 35, max spread 44, got 8 drops
Total number of curves 367380
Starting step 181
Analyzing 10 states in spread 35
Analyzing 81 states in spread 36
Analyzing 774 states in spread 37
Analyzing 8124 states in spread 38
Analyzing 58391 states in spread 39
Analyzing 60000 states in spread 40
Analyzing 60000 states in spread 41
Analyzing 60000 states in spread 42
Analyzing 60000 states in spread 43
Finished step 181, minimal spread 35, max spread 44, got 3 drops
Total number of curves 350073
Starting step 182
Analyzing 2 states in spread 35
Analyzing 73 states in spread 36
Analyzing 583 states in spread 37
Analyzing 5082 states in spread 38
Analyzing 44333 states in spread 39
Analyzing 60000 states in spread 40
Analyzing 60000 states in spread 41
Analyzing 60000 states in spread 42
Analyzing 60000 states in spread 43
Analyzing 60000 states in spread 44
Finished step 182, minimal spread 35, max spread 45, got 0 drops
Total number of curves 394126
Starting step 183
Analyzing 2 states in spread 35
Analyzing 25 states in spread 36
Analyzing 466 states in spread 37
Analyzing 3746 states in spread 38
Analyzing 29887 states in spread 39
Analyzing 60000 states in spread 40
Analyzing 60000 states in spread 41
Analyzing 60000 states in spread 42
Analyzing 60000 states in spread 43
Analyzing 60000 states in spread 44
Finished step 183, minimal spread 35, max spread 45, got 4 drops
Total number of curves 385247
Starting step 184
Analyzing 2 states in spread 35
Analyzing 21 states in spread 36
Analyzing 203 states in spread 37
Analyzing 2816 states in spread 38
Analyzing 22205 states in spread 39
Analyzing 60000 states in spread 40
Analyzing 60000 states in spread 41
Analyzing 60000 states in spread 42
Analyzing 60000 states in spread 43
Analyzing 60000 states in spread 44
Finished step 184, minimal spread 35, max spread 45, got 3 drops
Total number of curves 377959
Starting step 185
Analyzing 1 states in spread 35
Analyzing 22 states in spread 36
Analyzing 165 states in spread 37
Analyzing 1402 states in spread 38
Analyzing 16369 states in spread 39
Analyzing 60000 states in spread 40
Analyzing 60000 states in spread 41
Analyzing 60000 states in spread 42
Analyzing 60000 states in spread 43
Analyzing 60000 states in spread 44
Finished step 185, minimal spread 36, max spread 45, got 7 drops
Total number of curves 370140
Starting step 186
Analyzing 11 states in spread 36
Analyzing 162 states in spread 37
Analyzing 1099 states in spread 38
Analyzing 8868 states in spread 39
Analyzing 60000 states in spread 40
Analyzing 60000 states in spread 41
Analyzing 60000 states in spread 42
Analyzing 60000 states in spread 43
Analyzing 60000 states in spread 44
Finished step 186, minimal spread 36, max spread 45, got 7 drops
Total number of curves 354210
Starting step 187
Analyzing 2 states in spread 36
Analyzing 80 states in spread 37
Analyzing 1017 states in spread 38
Analyzing 6795 states in spread 39
Analyzing 46316 states in spread 40
Analyzing 60000 states in spread 41
Analyzing 60000 states in spread 42
Analyzing 60000 states in spread 43
Analyzing 60000 states in spread 44
Analyzing 60000 states in spread 45
Finished step 187, minimal spread 36, max spread 46, got 5 drops
Total number of curves 403490
Starting step 188
Analyzing 2 states in spread 36
Analyzing 23 states in spread 37
Analyzing 531 states in spread 38
Analyzing 6021 states in spread 39
Analyzing 36913 states in spread 40
Analyzing 60000 states in spread 41
Analyzing 60000 states in spread 42
Analyzing 60000 states in spread 43
Analyzing 60000 states in spread 44
Analyzing 60000 states in spread 45
Finished step 188, minimal spread 36, max spread 46, got 2 drops
Total number of curves 396566
Starting step 189
Analyzing 2 states in spread 36
Analyzing 18 states in spread 37
Analyzing 193 states in spread 38
Analyzing 3370 states in spread 39
Analyzing 32983 states in spread 40
Analyzing 60000 states in spread 41
Analyzing 60000 states in spread 42
Analyzing 60000 states in spread 43
Analyzing 60000 states in spread 44
Analyzing 60000 states in spread 45
Finished step 189, minimal spread 36, max spread 46, got 5 drops
Total number of curves 381226
Starting step 190
Analyzing 2 states in spread 36
Analyzing 20 states in spread 37
Analyzing 129 states in spread 38
Analyzing 1475 states in spread 39
Analyzing 19600 states in spread 40
Analyzing 60000 states in spread 41
Analyzing 60000 states in spread 42
Analyzing 60000 states in spread 43
Analyzing 60000 states in spread 44
Analyzing 60000 states in spread 45
Finished step 190, minimal spread 35, max spread 46, got 6 drops
Total number of curves 370743
Starting step 191
Analyzing 1 states in spread 35
Analyzing 2 states in spread 36
Analyzing 19 states in spread 37
Analyzing 131 states in spread 38
Analyzing 930 states in spread 39
Analyzing 9660 states in spread 40
Analyzing 60000 states in spread 41
Analyzing 60000 states in spread 42
Analyzing 60000 states in spread 43
Analyzing 60000 states in spread 44
Analyzing 60000 states in spread 45
Finished step 191, minimal spread 35, max spread 46, got 0 drops
Total number of curves 356833
Starting step 192
Analyzing 2 states in spread 35
Analyzing 9 states in spread 36
Analyzing 12 states in spread 37
Analyzing 125 states in spread 38
Analyzing 826 states in spread 39
Analyzing 6160 states in spread 40
Analyzing 49699 states in spread 41
Analyzing 60000 states in spread 42
Analyzing 60000 states in spread 43
Analyzing 60000 states in spread 44
Analyzing 60000 states in spread 45
Analyzing 60000 states in spread 46
Finished step 192, minimal spread 35, max spread 47, got 1 drops
Total number of curves 399996
Starting step 193
Analyzing 1 states in spread 35
Analyzing 15 states in spread 36
Analyzing 52 states in spread 37
Analyzing 74 states in spread 38
Analyzing 765 states in spread 39
Analyzing 5060 states in spread 40
Analyzing 34029 states in spread 41
Analyzing 60000 states in spread 42
Analyzing 60000 states in spread 43
Analyzing 60000 states in spread 44
Analyzing 60000 states in spread 45
Analyzing 60000 states in spread 46
Finished step 193, minimal spread 35, max spread 47, got 2 drops
Total number of curves 393531
Starting step 194
Analyzing 1 states in spread 35
Analyzing 9 states in spread 36
Analyzing 79 states in spread 37
Analyzing 281 states in spread 38
Analyzing 456 states in spread 39
Analyzing 4603 states in spread 40
Analyzing 28102 states in spread 41
Analyzing 60000 states in spread 42
Analyzing 60000 states in spread 43
Analyzing 60000 states in spread 44
Analyzing 60000 states in spread 45
Analyzing 60000 states in spread 46
Finished step 194, minimal spread 36, max spread 47, got 4 drops
Total number of curves 390410
Starting step 195
Analyzing 7 states in spread 36
Analyzing 61 states in spread 37
Analyzing 388 states in spread 38
Analyzing 1494 states in spread 39
Analyzing 2783 states in spread 40
Analyzing 25677 states in spread 41
Analyzing 60000 states in spread 42
Analyzing 60000 states in spread 43
Analyzing 60000 states in spread 44
Analyzing 60000 states in spread 45
Analyzing 60000 states in spread 46
Finished step 195, minimal spread 36, max spread 47, got 3 drops
Total number of curves 386067
Starting step 196
Analyzing 1 states in spread 36
Analyzing 44 states in spread 37
Analyzing 350 states in spread 38
Analyzing 1912 states in spread 39
Analyzing 7828 states in spread 40
Analyzing 15932 states in spread 41
Analyzing 60000 states in spread 42
Analyzing 60000 states in spread 43
Analyzing 60000 states in spread 44
Analyzing 60000 states in spread 45
Analyzing 60000 states in spread 46
Finished step 196, minimal spread 37, max spread 47, got 3 drops
Total number of curves 411806
Starting step 197
Analyzing 18 states in spread 37
Analyzing 247 states in spread 38
Analyzing 1871 states in spread 39
Analyzing 9500 states in spread 40
Analyzing 40170 states in spread 41
Analyzing 60000 states in spread 42
Analyzing 60000 states in spread 43
Analyzing 60000 states in spread 44
Analyzing 60000 states in spread 45
Analyzing 60000 states in spread 46
Finished step 197, minimal spread 37, max spread 47, got 4 drops
Total number of curves 418510
Starting step 198
Analyzing 3 states in spread 37
Analyzing 148 states in spread 38
Analyzing 1318 states in spread 39
Analyzing 9648 states in spread 40
Analyzing 47393 states in spread 41
Analyzing 60000 states in spread 42
Analyzing 60000 states in spread 43
Analyzing 60000 states in spread 44
Analyzing 60000 states in spread 45
Analyzing 60000 states in spread 46
Finished step 198, minimal spread 37, max spread 47, got 3 drops
Total number of curves 416811
Starting step 199
Analyzing 2 states in spread 37
Analyzing 32 states in spread 38
Analyzing 943 states in spread 39
Analyzing 6896 states in spread 40
Analyzing 48938 states in spread 41
Analyzing 60000 states in spread 42
Analyzing 60000 states in spread 43
Analyzing 60000 states in spread 44
Analyzing 60000 states in spread 45
Analyzing 60000 states in spread 46
Finished step 199, minimal spread 37, max spread 47, got 1 drops
Total number of curves 401448
Starting step 200
Analyzing 1 states in spread 37
Analyzing 21 states in spread 38
Analyzing 249 states in spread 39
Analyzing 5401 states in spread 40
Analyzing 35776 states in spread 41
Analyzing 60000 states in spread 42
Analyzing 60000 states in spread 43
Analyzing 60000 states in spread 44
Analyzing 60000 states in spread 45
Analyzing 60000 states in spread 46
Finished step 200, minimal spread 37, max spread 47, got 1 drops
Total number of curves 391281
Starting step 201
Analyzing 1 states in spread 37
Analyzing 13 states in spread 38
Analyzing 168 states in spread 39
Analyzing 1700 states in spread 40
Analyzing 29399 states in spread 41
Analyzing 60000 states in spread 42
Analyzing 60000 states in spread 43
Analyzing 60000 states in spread 44
Analyzing 60000 states in spread 45
Analyzing 60000 states in spread 46
Finished step 201, minimal spread 38, max spread 47, got 2 drops
Total number of curves 372067
Starting step 202
Analyzing 12 states in spread 38
Analyzing 118 states in spread 39
Analyzing 1163 states in spread 40
Analyzing 10774 states in spread 41
Analyzing 60000 states in spread 42
Analyzing 60000 states in spread 43
Analyzing 60000 states in spread 44
Analyzing 60000 states in spread 45
Analyzing 60000 states in spread 46
Finished step 202, minimal spread 38, max spread 47, got 3 drops
Total number of curves 363231
Starting step 203
Analyzing 2 states in spread 38
Analyzing 96 states in spread 39
Analyzing 850 states in spread 40
Analyzing 7450 states in spread 41
Analyzing 54833 states in spread 42
Analyzing 60000 states in spread 43
Analyzing 60000 states in spread 44
Analyzing 60000 states in spread 45
Analyzing 60000 states in spread 46
Finished step 203, minimal spread 38, max spread 47, got 5 drops
Total number of curves 346382
Starting step 204
Analyzing 1 states in spread 38
Analyzing 33 states in spread 39
Analyzing 670 states in spread 40
Analyzing 5469 states in spread 41
Analyzing 40209 states in spread 42
Analyzing 60000 states in spread 43
Analyzing 60000 states in spread 44
Analyzing 60000 states in spread 45
Analyzing 60000 states in spread 46
Analyzing 60000 states in spread 47
Finished step 204, minimal spread 39, max spread 48, got 2 drops
Total number of curves 395187
Starting step 205
Analyzing 17 states in spread 39
Analyzing 314 states in spread 40
Analyzing 4237 states in spread 41
Analyzing 30619 states in spread 42
Analyzing 60000 states in spread 43
Analyzing 60000 states in spread 44
Analyzing 60000 states in spread 45
Analyzing 60000 states in spread 46
Analyzing 60000 states in spread 47
Finished step 205, minimal spread 39, max spread 48, got 5 drops
Total number of curves 386643
Starting step 206
Analyzing 4 states in spread 39
Analyzing 158 states in spread 40
Analyzing 2272 states in spread 41
Analyzing 24209 states in spread 42
Analyzing 60000 states in spread 43
Analyzing 60000 states in spread 44
Analyzing 60000 states in spread 45
Analyzing 60000 states in spread 46
Analyzing 60000 states in spread 47
Finished step 206, minimal spread 39, max spread 48, got 5 drops
Total number of curves 375319
Starting step 207
Analyzing 2 states in spread 39
Analyzing 61 states in spread 40
Analyzing 1200 states in spread 41
Analyzing 14056 states in spread 42
Analyzing 60000 states in spread 43
Analyzing 60000 states in spread 44
Analyzing 60000 states in spread 45
Analyzing 60000 states in spread 46
Analyzing 60000 states in spread 47
Finished step 207, minimal spread 39, max spread 48, got 4 drops
Total number of curves 368524
Starting step 208
Analyzing 1 states in spread 39
Analyzing 31 states in spread 40
Analyzing 556 states in spread 41
Analyzing 7936 states in spread 42
Analyzing 60000 states in spread 43
Analyzing 60000 states in spread 44
Analyzing 60000 states in spread 45
Analyzing 60000 states in spread 46
Analyzing 60000 states in spread 47
Finished step 208, minimal spread 39, max spread 48, got 5 drops
Total number of curves 348104
Starting step 209
Analyzing 1 states in spread 39
Analyzing 15 states in spread 40
Analyzing 312 states in spread 41
Analyzing 4088 states in spread 42
Analyzing 43688 states in spread 43
Analyzing 60000 states in spread 44
Analyzing 60000 states in spread 45
Analyzing 60000 states in spread 46
Analyzing 60000 states in spread 47
Analyzing 60000 states in spread 48
Finished step 209, minimal spread 39, max spread 49, got 5 drops
Total number of curves 387386
Starting step 210
Analyzing 1 states in spread 39
Analyzing 16 states in spread 40
Analyzing 166 states in spread 41
Analyzing 2399 states in spread 42
Analyzing 24804 states in spread 43
Analyzing 60000 states in spread 44
Analyzing 60000 states in spread 45
Analyzing 60000 states in spread 46
Analyzing 60000 states in spread 47
Analyzing 60000 states in spread 48
Finished step 210, minimal spread 39, max spread 49, got 8 drops
Total number of curves 376794
Starting step 211
Analyzing 2 states in spread 39
Analyzing 15 states in spread 40
Analyzing 152 states in spread 41
Analyzing 1354 states in spread 42
Analyzing 15271 states in spread 43
Analyzing 60000 states in spread 44
Analyzing 60000 states in spread 45
Analyzing 60000 states in spread 46
Analyzing 60000 states in spread 47
Analyzing 60000 states in spread 48
Finished step 211, minimal spread 39, max spread 49, got 5 drops
Total number of curves 370433
Starting step 212
Analyzing 1 states in spread 39
Analyzing 18 states in spread 40
Analyzing 129 states in spread 41
Analyzing 1124 states in spread 42
Analyzing 9161 states in spread 43
Analyzing 60000 states in spread 44
Analyzing 60000 states in spread 45
Analyzing 60000 states in spread 46
Analyzing 60000 states in spread 47
Analyzing 60000 states in spread 48
Finished step 212, minimal spread 39, max spread 49, got 6 drops
Total number of curves 358319
Starting step 213
Analyzing 1 states in spread 39
Analyzing 9 states in spread 40
Analyzing 119 states in spread 41
Analyzing 916 states in spread 42
Analyzing 7264 states in spread 43
Analyzing 50010 states in spread 44
Analyzing 60000 states in spread 45
Analyzing 60000 states in spread 46
Analyzing 60000 states in spread 47
Analyzing 60000 states in spread 48
Analyzing 60000 states in spread 49
Finished step 213, minimal spread 40, max spread 50, got 8 drops
Total number of curves 407462
Starting step 214
Analyzing 8 states in spread 40
Analyzing 63 states in spread 41
Analyzing 760 states in spread 42
Analyzing 5818 states in spread 43
Analyzing 40813 states in spread 44
Analyzing 60000 states in spread 45
Analyzing 60000 states in spread 46
Analyzing 60000 states in spread 47
Analyzing 60000 states in spread 48
Analyzing 60000 states in spread 49
Finished step 214, minimal spread 40, max spread 50, got 1 drops
Total number of curves 398453
Starting step 215
Analyzing 1 states in spread 40
Analyzing 49 states in spread 41
Analyzing 428 states in spread 42
Analyzing 4619 states in spread 43
Analyzing 33356 states in spread 44
Analyzing 60000 states in spread 45
Analyzing 60000 states in spread 46
Analyzing 60000 states in spread 47
Analyzing 60000 states in spread 48
Analyzing 60000 states in spread 49
Finished step 215, minimal spread 41, max spread 50, got 4 drops
Total number of curves 389484
Starting step 216
Analyzing 12 states in spread 41
Analyzing 297 states in spread 42
Analyzing 2778 states in spread 43
Analyzing 26397 states in spread 44
Analyzing 60000 states in spread 45
Analyzing 60000 states in spread 46
Analyzing 60000 states in spread 47
Analyzing 60000 states in spread 48
Analyzing 60000 states in spread 49
Finished step 216, minimal spread 41, max spread 50, got 4 drops
Total number of curves 378682
Starting step 217
Analyzing 2 states in spread 41
Analyzing 110 states in spread 42
Analyzing 1816 states in spread 43
Analyzing 16754 states in spread 44
Analyzing 60000 states in spread 45
Analyzing 60000 states in spread 46
Analyzing 60000 states in spread 47
Analyzing 60000 states in spread 48
Analyzing 60000 states in spread 49
Finished step 217, minimal spread 41, max spread 50, got 6 drops
Total number of curves 371748
Starting step 218
Analyzing 2 states in spread 41
Analyzing 38 states in spread 42
Analyzing 855 states in spread 43
Analyzing 10853 states in spread 44
Analyzing 60000 states in spread 45
Analyzing 60000 states in spread 46
Analyzing 60000 states in spread 47
Analyzing 60000 states in spread 48
Analyzing 60000 states in spread 49
Finished step 218, minimal spread 41, max spread 50, got 4 drops
Total number of curves 362092
Starting step 219
Analyzing 2 states in spread 41
Analyzing 32 states in spread 42
Analyzing 385 states in spread 43
Analyzing 5822 states in spread 44
Analyzing 55851 states in spread 45
Analyzing 60000 states in spread 46
Analyzing 60000 states in spread 47
Analyzing 60000 states in spread 48
Analyzing 60000 states in spread 49
Finished step 219, minimal spread 41, max spread 50, got 2 drops
Total number of curves 336667
Starting step 220
Analyzing 1 states in spread 41
Analyzing 26 states in spread 42
Analyzing 281 states in spread 43
Analyzing 2988 states in spread 44
Analyzing 33371 states in spread 45
Analyzing 60000 states in spread 46
Analyzing 60000 states in spread 47
Analyzing 60000 states in spread 48
Analyzing 60000 states in spread 49
Analyzing 60000 states in spread 50
Finished step 220, minimal spread 41, max spread 51, got 0 drops
Total number of curves 381037
Starting step 221
Analyzing 1 states in spread 41
Analyzing 13 states in spread 42
Analyzing 210 states in spread 43
Analyzing 2084 states in spread 44
Analyzing 18729 states in spread 45
Analyzing 60000 states in spread 46
Analyzing 60000 states in spread 47
Analyzing 60000 states in spread 48
Analyzing 60000 states in spread 49
Analyzing 60000 states in spread 50
Finished step 221, minimal spread 41, max spread 51, got 2 drops
Total number of curves 374840
Starting step 222
Analyzing 1 states in spread 41
Analyzing 8 states in spread 42
Analyzing 105 states in spread 43
Analyzing 1524 states in spread 44
Analyzing 13202 states in spread 45
Analyzing 60000 states in spread 46
Analyzing 60000 states in spread 47
Analyzing 60000 states in spread 48
Analyzing 60000 states in spread 49
Analyzing 60000 states in spread 50
Finished step 222, minimal spread 41, max spread 51, got 5 drops
Total number of curves 370497
Starting step 223
Analyzing 1 states in spread 41
Analyzing 8 states in spread 42
Analyzing 56 states in spread 43
Analyzing 825 states in spread 44
Analyzing 9607 states in spread 45
Analyzing 60000 states in spread 46
Analyzing 60000 states in spread 47
Analyzing 60000 states in spread 48
Analyzing 60000 states in spread 49
Analyzing 60000 states in spread 50
Finished step 223, minimal spread 42, max spread 51, got 4 drops
Total number of curves 356802
Starting step 224
Analyzing 10 states in spread 42
Analyzing 52 states in spread 43
Analyzing 429 states in spread 44
Analyzing 5588 states in spread 45
Analyzing 50723 states in spread 46
Analyzing 60000 states in spread 47
Analyzing 60000 states in spread 48
Analyzing 60000 states in spread 49
Analyzing 60000 states in spread 50
Analyzing 60000 states in spread 51
Finished step 224, minimal spread 42, max spread 52, got 3 drops
Total number of curves 395524
Starting step 225
Analyzing 2 states in spread 42
Analyzing 59 states in spread 43
Analyzing 343 states in spread 44
Analyzing 2997 states in spread 45
Analyzing 32123 states in spread 46
Analyzing 60000 states in spread 47
Analyzing 60000 states in spread 48
Analyzing 60000 states in spread 49
Analyzing 60000 states in spread 50
Analyzing 60000 states in spread 51
Finished step 225, minimal spread 42, max spread 52, got 3 drops
Total number of curves 380944
Starting step 226
Analyzing 1 states in spread 42
Analyzing 20 states in spread 43
Analyzing 327 states in spread 44
Analyzing 2263 states in spread 45
Analyzing 18333 states in spread 46
Analyzing 60000 states in spread 47
Analyzing 60000 states in spread 48
Analyzing 60000 states in spread 49
Analyzing 60000 states in spread 50
Analyzing 60000 states in spread 51
Finished step 226, minimal spread 43, max spread 52, got 5 drops
Total number of curves 375774
Starting step 227
Analyzing 12 states in spread 43
Analyzing 150 states in spread 44
Analyzing 1915 states in spread 45
Analyzing 13697 states in spread 46
Analyzing 60000 states in spread 47
Analyzing 60000 states in spread 48
Analyzing 60000 states in spread 49
Analyzing 60000 states in spread 50
Analyzing 60000 states in spread 51
Finished step 227, minimal spread 43, max spread 52, got 5 drops
Total number of curves 372178
Starting step 228
Analyzing 5 states in spread 43
Analyzing 92 states in spread 44
Analyzing 1069 states in spread 45
Analyzing 11012 states in spread 46
Analyzing 60000 states in spread 47
Analyzing 60000 states in spread 48
Analyzing 60000 states in spread 49
Analyzing 60000 states in spread 50
Analyzing 60000 states in spread 51
Finished step 228, minimal spread 43, max spread 52, got 7 drops
Total number of curves 364598
Starting step 229
Analyzing 2 states in spread 43
Analyzing 56 states in spread 44
Analyzing 642 states in spread 45
Analyzing 6835 states in spread 46
Analyzing 57063 states in spread 47
Analyzing 60000 states in spread 48
Analyzing 60000 states in spread 49
Analyzing 60000 states in spread 50
Analyzing 60000 states in spread 51
Finished step 229, minimal spread 43, max spread 52, got 7 drops
Total number of curves 342897
Starting step 230
Analyzing 1 states in spread 43
Analyzing 29 states in spread 44
Analyzing 433 states in spread 45
Analyzing 4114 states in spread 46
Analyzing 38320 states in spread 47
Analyzing 60000 states in spread 48
Analyzing 60000 states in spread 49
Analyzing 60000 states in spread 50
Analyzing 60000 states in spread 51
Analyzing 60000 states in spread 52
Finished step 230, minimal spread 43, max spread 53, got 3 drops
Total number of curves 387117
Starting step 231
Analyzing 1 states in spread 43
Analyzing 11 states in spread 44
Analyzing 247 states in spread 45
Analyzing 2873 states in spread 46
Analyzing 23985 states in spread 47
Analyzing 60000 states in spread 48
Analyzing 60000 states in spread 49
Analyzing 60000 states in spread 50
Analyzing 60000 states in spread 51
Analyzing 60000 states in spread 52
Finished step 231, minimal spread 44, max spread 53, got 5 drops
Total number of curves 379100
Starting step 232
Analyzing 13 states in spread 44
Analyzing 99 states in spread 45
Analyzing 1726 states in spread 46
Analyzing 17262 states in spread 47
Analyzing 60000 states in spread 48
Analyzing 60000 states in spread 49
Analyzing 60000 states in spread 50
Analyzing 60000 states in spread 51
Analyzing 60000 states in spread 52
Finished step 232, minimal spread 43, max spread 53, got 8 drops
Total number of curves 371669
Starting step 233
Analyzing 1 states in spread 43
Analyzing 6 states in spread 44
Analyzing 101 states in spread 45
Analyzing 784 states in spread 46
Analyzing 10777 states in spread 47
Analyzing 60000 states in spread 48
Analyzing 60000 states in spread 49
Analyzing 60000 states in spread 50
Analyzing 60000 states in spread 51
Analyzing 60000 states in spread 52
Finished step 233, minimal spread 44, max spread 53, got 4 drops
Total number of curves 362641
Starting step 234
Analyzing 11 states in spread 44
Analyzing 55 states in spread 45
Analyzing 702 states in spread 46
Analyzing 5433 states in spread 47
Analyzing 56440 states in spread 48
Analyzing 60000 states in spread 49
Analyzing 60000 states in spread 50
Analyzing 60000 states in spread 51
Analyzing 60000 states in spread 52
Finished step 234, minimal spread 44, max spread 53, got 4 drops
Total number of curves 336257
Starting step 235
Analyzing 1 states in spread 44
Analyzing 80 states in spread 45
Analyzing 438 states in spread 46
Analyzing 4485 states in spread 47
Analyzing 31253 states in spread 48
Analyzing 60000 states in spread 49
Analyzing 60000 states in spread 50
Analyzing 60000 states in spread 51
Analyzing 60000 states in spread 52
Analyzing 60000 states in spread 53
Finished step 235, minimal spread 45, max spread 54, got 5 drops
Total number of curves 389010
Starting step 236
Analyzing 14 states in spread 45
Analyzing 510 states in spread 46
Analyzing 3013 states in spread 47
Analyzing 25473 states in spread 48
Analyzing 60000 states in spread 49
Analyzing 60000 states in spread 50
Analyzing 60000 states in spread 51
Analyzing 60000 states in spread 52
Analyzing 60000 states in spread 53
Finished step 236, minimal spread 45, max spread 54, got 1 drops
Total number of curves 381274
Starting step 237
Analyzing 4 states in spread 45
Analyzing 148 states in spread 46
Analyzing 3060 states in spread 47
Analyzing 18062 states in spread 48
Analyzing 60000 states in spread 49
Analyzing 60000 states in spread 50
Analyzing 60000 states in spread 51
Analyzing 60000 states in spread 52
Analyzing 60000 states in spread 53
Finished step 237, minimal spread 45, max spread 54, got 6 drops
Total number of curves 378611
Starting step 238
Analyzing 3 states in spread 45
Analyzing 71 states in spread 46
Analyzing 1185 states in spread 47
Analyzing 17352 states in spread 48
Analyzing 60000 states in spread 49
Analyzing 60000 states in spread 50
Analyzing 60000 states in spread 51
Analyzing 60000 states in spread 52
Analyzing 60000 states in spread 53
Finished step 238, minimal spread 45, max spread 54, got 11 drops
Total number of curves 368633
Starting step 239
Analyzing 2 states in spread 45
Analyzing 50 states in spread 46
Analyzing 675 states in spread 47
Analyzing 7906 states in spread 48
Analyzing 60000 states in spread 49
Analyzing 60000 states in spread 50
Analyzing 60000 states in spread 51
Analyzing 60000 states in spread 52
Analyzing 60000 states in spread 53
Finished step 239, minimal spread 45, max spread 54, got 5 drops
Total number of curves 347252
Starting step 240
Analyzing 1 states in spread 45
Analyzing 30 states in spread 46
Analyzing 456 states in spread 47
Analyzing 4831 states in spread 48
Analyzing 41934 states in spread 49
Analyzing 60000 states in spread 50
Analyzing 60000 states in spread 51
Analyzing 60000 states in spread 52
Analyzing 60000 states in spread 53
Analyzing 60000 states in spread 54
Finished step 240, minimal spread 46, max spread 55, got 7 drops
Total number of curves 391383
Starting step 241
Analyzing 18 states in spread 46
Analyzing 272 states in spread 47
Analyzing 3248 states in spread 48
Analyzing 27845 states in spread 49
Analyzing 60000 states in spread 50
Analyzing 60000 states in spread 51
Analyzing 60000 states in spread 52
Analyzing 60000 states in spread 53
Analyzing 60000 states in spread 54
Finished step 241, minimal spread 45, max spread 55, got 12 drops
Total number of curves 381621
Starting step 242
Analyzing 2 states in spread 45
Analyzing 11 states in spread 46
Analyzing 160 states in spread 47
Analyzing 2035 states in spread 48
Analyzing 19413 states in spread 49
Analyzing 60000 states in spread 50
Analyzing 60000 states in spread 51
Analyzing 60000 states in spread 52
Analyzing 60000 states in spread 53
Analyzing 60000 states in spread 54
Finished step 242, minimal spread 45, max spread 55, got 11 drops
Total number of curves 374170
Starting step 243
Analyzing 2 states in spread 45
Analyzing 21 states in spread 46
Analyzing 90 states in spread 47
Analyzing 1181 states in spread 48
Analyzing 12876 states in spread 49
Analyzing 60000 states in spread 50
Analyzing 60000 states in spread 51
Analyzing 60000 states in spread 52
Analyzing 60000 states in spread 53
Analyzing 60000 states in spread 54
Finished step 243, minimal spread 45, max spread 55, got 10 drops
Total number of curves 368555
Starting step 244
Analyzing 2 states in spread 45
Analyzing 20 states in spread 46
Analyzing 137 states in spread 47
Analyzing 674 states in spread 48
Analyzing 7722 states in spread 49
Analyzing 60000 states in spread 50
Analyzing 60000 states in spread 51
Analyzing 60000 states in spread 52
Analyzing 60000 states in spread 53
Analyzing 60000 states in spread 54
Finished step 244, minimal spread 45, max spread 55, got 8 drops
Total number of curves 348049
Starting step 245
Analyzing 2 states in spread 45
Analyzing 19 states in spread 46
Analyzing 128 states in spread 47
Analyzing 824 states in spread 48
Analyzing 4622 states in spread 49
Analyzing 42454 states in spread 50
Analyzing 60000 states in spread 51
Analyzing 60000 states in spread 52
Analyzing 60000 states in spread 53
Analyzing 60000 states in spread 54
Analyzing 60000 states in spread 55
Finished step 245, minimal spread 45, max spread 56, got 5 drops
Total number of curves 392995
Starting step 246
Analyzing 1 states in spread 45
Analyzing 20 states in spread 46
Analyzing 120 states in spread 47
Analyzing 761 states in spread 48
Analyzing 4792 states in spread 49
Analyzing 27301 states in spread 50
Analyzing 60000 states in spread 51
Analyzing 60000 states in spread 52
Analyzing 60000 states in spread 53
Analyzing 60000 states in spread 54
Analyzing 60000 states in spread 55
Finished step 246, minimal spread 45, max spread 55, got 9 drops
Total number of curves 331794
Starting step 247
Analyzing 2 states in spread 45
Analyzing 14 states in spread 46
Analyzing 133 states in spread 47
Analyzing 687 states in spread 48
Analyzing 4366 states in spread 49
Analyzing 26592 states in spread 50
Analyzing 60000 states in spread 51
Analyzing 60000 states in spread 52
Analyzing 60000 states in spread 53
Analyzing 60000 states in spread 54
Analyzing 60000 states in spread 55
Finished step 247, minimal spread 45, max spread 54, got 7 drops
Total number of curves 268839
Starting step 248
Analyzing 3 states in spread 45
Analyzing 21 states in spread 46
Analyzing 98 states in spread 47
Analyzing 778 states in spread 48
Analyzing 3811 states in spread 49
Analyzing 24128 states in spread 50
Analyzing 60000 states in spread 51
Analyzing 60000 states in spread 52
Analyzing 60000 states in spread 53
Analyzing 60000 states in spread 54
Finished step 248, minimal spread 45, max spread 53, got 7 drops
Total number of curves 205794
Starting step 249
Analyzing 5 states in spread 45
Analyzing 26 states in spread 46
Analyzing 146 states in spread 47
Analyzing 566 states in spread 48
Analyzing 4288 states in spread 49
Analyzing 20763 states in spread 50
Analyzing 60000 states in spread 51
Analyzing 60000 states in spread 52
Analyzing 60000 states in spread 53
Finished step 249, minimal spread 45, max spread 52, got 7 drops
Total number of curves 147133
Starting step 250
Analyzing 5 states in spread 45
Analyzing 46 states in spread 46
Analyzing 156 states in spread 47
Analyzing 854 states in spread 48
Analyzing 3095 states in spread 49
Analyzing 22977 states in spread 50
Analyzing 60000 states in spread 51
Analyzing 60000 states in spread 52
Finished step 250, minimal spread 45, max spread 51, got 5 drops
Total number of curves 82457
Starting step 251
Analyzing 1 states in spread 45
Analyzing 40 states in spread 46
Analyzing 285 states in spread 47
Analyzing 871 states in spread 48
Analyzing 4664 states in spread 49
Analyzing 16596 states in spread 50
Analyzing 60000 states in spread 51
Finished step 251, minimal spread 45, max spread 50, got 3 drops
Total number of curves 31149
Starting step 252
Analyzing 1 states in spread 45
Analyzing 10 states in spread 46
Analyzing 225 states in spread 47
Analyzing 1578 states in spread 48
Analyzing 4725 states in spread 49
Analyzing 24610 states in spread 50
Finished step 252, minimal spread 45, max spread 49, got 1 drops
Total number of curves 9555
Starting step 253
Analyzing 1 states in spread 45
Analyzing 10 states in spread 46
Analyzing 74 states in spread 47
Analyzing 1186 states in spread 48
Analyzing 8284 states in spread 49
Finished step 253, minimal spread 45, max spread 48, got 1 drops
Total number of curves 565
Starting step 254
Analyzing 1 states in spread 45
Analyzing 9 states in spread 46
Analyzing 72 states in spread 47
Analyzing 483 states in spread 48
Finished step 254, minimal spread 46, max spread 47, got 1 drops
Total number of curves 74
Starting step 255
Analyzing 9 states in spread 46
Analyzing 65 states in spread 47
Finished step 255, minimal spread 46, max spread 46, got 0 drops
Total number of curves 1
Starting step 256
Analyzing 1 states in spread 46
Altogether, runtime= 159.33025
SUMMARY witness_output= logs/a3_mod7_exact_b60k_u400k_u300k_fs12_len300_seed1_20260310_witnesses.txt
SUMMARY found= False
SUMMARY first_depth= None
SUMMARY unique_witnesses= 0
SUMMARY total_hits= 0
SUMMARY accepted_hits= 0
SUMMARY rejected_hits= 0
SUMMARY witness_depth_histogram= {}
CUDA max_memory_allocated_bytes: 11323884032
CUDA max_memory_reserved_bytes: 13436452864
