Starting A3 torch search with p= 7 caps 100000 100000 totalcaps 500000 400000 FIRST_STEPS 12 base_point 1 device cuda
We have 6 atoms and 14 dual simples
Initialized step 1 with spreads: {1: 2}
Starting step 2
Analyzing 2 states in spread 1
Finished step 2, minimal spread 2, max spread 2, got 0 drops
Total number of curves 8
Starting step 3
Analyzing 8 states in spread 2
Finished step 3, minimal spread 3, max spread 3, got 0 drops
Total number of curves 36
Starting step 4
Analyzing 36 states in spread 3
Finished step 4, minimal spread 4, max spread 4, got 0 drops
Total number of curves 170
Starting step 5
Analyzing 170 states in spread 4
Finished step 5, minimal spread 5, max spread 5, got 0 drops
Total number of curves 816
Starting step 6
Analyzing 816 states in spread 5
Finished step 6, minimal spread 5, max spread 6, got 0 drops
Total number of curves 3938
Starting step 7
Analyzing 2 states in spread 5
Analyzing 3936 states in spread 6
Finished step 7, minimal spread 5, max spread 7, got 0 drops
Total number of curves 19040
Starting step 8
Analyzing 2 states in spread 5
Analyzing 38 states in spread 6
Analyzing 19000 states in spread 7
Finished step 8, minimal spread 6, max spread 8, got 0 drops
Total number of curves 92118
Starting step 9
Analyzing 37 states in spread 6
Analyzing 415 states in spread 7
Analyzing 91666 states in spread 8
Finished step 9, minimal spread 6, max spread 9, got 0 drops
Total number of curves 103870
Starting step 10
Analyzing 5 states in spread 6
Analyzing 372 states in spread 7
Analyzing 3493 states in spread 8
Analyzing 100000 states in spread 9
Finished step 10, minimal spread 7, max spread 10, got 0 drops
Total number of curves 121757
Starting step 11
Analyzing 84 states in spread 7
Analyzing 2994 states in spread 8
Analyzing 18679 states in spread 9
Analyzing 100000 states in spread 10
Finished step 11, minimal spread 7, max spread 11, got 0 drops
Total number of curves 210603
Starting step 12
Analyzing 11 states in spread 7
Analyzing 895 states in spread 8
Analyzing 16835 states in spread 9
Analyzing 92862 states in spread 10
Analyzing 100000 states in spread 11
Finished step 12, minimal spread 7, max spread 12, got 0 drops
Total number of curves 293336
Starting step 13
Analyzing 6 states in spread 7
Analyzing 202 states in spread 8
Analyzing 6036 states in spread 9
Analyzing 87092 states in spread 10
Analyzing 100000 states in spread 11
Analyzing 100000 states in spread 12
Finished step 13, minimal spread 7, max spread 13, got 0 drops
Total number of curves 338137
Starting step 14
Analyzing 5 states in spread 7
Analyzing 90 states in spread 8
Analyzing 2004 states in spread 9
Analyzing 36038 states in spread 10
Analyzing 100000 states in spread 11
Analyzing 100000 states in spread 12
Analyzing 100000 states in spread 13
Finished step 14, minimal spread 7, max spread 14, got 0 drops
Total number of curves 415884
Starting step 15
Analyzing 1 states in spread 7
Analyzing 59 states in spread 8
Analyzing 886 states in spread 9
Analyzing 14938 states in spread 10
Analyzing 100000 states in spread 11
Analyzing 100000 states in spread 12
Analyzing 100000 states in spread 13
Analyzing 100000 states in spread 14
Finished step 15, minimal spread 7, max spread 15, got 1 drops
Total number of curves 486903
Starting step 16
Analyzing 2 states in spread 7
Analyzing 23 states in spread 8
Analyzing 522 states in spread 9
Analyzing 6841 states in spread 10
Analyzing 79515 states in spread 11
Analyzing 100000 states in spread 12
Analyzing 100000 states in spread 13
Analyzing 100000 states in spread 14
Analyzing 100000 states in spread 15
Finished step 16, minimal spread 7, max spread 16, got 2 drops
Total number of curves 543400
Starting step 17
Analyzing 2 states in spread 7
Analyzing 30 states in spread 8
Analyzing 255 states in spread 9
Analyzing 3856 states in spread 10
Analyzing 39257 states in spread 11
Analyzing 100000 states in spread 12
Analyzing 100000 states in spread 13
Analyzing 100000 states in spread 14
Analyzing 100000 states in spread 15
Finished step 17, minimal spread 7, max spread 16, got 2 drops
Total number of curves 525329
Starting step 18
Analyzing 1 states in spread 7
Analyzing 27 states in spread 8
Analyzing 259 states in spread 9
Analyzing 2124 states in spread 10
Analyzing 22918 states in spread 11
Analyzing 100000 states in spread 12
Analyzing 100000 states in spread 13
Analyzing 100000 states in spread 14
Analyzing 100000 states in spread 15
Finished step 18, minimal spread 7, max spread 16, got 6 drops
Total number of curves 515915
Starting step 19
Analyzing 1 states in spread 7
Analyzing 14 states in spread 8
Analyzing 209 states in spread 9
Analyzing 1858 states in spread 10
Analyzing 13833 states in spread 11
Analyzing 100000 states in spread 12
Analyzing 100000 states in spread 13
Analyzing 100000 states in spread 14
Analyzing 100000 states in spread 15
Finished step 19, minimal spread 7, max spread 16, got 5 drops
Total number of curves 487948
Starting step 20
Analyzing 1 states in spread 7
Analyzing 13 states in spread 8
Analyzing 105 states in spread 9
Analyzing 1452 states in spread 10
Analyzing 11446 states in spread 11
Analyzing 74931 states in spread 12
Analyzing 100000 states in spread 13
Analyzing 100000 states in spread 14
Analyzing 100000 states in spread 15
Analyzing 100000 states in spread 16
Finished step 20, minimal spread 6, max spread 17, got 7 drops
Total number of curves 572631
Starting step 21
Analyzing 1 states in spread 6
Analyzing 2 states in spread 7
Analyzing 11 states in spread 8
Analyzing 88 states in spread 9
Analyzing 737 states in spread 10
Analyzing 9030 states in spread 11
Analyzing 62762 states in spread 12
Analyzing 100000 states in spread 13
Analyzing 100000 states in spread 14
Analyzing 100000 states in spread 15
Analyzing 100000 states in spread 16
Finished step 21, minimal spread 6, max spread 17, got 4 drops
Total number of curves 556534
Starting step 22
Analyzing 1 states in spread 6
Analyzing 8 states in spread 7
Analyzing 12 states in spread 8
Analyzing 79 states in spread 9
Analyzing 585 states in spread 10
Analyzing 4815 states in spread 11
Analyzing 51034 states in spread 12
Analyzing 100000 states in spread 13
Analyzing 100000 states in spread 14
Analyzing 100000 states in spread 15
Analyzing 100000 states in spread 16
Finished step 22, minimal spread 6, max spread 17, got 8 drops
Total number of curves 533290
Starting step 23
Analyzing 1 states in spread 6
Analyzing 9 states in spread 7
Analyzing 42 states in spread 8
Analyzing 74 states in spread 9
Analyzing 504 states in spread 10
Analyzing 3730 states in spread 11
Analyzing 28930 states in spread 12
Analyzing 100000 states in spread 13
Analyzing 100000 states in spread 14
Analyzing 100000 states in spread 15
Analyzing 100000 states in spread 16
Finished step 23, minimal spread 6, max spread 17, got 9 drops
Total number of curves 526188
Starting step 24
Analyzing 1 states in spread 6
Analyzing 8 states in spread 7
Analyzing 55 states in spread 8
Analyzing 208 states in spread 9
Analyzing 444 states in spread 10
Analyzing 3059 states in spread 11
Analyzing 22413 states in spread 12
Analyzing 100000 states in spread 13
Analyzing 100000 states in spread 14
Analyzing 100000 states in spread 15
Analyzing 100000 states in spread 16
Finished step 24, minimal spread 7, max spread 17, got 4 drops
Total number of curves 521837
Starting step 25
Analyzing 9 states in spread 7
Analyzing 44 states in spread 8
Analyzing 304 states in spread 9
Analyzing 1036 states in spread 10
Analyzing 2593 states in spread 11
Analyzing 17851 states in spread 12
Analyzing 100000 states in spread 13
Analyzing 100000 states in spread 14
Analyzing 100000 states in spread 15
Analyzing 100000 states in spread 16
Finished step 25, minimal spread 8, max spread 17, got 5 drops
Total number of curves 515275
Starting step 26
Analyzing 52 states in spread 8
Analyzing 237 states in spread 9
Analyzing 1590 states in spread 10
Analyzing 5225 states in spread 11
Analyzing 14759 states in spread 12
Analyzing 93412 states in spread 13
Analyzing 100000 states in spread 14
Analyzing 100000 states in spread 15
Analyzing 100000 states in spread 16
Finished step 26, minimal spread 8, max spread 17, got 4 drops
Total number of curves 514735
Starting step 27
Analyzing 2 states in spread 8
Analyzing 279 states in spread 9
Analyzing 1252 states in spread 10
Analyzing 8116 states in spread 11
Analyzing 26619 states in spread 12
Analyzing 78467 states in spread 13
Analyzing 100000 states in spread 14
Analyzing 100000 states in spread 15
Analyzing 100000 states in spread 16
Finished step 27, minimal spread 8, max spread 17, got 4 drops
Total number of curves 548967
Starting step 28
Analyzing 1 states in spread 8
Analyzing 26 states in spread 9
Analyzing 1457 states in spread 10
Analyzing 6528 states in spread 11
Analyzing 40955 states in spread 12
Analyzing 100000 states in spread 13
Analyzing 100000 states in spread 14
Analyzing 100000 states in spread 15
Analyzing 100000 states in spread 16
Finished step 28, minimal spread 9, max spread 17, got 8 drops
Total number of curves 541388
Starting step 29
Analyzing 13 states in spread 9
Analyzing 206 states in spread 10
Analyzing 7504 states in spread 11
Analyzing 33665 states in spread 12
Analyzing 100000 states in spread 13
Analyzing 100000 states in spread 14
Analyzing 100000 states in spread 15
Analyzing 100000 states in spread 16
Finished step 29, minimal spread 9, max spread 17, got 4 drops
Total number of curves 539877
Starting step 30
Analyzing 3 states in spread 9
Analyzing 103 states in spread 10
Analyzing 1415 states in spread 11
Analyzing 38356 states in spread 12
Analyzing 100000 states in spread 13
Analyzing 100000 states in spread 14
Analyzing 100000 states in spread 15
Analyzing 100000 states in spread 16
Finished step 30, minimal spread 10, max spread 17, got 3 drops
Total number of curves 509718
Starting step 31
Analyzing 38 states in spread 10
Analyzing 733 states in spread 11
Analyzing 8947 states in spread 12
Analyzing 100000 states in spread 13
Analyzing 100000 states in spread 14
Analyzing 100000 states in spread 15
Analyzing 100000 states in spread 16
Finished step 31, minimal spread 10, max spread 17, got 3 drops
Total number of curves 453432
Starting step 32
Analyzing 11 states in spread 10
Analyzing 342 states in spread 11
Analyzing 4851 states in spread 12
Analyzing 48228 states in spread 13
Analyzing 100000 states in spread 14
Analyzing 100000 states in spread 15
Analyzing 100000 states in spread 16
Analyzing 100000 states in spread 17
Finished step 32, minimal spread 10, max spread 18, got 3 drops
Total number of curves 530516
Starting step 33
Analyzing 5 states in spread 10
Analyzing 165 states in spread 11
Analyzing 2521 states in spread 12
Analyzing 27825 states in spread 13
Analyzing 100000 states in spread 14
Analyzing 100000 states in spread 15
Analyzing 100000 states in spread 16
Analyzing 100000 states in spread 17
Finished step 33, minimal spread 10, max spread 18, got 4 drops
Total number of curves 517128
Starting step 34
Analyzing 2 states in spread 10
Analyzing 81 states in spread 11
Analyzing 1433 states in spread 12
Analyzing 15612 states in spread 13
Analyzing 100000 states in spread 14
Analyzing 100000 states in spread 15
Analyzing 100000 states in spread 16
Analyzing 100000 states in spread 17
Finished step 34, minimal spread 10, max spread 18, got 4 drops
Total number of curves 492675
Starting step 35
Analyzing 2 states in spread 10
Analyzing 40 states in spread 11
Analyzing 732 states in spread 12
Analyzing 9705 states in spread 13
Analyzing 82196 states in spread 14
Analyzing 100000 states in spread 15
Analyzing 100000 states in spread 16
Analyzing 100000 states in spread 17
Analyzing 100000 states in spread 18
Finished step 35, minimal spread 10, max spread 19, got 7 drops
Total number of curves 560904
Starting step 36
Analyzing 2 states in spread 10
Analyzing 31 states in spread 11
Analyzing 401 states in spread 12
Analyzing 5306 states in spread 13
Analyzing 55164 states in spread 14
Analyzing 100000 states in spread 15
Analyzing 100000 states in spread 16
Analyzing 100000 states in spread 17
Analyzing 100000 states in spread 18
Finished step 36, minimal spread 10, max spread 19, got 1 drops
Total number of curves 535961
Starting step 37
Analyzing 3 states in spread 10
Analyzing 19 states in spread 11
Analyzing 298 states in spread 12
Analyzing 3072 states in spread 13
Analyzing 32569 states in spread 14
Analyzing 100000 states in spread 15
Analyzing 100000 states in spread 16
Analyzing 100000 states in spread 17
Analyzing 100000 states in spread 18
Finished step 37, minimal spread 10, max spread 19, got 1 drops
Total number of curves 522366
Starting step 38
Analyzing 1 states in spread 10
Analyzing 30 states in spread 11
Analyzing 146 states in spread 12
Analyzing 2242 states in spread 13
Analyzing 19947 states in spread 14
Analyzing 100000 states in spread 15
Analyzing 100000 states in spread 16
Analyzing 100000 states in spread 17
Analyzing 100000 states in spread 18
Finished step 38, minimal spread 10, max spread 19, got 4 drops
Total number of curves 515831
Starting step 39
Analyzing 1 states in spread 10
Analyzing 11 states in spread 11
Analyzing 199 states in spread 12
Analyzing 1098 states in spread 13
Analyzing 14522 states in spread 14
Analyzing 100000 states in spread 15
Analyzing 100000 states in spread 16
Analyzing 100000 states in spread 17
Analyzing 100000 states in spread 18
Finished step 39, minimal spread 10, max spread 19, got 6 drops
Total number of curves 487998
Starting step 40
Analyzing 1 states in spread 10
Analyzing 12 states in spread 11
Analyzing 76 states in spread 12
Analyzing 1265 states in spread 13
Analyzing 7511 states in spread 14
Analyzing 79133 states in spread 15
Analyzing 100000 states in spread 16
Analyzing 100000 states in spread 17
Analyzing 100000 states in spread 18
Analyzing 100000 states in spread 19
Finished step 40, minimal spread 10, max spread 20, got 7 drops
Total number of curves 552382
Starting step 41
Analyzing 1 states in spread 10
Analyzing 11 states in spread 11
Analyzing 75 states in spread 12
Analyzing 530 states in spread 13
Analyzing 7745 states in spread 14
Analyzing 44020 states in spread 15
Analyzing 100000 states in spread 16
Analyzing 100000 states in spread 17
Analyzing 100000 states in spread 18
Analyzing 100000 states in spread 19
Finished step 41, minimal spread 10, max spread 20, got 8 drops
Total number of curves 547973
Starting step 42
Analyzing 2 states in spread 10
Analyzing 8 states in spread 11
Analyzing 78 states in spread 12
Analyzing 467 states in spread 13
Analyzing 3548 states in spread 14
Analyzing 43870 states in spread 15
Analyzing 100000 states in spread 16
Analyzing 100000 states in spread 17
Analyzing 100000 states in spread 18
Analyzing 100000 states in spread 19
Finished step 42, minimal spread 10, max spread 20, got 10 drops
Total number of curves 525363
Starting step 43
Analyzing 3 states in spread 10
Analyzing 15 states in spread 11
Analyzing 52 states in spread 12
Analyzing 495 states in spread 13
Analyzing 2849 states in spread 14
Analyzing 21949 states in spread 15
Analyzing 100000 states in spread 16
Analyzing 100000 states in spread 17
Analyzing 100000 states in spread 18
Analyzing 100000 states in spread 19
Finished step 43, minimal spread 10, max spread 20, got 8 drops
Total number of curves 520140
Starting step 44
Analyzing 1 states in spread 10
Analyzing 30 states in spread 11
Analyzing 86 states in spread 12
Analyzing 320 states in spread 13
Analyzing 2923 states in spread 14
Analyzing 16780 states in spread 15
Analyzing 100000 states in spread 16
Analyzing 100000 states in spread 17
Analyzing 100000 states in spread 18
Analyzing 100000 states in spread 19
Finished step 44, minimal spread 10, max spread 20, got 8 drops
Total number of curves 506266
Starting step 45
Analyzing 1 states in spread 10
Analyzing 8 states in spread 11
Analyzing 189 states in spread 12
Analyzing 470 states in spread 13
Analyzing 1907 states in spread 14
Analyzing 16574 states in spread 15
Analyzing 87117 states in spread 16
Analyzing 100000 states in spread 17
Analyzing 100000 states in spread 18
Analyzing 100000 states in spread 19
Finished step 45, minimal spread 11, max spread 20, got 4 drops
Total number of curves 502071
Starting step 46
Analyzing 10 states in spread 11
Analyzing 50 states in spread 12
Analyzing 1040 states in spread 13
Analyzing 2521 states in spread 14
Analyzing 11036 states in spread 15
Analyzing 87414 states in spread 16
Analyzing 100000 states in spread 17
Analyzing 100000 states in spread 18
Analyzing 100000 states in spread 19
Finished step 46, minimal spread 11, max spread 20, got 2 drops
Total number of curves 479614
Starting step 47
Analyzing 3 states in spread 11
Analyzing 66 states in spread 12
Analyzing 305 states in spread 13
Analyzing 5418 states in spread 14
Analyzing 13431 states in spread 15
Analyzing 60391 states in spread 16
Analyzing 100000 states in spread 17
Analyzing 100000 states in spread 18
Analyzing 100000 states in spread 19
Analyzing 100000 states in spread 20
Finished step 47, minimal spread 11, max spread 21, got 4 drops
Total number of curves 600246
Starting step 48
Analyzing 4 states in spread 11
Analyzing 33 states in spread 12
Analyzing 389 states in spread 13
Analyzing 1790 states in spread 14
Analyzing 27593 states in spread 15
Analyzing 70437 states in spread 16
Analyzing 100000 states in spread 17
Analyzing 100000 states in spread 18
Analyzing 100000 states in spread 19
Finished step 48, minimal spread 11, max spread 20, got 5 drops
Total number of curves 512588
Starting step 49
Analyzing 4 states in spread 11
Analyzing 36 states in spread 12
Analyzing 235 states in spread 13
Analyzing 2164 states in spread 14
Analyzing 10149 states in spread 15
Analyzing 100000 states in spread 16
Analyzing 100000 states in spread 17
Analyzing 100000 states in spread 18
Analyzing 100000 states in spread 19
Finished step 49, minimal spread 11, max spread 20, got 4 drops
Total number of curves 466576
Starting step 50
Analyzing 1 states in spread 11
Analyzing 38 states in spread 12
Analyzing 224 states in spread 13
Analyzing 1414 states in spread 14
Analyzing 11673 states in spread 15
Analyzing 53226 states in spread 16
Analyzing 100000 states in spread 17
Analyzing 100000 states in spread 18
Analyzing 100000 states in spread 19
Analyzing 100000 states in spread 20
Finished step 50, minimal spread 11, max spread 21, got 7 drops
Total number of curves 569913
Starting step 51
Analyzing 1 states in spread 11
Analyzing 10 states in spread 12
Analyzing 243 states in spread 13
Analyzing 1279 states in spread 14
Analyzing 7972 states in spread 15
Analyzing 60408 states in spread 16
Analyzing 100000 states in spread 17
Analyzing 100000 states in spread 18
Analyzing 100000 states in spread 19
Analyzing 100000 states in spread 20
Finished step 51, minimal spread 11, max spread 21, got 6 drops
Total number of curves 551356
Starting step 52
Analyzing 1 states in spread 11
Analyzing 11 states in spread 12
Analyzing 77 states in spread 13
Analyzing 1376 states in spread 14
Analyzing 7045 states in spread 15
Analyzing 42846 states in spread 16
Analyzing 100000 states in spread 17
Analyzing 100000 states in spread 18
Analyzing 100000 states in spread 19
Analyzing 100000 states in spread 20
Finished step 52, minimal spread 12, max spread 21, got 8 drops
Total number of curves 545791
Starting step 53
Analyzing 11 states in spread 12
Analyzing 84 states in spread 13
Analyzing 491 states in spread 14
Analyzing 7443 states in spread 15
Analyzing 37762 states in spread 16
Analyzing 100000 states in spread 17
Analyzing 100000 states in spread 18
Analyzing 100000 states in spread 19
Analyzing 100000 states in spread 20
Finished step 53, minimal spread 12, max spread 21, got 4 drops
Total number of curves 542852
Starting step 54
Analyzing 2 states in spread 12
Analyzing 76 states in spread 13
Analyzing 527 states in spread 14
Analyzing 2972 states in spread 15
Analyzing 39275 states in spread 16
Analyzing 100000 states in spread 17
Analyzing 100000 states in spread 18
Analyzing 100000 states in spread 19
Analyzing 100000 states in spread 20
Finished step 54, minimal spread 12, max spread 21, got 8 drops
Total number of curves 520834
Starting step 55
Analyzing 3 states in spread 12
Analyzing 28 states in spread 13
Analyzing 450 states in spread 14
Analyzing 3052 states in spread 15
Analyzing 17301 states in spread 16
Analyzing 100000 states in spread 17
Analyzing 100000 states in spread 18
Analyzing 100000 states in spread 19
Analyzing 100000 states in spread 20
Finished step 55, minimal spread 12, max spread 21, got 5 drops
Total number of curves 505175
Starting step 56
Analyzing 1 states in spread 12
Analyzing 35 states in spread 13
Analyzing 225 states in spread 14
Analyzing 2497 states in spread 15
Analyzing 17030 states in spread 16
Analyzing 85387 states in spread 17
Analyzing 100000 states in spread 18
Analyzing 100000 states in spread 19
Analyzing 100000 states in spread 20
Finished step 56, minimal spread 13, max spread 21, got 7 drops
Total number of curves 502246
Starting step 57
Analyzing 10 states in spread 13
Analyzing 265 states in spread 14
Analyzing 1499 states in spread 15
Analyzing 13535 states in spread 16
Analyzing 86937 states in spread 17
Analyzing 100000 states in spread 18
Analyzing 100000 states in spread 19
Analyzing 100000 states in spread 20
Finished step 57, minimal spread 13, max spread 21, got 9 drops
Total number of curves 480573
Starting step 58
Analyzing 1 states in spread 13
Analyzing 94 states in spread 14
Analyzing 1668 states in spread 15
Analyzing 8940 states in spread 16
Analyzing 69870 states in spread 17
Analyzing 100000 states in spread 18
Analyzing 100000 states in spread 19
Analyzing 100000 states in spread 20
Analyzing 100000 states in spread 21
Finished step 58, minimal spread 14, max spread 22, got 6 drops
Total number of curves 559498
Starting step 59
Analyzing 30 states in spread 14
Analyzing 704 states in spread 15
Analyzing 9532 states in spread 16
Analyzing 49232 states in spread 17
Analyzing 100000 states in spread 18
Analyzing 100000 states in spread 19
Analyzing 100000 states in spread 20
Analyzing 100000 states in spread 21
Finished step 59, minimal spread 14, max spread 22, got 2 drops
Total number of curves 556386
Starting step 60
Analyzing 11 states in spread 14
Analyzing 307 states in spread 15
Analyzing 4538 states in spread 16
Analyzing 51530 states in spread 17
Analyzing 100000 states in spread 18
Analyzing 100000 states in spread 19
Analyzing 100000 states in spread 20
Analyzing 100000 states in spread 21
Finished step 60, minimal spread 14, max spread 22, got 4 drops
Total number of curves 529378
Starting step 61
Analyzing 6 states in spread 14
Analyzing 139 states in spread 15
Analyzing 2280 states in spread 16
Analyzing 26953 states in spread 17
Analyzing 100000 states in spread 18
Analyzing 100000 states in spread 19
Analyzing 100000 states in spread 20
Analyzing 100000 states in spread 21
Finished step 61, minimal spread 14, max spread 22, got 4 drops
Total number of curves 516079
Starting step 62
Analyzing 3 states in spread 14
Analyzing 72 states in spread 15
Analyzing 1176 states in spread 16
Analyzing 14828 states in spread 17
Analyzing 100000 states in spread 18
Analyzing 100000 states in spread 19
Analyzing 100000 states in spread 20
Analyzing 100000 states in spread 21
Finished step 62, minimal spread 14, max spread 22, got 7 drops
Total number of curves 486588
Starting step 63
Analyzing 1 states in spread 14
Analyzing 38 states in spread 15
Analyzing 658 states in spread 16
Analyzing 8299 states in spread 17
Analyzing 77592 states in spread 18
Analyzing 100000 states in spread 19
Analyzing 100000 states in spread 20
Analyzing 100000 states in spread 21
Analyzing 100000 states in spread 22
Finished step 63, minimal spread 14, max spread 23, got 12 drops
Total number of curves 552945
Starting step 64
Analyzing 1 states in spread 14
Analyzing 24 states in spread 15
Analyzing 367 states in spread 16
Analyzing 4919 states in spread 17
Analyzing 47634 states in spread 18
Analyzing 100000 states in spread 19
Analyzing 100000 states in spread 20
Analyzing 100000 states in spread 21
Analyzing 100000 states in spread 22
Finished step 64, minimal spread 13, max spread 23, got 8 drops
Total number of curves 533142
Starting step 65
Analyzing 1 states in spread 13
Analyzing 3 states in spread 14
Analyzing 16 states in spread 15
Analyzing 255 states in spread 16
Analyzing 2807 states in spread 17
Analyzing 30060 states in spread 18
Analyzing 100000 states in spread 19
Analyzing 100000 states in spread 20
Analyzing 100000 states in spread 21
Analyzing 100000 states in spread 22
Finished step 65, minimal spread 13, max spread 23, got 6 drops
Total number of curves 520116
Starting step 66
Analyzing 1 states in spread 13
Analyzing 8 states in spread 14
Analyzing 23 states in spread 15
Analyzing 156 states in spread 16
Analyzing 1976 states in spread 17
Analyzing 17952 states in spread 18
Analyzing 100000 states in spread 19
Analyzing 100000 states in spread 20
Analyzing 100000 states in spread 21
Analyzing 100000 states in spread 22
Finished step 66, minimal spread 14, max spread 23, got 3 drops
Total number of curves 507314
Starting step 67
Analyzing 8 states in spread 14
Analyzing 42 states in spread 15
Analyzing 168 states in spread 16
Analyzing 1210 states in spread 17
Analyzing 12748 states in spread 18
Analyzing 93138 states in spread 19
Analyzing 100000 states in spread 20
Analyzing 100000 states in spread 21
Analyzing 100000 states in spread 22
Finished step 67, minimal spread 14, max spread 23, got 4 drops
Total number of curves 479556
Starting step 68
Analyzing 1 states in spread 14
Analyzing 49 states in spread 15
Analyzing 227 states in spread 16
Analyzing 1108 states in spread 17
Analyzing 8001 states in spread 18
Analyzing 70170 states in spread 19
Analyzing 100000 states in spread 20
Analyzing 100000 states in spread 21
Analyzing 100000 states in spread 22
Analyzing 100000 states in spread 23
Finished step 68, minimal spread 15, max spread 24, got 4 drops
Total number of curves 554776
Starting step 69
Analyzing 16 states in spread 15
Analyzing 272 states in spread 16
Analyzing 1252 states in spread 17
Analyzing 6820 states in spread 18
Analyzing 46416 states in spread 19
Analyzing 100000 states in spread 20
Analyzing 100000 states in spread 21
Analyzing 100000 states in spread 22
Analyzing 100000 states in spread 23
Finished step 69, minimal spread 15, max spread 24, got 4 drops
Total number of curves 547715
Starting step 70
Analyzing 6 states in spread 15
Analyzing 132 states in spread 16
Analyzing 1446 states in spread 17
Analyzing 6910 states in spread 18
Analyzing 39221 states in spread 19
Analyzing 100000 states in spread 20
Analyzing 100000 states in spread 21
Analyzing 100000 states in spread 22
Analyzing 100000 states in spread 23
Finished step 70, minimal spread 15, max spread 24, got 4 drops
Total number of curves 546194
Starting step 71
Analyzing 6 states in spread 15
Analyzing 67 states in spread 16
Analyzing 861 states in spread 17
Analyzing 7592 states in spread 18
Analyzing 37668 states in spread 19
Analyzing 100000 states in spread 20
Analyzing 100000 states in spread 21
Analyzing 100000 states in spread 22
Analyzing 100000 states in spread 23
Finished step 71, minimal spread 15, max spread 24, got 4 drops
Total number of curves 545318
Starting step 72
Analyzing 4 states in spread 15
Analyzing 60 states in spread 16
Analyzing 477 states in spread 17
Analyzing 5067 states in spread 18
Analyzing 39710 states in spread 19
Analyzing 100000 states in spread 20
Analyzing 100000 states in spread 21
Analyzing 100000 states in spread 22
Analyzing 100000 states in spread 23
Finished step 72, minimal spread 15, max spread 24, got 4 drops
Total number of curves 531485
Starting step 73
Analyzing 1 states in spread 15
Analyzing 39 states in spread 16
Analyzing 410 states in spread 17
Analyzing 2919 states in spread 18
Analyzing 28116 states in spread 19
Analyzing 100000 states in spread 20
Analyzing 100000 states in spread 21
Analyzing 100000 states in spread 22
Analyzing 100000 states in spread 23
Finished step 73, minimal spread 16, max spread 24, got 8 drops
Total number of curves 519569
Starting step 74
Analyzing 13 states in spread 16
Analyzing 261 states in spread 17
Analyzing 2506 states in spread 18
Analyzing 16789 states in spread 19
Analyzing 100000 states in spread 20
Analyzing 100000 states in spread 21
Analyzing 100000 states in spread 22
Analyzing 100000 states in spread 23
Finished step 74, minimal spread 16, max spread 24, got 2 drops
Total number of curves 500774
Starting step 75
Analyzing 5 states in spread 16
Analyzing 115 states in spread 17
Analyzing 1612 states in spread 18
Analyzing 14377 states in spread 19
Analyzing 84665 states in spread 20
Analyzing 100000 states in spread 21
Analyzing 100000 states in spread 22
Analyzing 100000 states in spread 23
Finished step 75, minimal spread 16, max spread 24, got 1 drops
Total number of curves 485976
Starting step 76
Analyzing 2 states in spread 16
Analyzing 62 states in spread 17
Analyzing 870 states in spread 18
Analyzing 9476 states in spread 19
Analyzing 75566 states in spread 20
Analyzing 100000 states in spread 21
Analyzing 100000 states in spread 22
Analyzing 100000 states in spread 23
Analyzing 100000 states in spread 24
Finished step 76, minimal spread 16, max spread 25, got 3 drops
Total number of curves 557982
Starting step 77
Analyzing 1 states in spread 16
Analyzing 29 states in spread 17
Analyzing 491 states in spread 18
Analyzing 5786 states in spread 19
Analyzing 51675 states in spread 20
Analyzing 100000 states in spread 21
Analyzing 100000 states in spread 22
Analyzing 100000 states in spread 23
Analyzing 100000 states in spread 24
Finished step 77, minimal spread 16, max spread 25, got 7 drops
Total number of curves 537785
Starting step 78
Analyzing 1 states in spread 16
Analyzing 16 states in spread 17
Analyzing 264 states in spread 18
Analyzing 3309 states in spread 19
Analyzing 34195 states in spread 20
Analyzing 100000 states in spread 21
Analyzing 100000 states in spread 22
Analyzing 100000 states in spread 23
Analyzing 100000 states in spread 24
Finished step 78, minimal spread 16, max spread 25, got 8 drops
Total number of curves 522405
Starting step 79
Analyzing 1 states in spread 16
Analyzing 9 states in spread 17
Analyzing 158 states in spread 18
Analyzing 1973 states in spread 19
Analyzing 20264 states in spread 20
Analyzing 100000 states in spread 21
Analyzing 100000 states in spread 22
Analyzing 100000 states in spread 23
Analyzing 100000 states in spread 24
Finished step 79, minimal spread 17, max spread 25, got 6 drops
Total number of curves 514211
Starting step 80
Analyzing 9 states in spread 17
Analyzing 86 states in spread 18
Analyzing 1264 states in spread 19
Analyzing 12852 states in spread 20
Analyzing 100000 states in spread 21
Analyzing 100000 states in spread 22
Analyzing 100000 states in spread 23
Analyzing 100000 states in spread 24
Finished step 80, minimal spread 17, max spread 25, got 9 drops
Total number of curves 479582
Starting step 81
Analyzing 1 states in spread 17
Analyzing 69 states in spread 18
Analyzing 711 states in spread 19
Analyzing 8597 states in spread 20
Analyzing 70204 states in spread 21
Analyzing 100000 states in spread 22
Analyzing 100000 states in spread 23
Analyzing 100000 states in spread 24
Analyzing 100000 states in spread 25
Finished step 81, minimal spread 17, max spread 26, got 8 drops
Total number of curves 555191
Starting step 82
Analyzing 1 states in spread 17
Analyzing 20 states in spread 18
Analyzing 504 states in spread 19
Analyzing 5042 states in spread 20
Analyzing 49624 states in spread 21
Analyzing 100000 states in spread 22
Analyzing 100000 states in spread 23
Analyzing 100000 states in spread 24
Analyzing 100000 states in spread 25
Finished step 82, minimal spread 17, max spread 26, got 13 drops
Total number of curves 534553
Starting step 83
Analyzing 2 states in spread 17
Analyzing 15 states in spread 18
Analyzing 217 states in spread 19
Analyzing 3440 states in spread 20
Analyzing 30879 states in spread 21
Analyzing 100000 states in spread 22
Analyzing 100000 states in spread 23
Analyzing 100000 states in spread 24
Analyzing 100000 states in spread 25
Finished step 83, minimal spread 17, max spread 26, got 13 drops
Total number of curves 523224
Starting step 84
Analyzing 1 states in spread 17
Analyzing 23 states in spread 18
Analyzing 141 states in spread 19
Analyzing 1783 states in spread 20
Analyzing 21276 states in spread 21
Analyzing 100000 states in spread 22
Analyzing 100000 states in spread 23
Analyzing 100000 states in spread 24
Analyzing 100000 states in spread 25
Finished step 84, minimal spread 18, max spread 26, got 6 drops
Total number of curves 513546
Starting step 85
Analyzing 10 states in spread 18
Analyzing 171 states in spread 19
Analyzing 1101 states in spread 20
Analyzing 12264 states in spread 21
Analyzing 100000 states in spread 22
Analyzing 100000 states in spread 23
Analyzing 100000 states in spread 24
Analyzing 100000 states in spread 25
Finished step 85, minimal spread 18, max spread 26, got 6 drops
Total number of curves 477677
Starting step 86
Analyzing 2 states in spread 18
Analyzing 82 states in spread 19
Analyzing 1097 states in spread 20
Analyzing 7576 states in spread 21
Analyzing 68920 states in spread 22
Analyzing 100000 states in spread 23
Analyzing 100000 states in spread 24
Analyzing 100000 states in spread 25
Analyzing 100000 states in spread 26
Finished step 86, minimal spread 19, max spread 27, got 9 drops
Total number of curves 552040
Starting step 87
Analyzing 33 states in spread 19
Analyzing 598 states in spread 20
Analyzing 6694 states in spread 21
Analyzing 44715 states in spread 22
Analyzing 100000 states in spread 23
Analyzing 100000 states in spread 24
Analyzing 100000 states in spread 25
Analyzing 100000 states in spread 26
Finished step 87, minimal spread 18, max spread 27, got 10 drops
Total number of curves 542437
Starting step 88
Analyzing 1 states in spread 18
Analyzing 15 states in spread 19
Analyzing 308 states in spread 20
Analyzing 3967 states in spread 21
Analyzing 38146 states in spread 22
Analyzing 100000 states in spread 23
Analyzing 100000 states in spread 24
Analyzing 100000 states in spread 25
Analyzing 100000 states in spread 26
Finished step 88, minimal spread 17, max spread 27, got 12 drops
Total number of curves 526418
Starting step 89
Analyzing 1 states in spread 17
Analyzing 3 states in spread 18
Analyzing 17 states in spread 19
Analyzing 186 states in spread 20
Analyzing 2294 states in spread 21
Analyzing 23917 states in spread 22
Analyzing 100000 states in spread 23
Analyzing 100000 states in spread 24
Analyzing 100000 states in spread 25
Analyzing 100000 states in spread 26
Finished step 89, minimal spread 17, max spread 27, got 4 drops
Total number of curves 516520
Starting step 90
Analyzing 1 states in spread 17
Analyzing 8 states in spread 18
Analyzing 25 states in spread 19
Analyzing 156 states in spread 20
Analyzing 1512 states in spread 21
Analyzing 14818 states in spread 22
Analyzing 100000 states in spread 23
Analyzing 100000 states in spread 24
Analyzing 100000 states in spread 25
Analyzing 100000 states in spread 26
Finished step 90, minimal spread 18, max spread 27, got 10 drops
Total number of curves 490888
Starting step 91
Analyzing 9 states in spread 18
Analyzing 47 states in spread 19
Analyzing 175 states in spread 20
Analyzing 1130 states in spread 21
Analyzing 10112 states in spread 22
Analyzing 79415 states in spread 23
Analyzing 100000 states in spread 24
Analyzing 100000 states in spread 25
Analyzing 100000 states in spread 26
Analyzing 100000 states in spread 27
Finished step 91, minimal spread 19, max spread 28, got 15 drops
Total number of curves 565839
Starting step 92
Analyzing 55 states in spread 19
Analyzing 269 states in spread 20
Analyzing 1107 states in spread 21
Analyzing 7262 states in spread 22
Analyzing 57146 states in spread 23
Analyzing 100000 states in spread 24
Analyzing 100000 states in spread 25
Analyzing 100000 states in spread 26
Analyzing 100000 states in spread 27
Finished step 92, minimal spread 19, max spread 28, got 14 drops
Total number of curves 550243
Starting step 93
Analyzing 4 states in spread 19
Analyzing 305 states in spread 20
Analyzing 1494 states in spread 21
Analyzing 6678 states in spread 22
Analyzing 41762 states in spread 23
Analyzing 100000 states in spread 24
Analyzing 100000 states in spread 25
Analyzing 100000 states in spread 26
Analyzing 100000 states in spread 27
Finished step 93, minimal spread 19, max spread 28, got 21 drops
Total number of curves 547794
Starting step 94
Analyzing 3 states in spread 19
Analyzing 50 states in spread 20
Analyzing 1631 states in spread 21
Analyzing 8184 states in spread 22
Analyzing 37926 states in spread 23
Analyzing 100000 states in spread 24
Analyzing 100000 states in spread 25
Analyzing 100000 states in spread 26
Analyzing 100000 states in spread 27
Finished step 94, minimal spread 19, max spread 28, got 8 drops
Total number of curves 552906
Starting step 95
Analyzing 1 states in spread 19
Analyzing 34 states in spread 20
Analyzing 384 states in spread 21
Analyzing 8639 states in spread 22
Analyzing 43848 states in spread 23
Analyzing 100000 states in spread 24
Analyzing 100000 states in spread 25
Analyzing 100000 states in spread 26
Analyzing 100000 states in spread 27
Finished step 95, minimal spread 19, max spread 28, got 14 drops
Total number of curves 548192
Starting step 96
Analyzing 1 states in spread 19
Analyzing 12 states in spread 20
Analyzing 255 states in spread 21
Analyzing 2569 states in spread 22
Analyzing 45355 states in spread 23
Analyzing 100000 states in spread 24
Analyzing 100000 states in spread 25
Analyzing 100000 states in spread 26
Analyzing 100000 states in spread 27
Finished step 96, minimal spread 19, max spread 28, got 13 drops
Total number of curves 517641
Starting step 97
Analyzing 1 states in spread 19
Analyzing 9 states in spread 20
Analyzing 104 states in spread 21
Analyzing 1703 states in spread 22
Analyzing 15824 states in spread 23
Analyzing 100000 states in spread 24
Analyzing 100000 states in spread 25
Analyzing 100000 states in spread 26
Analyzing 100000 states in spread 27
Finished step 97, minimal spread 20, max spread 28, got 6 drops
Total number of curves 492231
Starting step 98
Analyzing 7 states in spread 20
Analyzing 63 states in spread 21
Analyzing 793 states in spread 22
Analyzing 10572 states in spread 23
Analyzing 80796 states in spread 24
Analyzing 100000 states in spread 25
Analyzing 100000 states in spread 26
Analyzing 100000 states in spread 27
Analyzing 100000 states in spread 28
Finished step 98, minimal spread 20, max spread 29, got 6 drops
Total number of curves 563072
Starting step 99
Analyzing 1 states in spread 20
Analyzing 46 states in spread 21
Analyzing 452 states in spread 22
Analyzing 5400 states in spread 23
Analyzing 57173 states in spread 24
Analyzing 100000 states in spread 25
Analyzing 100000 states in spread 26
Analyzing 100000 states in spread 27
Analyzing 100000 states in spread 28
Finished step 99, minimal spread 21, max spread 29, got 4 drops
Total number of curves 535160
Starting step 100
Analyzing 19 states in spread 21
Analyzing 308 states in spread 22
Analyzing 3071 states in spread 23
Analyzing 31762 states in spread 24
Analyzing 100000 states in spread 25
Analyzing 100000 states in spread 26
Analyzing 100000 states in spread 27
Analyzing 100000 states in spread 28
Finished step 100, minimal spread 21, max spread 29, got 10 drops
Total number of curves 521075
Starting step 101
Analyzing 8 states in spread 21
Analyzing 183 states in spread 22
Analyzing 2037 states in spread 23
Analyzing 18847 states in spread 24
Analyzing 100000 states in spread 25
Analyzing 100000 states in spread 26
Analyzing 100000 states in spread 27
Analyzing 100000 states in spread 28
Finished step 101, minimal spread 21, max spread 29, got 13 drops
Total number of curves 511475
Starting step 102
Analyzing 6 states in spread 21
Analyzing 106 states in spread 22
Analyzing 1373 states in spread 23
Analyzing 12584 states in spread 24
Analyzing 97406 states in spread 25
Analyzing 100000 states in spread 26
Analyzing 100000 states in spread 27
Analyzing 100000 states in spread 28
Finished step 102, minimal spread 21, max spread 29, got 9 drops
Total number of curves 478272
Starting step 103
Analyzing 4 states in spread 21
Analyzing 72 states in spread 22
Analyzing 879 states in spread 23
Analyzing 8878 states in spread 24
Analyzing 68439 states in spread 25
Analyzing 100000 states in spread 26
Analyzing 100000 states in spread 27
Analyzing 100000 states in spread 28
Analyzing 100000 states in spread 29
Finished step 103, minimal spread 21, max spread 30, got 11 drops
Total number of curves 557201
Starting step 104
Analyzing 2 states in spread 21
Analyzing 55 states in spread 22
Analyzing 589 states in spread 23
Analyzing 5957 states in spread 24
Analyzing 50598 states in spread 25
Analyzing 100000 states in spread 26
Analyzing 100000 states in spread 27
Analyzing 100000 states in spread 28
Analyzing 100000 states in spread 29
Finished step 104, minimal spread 22, max spread 30, got 9 drops
Total number of curves 539826
Starting step 105
Analyzing 31 states in spread 22
Analyzing 451 states in spread 23
Analyzing 4019 states in spread 24
Analyzing 35325 states in spread 25
Analyzing 100000 states in spread 26
Analyzing 100000 states in spread 27
Analyzing 100000 states in spread 28
Analyzing 100000 states in spread 29
Finished step 105, minimal spread 22, max spread 30, got 11 drops
Total number of curves 527700
Starting step 106
Analyzing 12 states in spread 22
Analyzing 284 states in spread 23
Analyzing 2978 states in spread 24
Analyzing 24426 states in spread 25
Analyzing 100000 states in spread 26
Analyzing 100000 states in spread 27
Analyzing 100000 states in spread 28
Analyzing 100000 states in spread 29
Finished step 106, minimal spread 22, max spread 30, got 7 drops
Total number of curves 520016
Starting step 107
Analyzing 8 states in spread 22
Analyzing 139 states in spread 23
Analyzing 2022 states in spread 24
Analyzing 17847 states in spread 25
Analyzing 100000 states in spread 26
Analyzing 100000 states in spread 27
Analyzing 100000 states in spread 28
Analyzing 100000 states in spread 29
Finished step 107, minimal spread 22, max spread 30, got 9 drops
Total number of curves 507157
Starting step 108
Analyzing 3 states in spread 22
Analyzing 99 states in spread 23
Analyzing 1120 states in spread 24
Analyzing 12642 states in spread 25
Analyzing 93293 states in spread 26
Analyzing 100000 states in spread 27
Analyzing 100000 states in spread 28
Analyzing 100000 states in spread 29
Finished step 108, minimal spread 22, max spread 30, got 13 drops
Total number of curves 477905
Starting step 109
Analyzing 2 states in spread 22
Analyzing 42 states in spread 23
Analyzing 793 states in spread 24
Analyzing 7593 states in spread 25
Analyzing 69475 states in spread 26
Analyzing 100000 states in spread 27
Analyzing 100000 states in spread 28
Analyzing 100000 states in spread 29
Analyzing 100000 states in spread 30
Finished step 109, minimal spread 22, max spread 31, got 10 drops
Total number of curves 550391
Starting step 110
Analyzing 1 states in spread 22
Analyzing 31 states in spread 23
Analyzing 367 states in spread 24
Analyzing 5319 states in spread 25
Analyzing 44673 states in spread 26
Analyzing 100000 states in spread 27
Analyzing 100000 states in spread 28
Analyzing 100000 states in spread 29
Analyzing 100000 states in spread 30
Finished step 110, minimal spread 23, max spread 31, got 9 drops
Total number of curves 534888
Starting step 111
Analyzing 10 states in spread 23
Analyzing 276 states in spread 24
Analyzing 2707 states in spread 25
Analyzing 31895 states in spread 26
Analyzing 100000 states in spread 27
Analyzing 100000 states in spread 28
Analyzing 100000 states in spread 29
Analyzing 100000 states in spread 30
Finished step 111, minimal spread 23, max spread 31, got 11 drops
Total number of curves 519657
Starting step 112
Analyzing 2 states in spread 23
Analyzing 103 states in spread 24
Analyzing 2004 states in spread 25
Analyzing 17548 states in spread 26
Analyzing 100000 states in spread 27
Analyzing 100000 states in spread 28
Analyzing 100000 states in spread 29
Analyzing 100000 states in spread 30
Finished step 112, minimal spread 24, max spread 31, got 10 drops
Total number of curves 504029
Starting step 113
Analyzing 43 states in spread 24
Analyzing 895 states in spread 25
Analyzing 12960 states in spread 26
Analyzing 90131 states in spread 27
Analyzing 100000 states in spread 28
Analyzing 100000 states in spread 29
Analyzing 100000 states in spread 30
Finished step 113, minimal spread 24, max spread 31, got 8 drops
Total number of curves 477409
Starting step 114
Analyzing 16 states in spread 24
Analyzing 457 states in spread 25
Analyzing 6515 states in spread 26
Analyzing 70421 states in spread 27
Analyzing 100000 states in spread 28
Analyzing 100000 states in spread 29
Analyzing 100000 states in spread 30
Analyzing 100000 states in spread 31
Finished step 114, minimal spread 23, max spread 32, got 10 drops
Total number of curves 542776
Starting step 115
Analyzing 2 states in spread 23
Analyzing 13 states in spread 24
Analyzing 231 states in spread 25
Analyzing 3550 states in spread 26
Analyzing 38980 states in spread 27
Analyzing 100000 states in spread 28
Analyzing 100000 states in spread 29
Analyzing 100000 states in spread 30
Analyzing 100000 states in spread 31
Finished step 115, minimal spread 23, max spread 32, got 8 drops
Total number of curves 524713
Starting step 116
Analyzing 2 states in spread 23
Analyzing 25 states in spread 24
Analyzing 142 states in spread 25
Analyzing 2047 states in spread 26
Analyzing 22497 states in spread 27
Analyzing 100000 states in spread 28
Analyzing 100000 states in spread 29
Analyzing 100000 states in spread 30
Analyzing 100000 states in spread 31
Finished step 116, minimal spread 23, max spread 32, got 15 drops
Total number of curves 515458
Starting step 117
Analyzing 2 states in spread 23
Analyzing 21 states in spread 24
Analyzing 193 states in spread 25
Analyzing 1201 states in spread 26
Analyzing 14041 states in spread 27
Analyzing 100000 states in spread 28
Analyzing 100000 states in spread 29
Analyzing 100000 states in spread 30
Analyzing 100000 states in spread 31
Finished step 117, minimal spread 23, max spread 32, got 8 drops
Total number of curves 485885
Starting step 118
Analyzing 1 states in spread 23
Analyzing 22 states in spread 24
Analyzing 153 states in spread 25
Analyzing 1301 states in spread 26
Analyzing 8424 states in spread 27
Analyzing 75984 states in spread 28
Analyzing 100000 states in spread 29
Analyzing 100000 states in spread 30
Analyzing 100000 states in spread 31
Analyzing 100000 states in spread 32
Finished step 118, minimal spread 23, max spread 33, got 9 drops
Total number of curves 558070
Starting step 119
Analyzing 1 states in spread 23
Analyzing 11 states in spread 24
Analyzing 160 states in spread 25
Analyzing 1007 states in spread 26
Analyzing 8038 states in spread 27
Analyzing 48853 states in spread 28
Analyzing 100000 states in spread 29
Analyzing 100000 states in spread 30
Analyzing 100000 states in spread 31
Analyzing 100000 states in spread 32
Finished step 119, minimal spread 24, max spread 33, got 8 drops
Total number of curves 552614
Starting step 120
Analyzing 7 states in spread 24
Analyzing 85 states in spread 25
Analyzing 1018 states in spread 26
Analyzing 6164 states in spread 27
Analyzing 45340 states in spread 28
Analyzing 100000 states in spread 29
Analyzing 100000 states in spread 30
Analyzing 100000 states in spread 31
Analyzing 100000 states in spread 32
Finished step 120, minimal spread 25, max spread 33, got 7 drops
Total number of curves 541827
Starting step 121
Analyzing 53 states in spread 25
Analyzing 584 states in spread 26
Analyzing 5976 states in spread 27
Analyzing 35214 states in spread 28
Analyzing 100000 states in spread 29
Analyzing 100000 states in spread 30
Analyzing 100000 states in spread 31
Analyzing 100000 states in spread 32
Finished step 121, minimal spread 25, max spread 33, got 9 drops
Total number of curves 537398
Starting step 122
Analyzing 12 states in spread 25
Analyzing 377 states in spread 26
Analyzing 3627 states in spread 27
Analyzing 33382 states in spread 28
Analyzing 100000 states in spread 29
Analyzing 100000 states in spread 30
Analyzing 100000 states in spread 31
Analyzing 100000 states in spread 32
Finished step 122, minimal spread 25, max spread 33, got 17 drops
Total number of curves 523709
Starting step 123
Analyzing 5 states in spread 25
Analyzing 143 states in spread 26
Analyzing 2381 states in spread 27
Analyzing 21180 states in spread 28
Analyzing 100000 states in spread 29
Analyzing 100000 states in spread 30
Analyzing 100000 states in spread 31
Analyzing 100000 states in spread 32
Finished step 123, minimal spread 25, max spread 33, got 11 drops
Total number of curves 515359
Starting step 124
Analyzing 3 states in spread 25
Analyzing 63 states in spread 26
Analyzing 1118 states in spread 27
Analyzing 14175 states in spread 28
Analyzing 100000 states in spread 29
Analyzing 100000 states in spread 30
Analyzing 100000 states in spread 31
Analyzing 100000 states in spread 32
Finished step 124, minimal spread 25, max spread 33, got 6 drops
Total number of curves 483612
Starting step 125
Analyzing 1 states in spread 25
Analyzing 40 states in spread 26
Analyzing 538 states in spread 27
Analyzing 7505 states in spread 28
Analyzing 75528 states in spread 29
Analyzing 100000 states in spread 30
Analyzing 100000 states in spread 31
Analyzing 100000 states in spread 32
Analyzing 100000 states in spread 33
Finished step 125, minimal spread 25, max spread 34, got 4 drops
Total number of curves 548020
Starting step 126
Analyzing 2 states in spread 25
Analyzing 13 states in spread 26
Analyzing 344 states in spread 27
Analyzing 3896 states in spread 28
Analyzing 43765 states in spread 29
Analyzing 100000 states in spread 30
Analyzing 100000 states in spread 31
Analyzing 100000 states in spread 32
Analyzing 100000 states in spread 33
Finished step 126, minimal spread 25, max spread 34, got 7 drops
Total number of curves 527140
Starting step 127
Analyzing 1 states in spread 25
Analyzing 16 states in spread 26
Analyzing 139 states in spread 27
Analyzing 2556 states in spread 28
Analyzing 24428 states in spread 29
Analyzing 100000 states in spread 30
Analyzing 100000 states in spread 31
Analyzing 100000 states in spread 32
Analyzing 100000 states in spread 33
Finished step 127, minimal spread 26, max spread 34, got 6 drops
Total number of curves 517772
Starting step 128
Analyzing 8 states in spread 26
Analyzing 122 states in spread 27
Analyzing 1231 states in spread 28
Analyzing 16411 states in spread 29
Analyzing 100000 states in spread 30
Analyzing 100000 states in spread 31
Analyzing 100000 states in spread 32
Analyzing 100000 states in spread 33
Finished step 128, minimal spread 26, max spread 34, got 3 drops
Total number of curves 496253
Starting step 129
Analyzing 1 states in spread 26
Analyzing 72 states in spread 27
Analyzing 894 states in spread 28
Analyzing 8780 states in spread 29
Analyzing 86506 states in spread 30
Analyzing 100000 states in spread 31
Analyzing 100000 states in spread 32
Analyzing 100000 states in spread 33
Analyzing 100000 states in spread 34
Finished step 129, minimal spread 27, max spread 35, got 4 drops
Total number of curves 557425
Starting step 130
Analyzing 19 states in spread 27
Analyzing 581 states in spread 28
Analyzing 5906 states in spread 29
Analyzing 50919 states in spread 30
Analyzing 100000 states in spread 31
Analyzing 100000 states in spread 32
Analyzing 100000 states in spread 33
Analyzing 100000 states in spread 34
Finished step 130, minimal spread 27, max spread 35, got 7 drops
Total number of curves 538987
Starting step 131
Analyzing 3 states in spread 27
Analyzing 213 states in spread 28
Analyzing 4058 states in spread 29
Analyzing 34713 states in spread 30
Analyzing 100000 states in spread 31
Analyzing 100000 states in spread 32
Analyzing 100000 states in spread 33
Analyzing 100000 states in spread 34
Finished step 131, minimal spread 27, max spread 35, got 10 drops
Total number of curves 526736
Starting step 132
Analyzing 1 states in spread 27
Analyzing 90 states in spread 28
Analyzing 1797 states in spread 29
Analyzing 24848 states in spread 30
Analyzing 100000 states in spread 31
Analyzing 100000 states in spread 32
Analyzing 100000 states in spread 33
Analyzing 100000 states in spread 34
Finished step 132, minimal spread 27, max spread 35, got 12 drops
Total number of curves 513284
Starting step 133
Analyzing 3 states in spread 27
Analyzing 42 states in spread 28
Analyzing 967 states in spread 29
Analyzing 12272 states in spread 30
Analyzing 100000 states in spread 31
Analyzing 100000 states in spread 32
Analyzing 100000 states in spread 33
Analyzing 100000 states in spread 34
Finished step 133, minimal spread 27, max spread 35, got 13 drops
Total number of curves 474070
Starting step 134
Analyzing 3 states in spread 27
Analyzing 44 states in spread 28
Analyzing 489 states in spread 29
Analyzing 7290 states in spread 30
Analyzing 66244 states in spread 31
Analyzing 100000 states in spread 32
Analyzing 100000 states in spread 33
Analyzing 100000 states in spread 34
Analyzing 100000 states in spread 35
Finished step 134, minimal spread 28, max spread 36, got 10 drops
Total number of curves 547434
Starting step 135
Analyzing 27 states in spread 28
Analyzing 402 states in spread 29
Analyzing 4010 states in spread 30
Analyzing 42995 states in spread 31
Analyzing 100000 states in spread 32
Analyzing 100000 states in spread 33
Analyzing 100000 states in spread 34
Analyzing 100000 states in spread 35
Finished step 135, minimal spread 28, max spread 36, got 2 drops
Total number of curves 529054
Starting step 136
Analyzing 6 states in spread 28
Analyzing 219 states in spread 29
Analyzing 2978 states in spread 30
Analyzing 25851 states in spread 31
Analyzing 100000 states in spread 32
Analyzing 100000 states in spread 33
Analyzing 100000 states in spread 34
Analyzing 100000 states in spread 35
Finished step 136, minimal spread 28, max spread 36, got 6 drops
Total number of curves 520598
Starting step 137
Analyzing 5 states in spread 28
Analyzing 91 states in spread 29
Analyzing 1671 states in spread 30
Analyzing 18831 states in spread 31
Analyzing 100000 states in spread 32
Analyzing 100000 states in spread 33
Analyzing 100000 states in spread 34
Analyzing 100000 states in spread 35
Finished step 137, minimal spread 28, max spread 36, got 6 drops
Total number of curves 510341
Starting step 138
Analyzing 3 states in spread 28
Analyzing 66 states in spread 29
Analyzing 853 states in spread 30
Analyzing 11113 states in spread 31
Analyzing 98306 states in spread 32
Analyzing 100000 states in spread 33
Analyzing 100000 states in spread 34
Analyzing 100000 states in spread 35
Finished step 138, minimal spread 28, max spread 36, got 7 drops
Total number of curves 469393
Starting step 139
Analyzing 2 states in spread 28
Analyzing 43 states in spread 29
Analyzing 570 states in spread 30
Analyzing 6315 states in spread 31
Analyzing 62463 states in spread 32
Analyzing 100000 states in spread 33
Analyzing 100000 states in spread 34
Analyzing 100000 states in spread 35
Analyzing 100000 states in spread 36
Finished step 139, minimal spread 28, max spread 37, got 5 drops
Total number of curves 543270
Starting step 140
Analyzing 2 states in spread 28
Analyzing 27 states in spread 29
Analyzing 384 states in spread 30
Analyzing 4103 states in spread 31
Analyzing 38754 states in spread 32
Analyzing 100000 states in spread 33
Analyzing 100000 states in spread 34
Analyzing 100000 states in spread 35
Analyzing 100000 states in spread 36
Finished step 140, minimal spread 28, max spread 37, got 4 drops
Total number of curves 528700
Starting step 141
Analyzing 1 states in spread 28
Analyzing 24 states in spread 29
Analyzing 244 states in spread 30
Analyzing 2790 states in spread 31
Analyzing 25641 states in spread 32
Analyzing 100000 states in spread 33
Analyzing 100000 states in spread 34
Analyzing 100000 states in spread 35
Analyzing 100000 states in spread 36
Finished step 141, minimal spread 28, max spread 37, got 6 drops
Total number of curves 519779
Starting step 142
Analyzing 1 states in spread 28
Analyzing 12 states in spread 29
Analyzing 205 states in spread 30
Analyzing 1804 states in spread 31
Analyzing 17757 states in spread 32
Analyzing 100000 states in spread 33
Analyzing 100000 states in spread 34
Analyzing 100000 states in spread 35
Analyzing 100000 states in spread 36
Finished step 142, minimal spread 29, max spread 37, got 11 drops
Total number of curves 505836
Starting step 143
Analyzing 10 states in spread 29
Analyzing 108 states in spread 30
Analyzing 1459 states in spread 31
Analyzing 11687 states in spread 32
Analyzing 92572 states in spread 33
Analyzing 100000 states in spread 34
Analyzing 100000 states in spread 35
Analyzing 100000 states in spread 36
Finished step 143, minimal spread 29, max spread 37, got 6 drops
Total number of curves 474711
Starting step 144
Analyzing 3 states in spread 29
Analyzing 83 states in spread 30
Analyzing 796 states in spread 31
Analyzing 9267 states in spread 32
Analyzing 64562 states in spread 33
Analyzing 100000 states in spread 34
Analyzing 100000 states in spread 35
Analyzing 100000 states in spread 36
Analyzing 100000 states in spread 37
Finished step 144, minimal spread 29, max spread 38, got 4 drops
Total number of curves 558341
Starting step 145
Analyzing 3 states in spread 29
Analyzing 33 states in spread 30
Analyzing 588 states in spread 31
Analyzing 5332 states in spread 32
Analyzing 52385 states in spread 33
Analyzing 100000 states in spread 34
Analyzing 100000 states in spread 35
Analyzing 100000 states in spread 36
Analyzing 100000 states in spread 37
Finished step 145, minimal spread 29, max spread 38, got 5 drops
Total number of curves 536236
Starting step 146
Analyzing 3 states in spread 29
Analyzing 34 states in spread 30
Analyzing 264 states in spread 31
Analyzing 3865 states in spread 32
Analyzing 32070 states in spread 33
Analyzing 100000 states in spread 34
Analyzing 100000 states in spread 35
Analyzing 100000 states in spread 36
Analyzing 100000 states in spread 37
Finished step 146, minimal spread 29, max spread 38, got 10 drops
Total number of curves 525582
Starting step 147
Analyzing 1 states in spread 29
Analyzing 32 states in spread 30
Analyzing 267 states in spread 31
Analyzing 1905 states in spread 32
Analyzing 23377 states in spread 33
Analyzing 100000 states in spread 34
Analyzing 100000 states in spread 35
Analyzing 100000 states in spread 36
Analyzing 100000 states in spread 37
Finished step 147, minimal spread 30, max spread 38, got 3 drops
Total number of curves 514502
Starting step 148
Analyzing 12 states in spread 30
Analyzing 237 states in spread 31
Analyzing 1791 states in spread 32
Analyzing 12462 states in spread 33
Analyzing 100000 states in spread 34
Analyzing 100000 states in spread 35
Analyzing 100000 states in spread 36
Analyzing 100000 states in spread 37
Finished step 148, minimal spread 30, max spread 38, got 9 drops
Total number of curves 479730
Starting step 149
Analyzing 3 states in spread 30
Analyzing 109 states in spread 31
Analyzing 1515 states in spread 32
Analyzing 11075 states in spread 33
Analyzing 67028 states in spread 34
Analyzing 100000 states in spread 35
Analyzing 100000 states in spread 36
Analyzing 100000 states in spread 37
Analyzing 100000 states in spread 38
Finished step 149, minimal spread 30, max spread 39, got 9 drops
Total number of curves 570471
Starting step 150
Analyzing 1 states in spread 30
Analyzing 53 states in spread 31
Analyzing 788 states in spread 32
Analyzing 9023 states in spread 33
Analyzing 60606 states in spread 34
Analyzing 100000 states in spread 35
Analyzing 100000 states in spread 36
Analyzing 100000 states in spread 37
Analyzing 100000 states in spread 38
Finished step 150, minimal spread 31, max spread 39, got 11 drops
Total number of curves 555297
Starting step 151
Analyzing 24 states in spread 31
Analyzing 452 states in spread 32
Analyzing 5066 states in spread 33
Analyzing 49755 states in spread 34
Analyzing 100000 states in spread 35
Analyzing 100000 states in spread 36
Analyzing 100000 states in spread 37
Analyzing 100000 states in spread 38
Finished step 151, minimal spread 31, max spread 39, got 4 drops
Total number of curves 533095
Starting step 152
Analyzing 9 states in spread 31
Analyzing 226 states in spread 32
Analyzing 3094 states in spread 33
Analyzing 29766 states in spread 34
Analyzing 100000 states in spread 35
Analyzing 100000 states in spread 36
Analyzing 100000 states in spread 37
Analyzing 100000 states in spread 38
Finished step 152, minimal spread 31, max spread 39, got 7 drops
Total number of curves 520805
Starting step 153
Analyzing 6 states in spread 31
Analyzing 121 states in spread 32
Analyzing 1682 states in spread 33
Analyzing 18996 states in spread 34
Analyzing 100000 states in spread 35
Analyzing 100000 states in spread 36
Analyzing 100000 states in spread 37
Analyzing 100000 states in spread 38
Finished step 153, minimal spread 31, max spread 39, got 8 drops
Total number of curves 508318
Starting step 154
Analyzing 3 states in spread 31
Analyzing 76 states in spread 32
Analyzing 1036 states in spread 33
Analyzing 11016 states in spread 34
Analyzing 96187 states in spread 35
Analyzing 100000 states in spread 36
Analyzing 100000 states in spread 37
Analyzing 100000 states in spread 38
Finished step 154, minimal spread 31, max spread 39, got 8 drops
Total number of curves 468367
Starting step 155
Analyzing 1 states in spread 31
Analyzing 47 states in spread 32
Analyzing 651 states in spread 33
Analyzing 7215 states in spread 34
Analyzing 60453 states in spread 35
Analyzing 100000 states in spread 36
Analyzing 100000 states in spread 37
Analyzing 100000 states in spread 38
Analyzing 100000 states in spread 39
Finished step 155, minimal spread 31, max spread 40, got 7 drops
Total number of curves 547102
Starting step 156
Analyzing 2 states in spread 31
Analyzing 25 states in spread 32
Analyzing 430 states in spread 33
Analyzing 4602 states in spread 34
Analyzing 42043 states in spread 35
Analyzing 100000 states in spread 36
Analyzing 100000 states in spread 37
Analyzing 100000 states in spread 38
Analyzing 100000 states in spread 39
Finished step 156, minimal spread 31, max spread 40, got 7 drops
Total number of curves 531230
Starting step 157
Analyzing 1 states in spread 31
Analyzing 27 states in spread 32
Analyzing 250 states in spread 33
Analyzing 3101 states in spread 34
Analyzing 27851 states in spread 35
Analyzing 100000 states in spread 36
Analyzing 100000 states in spread 37
Analyzing 100000 states in spread 38
Analyzing 100000 states in spread 39
Finished step 157, minimal spread 32, max spread 40, got 6 drops
Total number of curves 521432
Starting step 158
Analyzing 13 states in spread 32
Analyzing 214 states in spread 33
Analyzing 1892 states in spread 34
Analyzing 19313 states in spread 35
Analyzing 100000 states in spread 36
Analyzing 100000 states in spread 37
Analyzing 100000 states in spread 38
Analyzing 100000 states in spread 39
Finished step 158, minimal spread 32, max spread 40, got 13 drops
Total number of curves 512735
Starting step 159
Analyzing 4 states in spread 32
Analyzing 128 states in spread 33
Analyzing 1455 states in spread 34
Analyzing 12185 states in spread 35
Analyzing 98963 states in spread 36
Analyzing 100000 states in spread 37
Analyzing 100000 states in spread 38
Analyzing 100000 states in spread 39
Finished step 159, minimal spread 31, max spread 40, got 15 drops
Total number of curves 476902
Starting step 160
Analyzing 1 states in spread 31
Analyzing 3 states in spread 32
Analyzing 56 states in spread 33
Analyzing 985 states in spread 34
Analyzing 8970 states in spread 35
Analyzing 66887 states in spread 36
Analyzing 100000 states in spread 37
Analyzing 100000 states in spread 38
Analyzing 100000 states in spread 39
Analyzing 100000 states in spread 40
Finished step 160, minimal spread 31, max spread 41, got 4 drops
Total number of curves 557051
Starting step 161
Analyzing 2 states in spread 31
Analyzing 8 states in spread 32
Analyzing 38 states in spread 33
Analyzing 489 states in spread 34
Analyzing 6419 states in spread 35
Analyzing 50095 states in spread 36
Analyzing 100000 states in spread 37
Analyzing 100000 states in spread 38
Analyzing 100000 states in spread 39
Analyzing 100000 states in spread 40
Finished step 161, minimal spread 31, max spread 41, got 4 drops
Total number of curves 541246
Starting step 162
Analyzing 3 states in spread 31
Analyzing 16 states in spread 32
Analyzing 55 states in spread 33
Analyzing 338 states in spread 34
Analyzing 3403 states in spread 35
Analyzing 37431 states in spread 36
Analyzing 100000 states in spread 37
Analyzing 100000 states in spread 38
Analyzing 100000 states in spread 39
Analyzing 100000 states in spread 40
Finished step 162, minimal spread 32, max spread 41, got 4 drops
Total number of curves 523855
Starting step 163
Analyzing 28 states in spread 32
Analyzing 93 states in spread 33
Analyzing 374 states in spread 34
Analyzing 2404 states in spread 35
Analyzing 20956 states in spread 36
Analyzing 100000 states in spread 37
Analyzing 100000 states in spread 38
Analyzing 100000 states in spread 39
Analyzing 100000 states in spread 40
Finished step 163, minimal spread 32, max spread 41, got 8 drops
Total number of curves 518199
Starting step 164
Analyzing 3 states in spread 32
Analyzing 166 states in spread 33
Analyzing 542 states in spread 34
Analyzing 2369 states in spread 35
Analyzing 15119 states in spread 36
Analyzing 100000 states in spread 37
Analyzing 100000 states in spread 38
Analyzing 100000 states in spread 39
Analyzing 100000 states in spread 40
Finished step 164, minimal spread 32, max spread 41, got 3 drops
Total number of curves 499046
Starting step 165
Analyzing 5 states in spread 32
Analyzing 34 states in spread 33
Analyzing 897 states in spread 34
Analyzing 3075 states in spread 35
Analyzing 14106 states in spread 36
Analyzing 80929 states in spread 37
Analyzing 100000 states in spread 38
Analyzing 100000 states in spread 39
Analyzing 100000 states in spread 40
Analyzing 100000 states in spread 41
Finished step 165, minimal spread 32, max spread 42, got 4 drops
Total number of curves 598256
Starting step 166
Analyzing 2 states in spread 32
Analyzing 49 states in spread 33
Analyzing 268 states in spread 34
Analyzing 4713 states in spread 35
Analyzing 16939 states in spread 36
Analyzing 76285 states in spread 37
Analyzing 100000 states in spread 38
Analyzing 100000 states in spread 39
Analyzing 100000 states in spread 40
Analyzing 100000 states in spread 41
Finished step 166, minimal spread 32, max spread 42, got 7 drops
Total number of curves 616013
Starting step 167
Analyzing 1 states in spread 32
Analyzing 19 states in spread 33
Analyzing 326 states in spread 34
Analyzing 1767 states in spread 35
Analyzing 24450 states in spread 36
Analyzing 89450 states in spread 37
Analyzing 100000 states in spread 38
Analyzing 100000 states in spread 39
Analyzing 100000 states in spread 40
Finished step 167, minimal spread 33, max spread 41, got 13 drops
Total number of curves 512706
Starting step 168
Analyzing 12 states in spread 33
Analyzing 136 states in spread 34
Analyzing 1933 states in spread 35
Analyzing 10625 states in spread 36
Analyzing 100000 states in spread 37
Analyzing 100000 states in spread 38
Analyzing 100000 states in spread 39
Analyzing 100000 states in spread 40
Finished step 168, minimal spread 33, max spread 41, got 10 drops
Total number of curves 470390
Starting step 169
Analyzing 5 states in spread 33
Analyzing 87 states in spread 34
Analyzing 872 states in spread 35
Analyzing 10936 states in spread 36
Analyzing 58490 states in spread 37
Analyzing 100000 states in spread 38
Analyzing 100000 states in spread 39
Analyzing 100000 states in spread 40
Analyzing 100000 states in spread 41
Finished step 169, minimal spread 34, max spread 42, got 11 drops
Total number of curves 565007
Starting step 170
Analyzing 55 states in spread 34
Analyzing 558 states in spread 35
Analyzing 5372 states in spread 36
Analyzing 59022 states in spread 37
Analyzing 100000 states in spread 38
Analyzing 100000 states in spread 39
Analyzing 100000 states in spread 40
Analyzing 100000 states in spread 41
Finished step 170, minimal spread 34, max spread 42, got 12 drops
Total number of curves 535141
Starting step 171
Analyzing 13 states in spread 34
Analyzing 407 states in spread 35
Analyzing 3468 states in spread 36
Analyzing 31253 states in spread 37
Analyzing 100000 states in spread 38
Analyzing 100000 states in spread 39
Analyzing 100000 states in spread 40
Analyzing 100000 states in spread 41
Finished step 171, minimal spread 34, max spread 42, got 6 drops
Total number of curves 523382
Starting step 172
Analyzing 8 states in spread 34
Analyzing 154 states in spread 35
Analyzing 2607 states in spread 36
Analyzing 20613 states in spread 37
Analyzing 100000 states in spread 38
Analyzing 100000 states in spread 39
Analyzing 100000 states in spread 40
Analyzing 100000 states in spread 41
Finished step 172, minimal spread 34, max spread 42, got 9 drops
Total number of curves 516886
Starting step 173
Analyzing 4 states in spread 34
Analyzing 90 states in spread 35
Analyzing 1250 states in spread 36
Analyzing 15542 states in spread 37
Analyzing 100000 states in spread 38
Analyzing 100000 states in spread 39
Analyzing 100000 states in spread 40
Analyzing 100000 states in spread 41
Finished step 173, minimal spread 34, max spread 42, got 11 drops
Total number of curves 491827
Starting step 174
Analyzing 3 states in spread 34
Analyzing 55 states in spread 35
Analyzing 737 states in spread 36
Analyzing 8476 states in spread 37
Analyzing 82556 states in spread 38
Analyzing 100000 states in spread 39
Analyzing 100000 states in spread 40
Analyzing 100000 states in spread 41
Analyzing 100000 states in spread 42
Finished step 174, minimal spread 34, max spread 43, got 10 drops
Total number of curves 554895
Starting step 175
Analyzing 4 states in spread 34
Analyzing 37 states in spread 35
Analyzing 471 states in spread 36
Analyzing 5139 states in spread 37
Analyzing 49244 states in spread 38
Analyzing 100000 states in spread 39
Analyzing 100000 states in spread 40
Analyzing 100000 states in spread 41
Analyzing 100000 states in spread 42
Finished step 175, minimal spread 34, max spread 43, got 6 drops
Total number of curves 534889
Starting step 176
Analyzing 4 states in spread 34
Analyzing 43 states in spread 35
Analyzing 300 states in spread 36
Analyzing 3358 states in spread 37
Analyzing 31184 states in spread 38
Analyzing 100000 states in spread 39
Analyzing 100000 states in spread 40
Analyzing 100000 states in spread 41
Analyzing 100000 states in spread 42
Finished step 176, minimal spread 34, max spread 43, got 5 drops
Total number of curves 523470
Starting step 177
Analyzing 2 states in spread 34
Analyzing 48 states in spread 35
Analyzing 305 states in spread 36
Analyzing 2122 states in spread 37
Analyzing 20993 states in spread 38
Analyzing 100000 states in spread 39
Analyzing 100000 states in spread 40
Analyzing 100000 states in spread 41
Analyzing 100000 states in spread 42
Finished step 177, minimal spread 34, max spread 43, got 5 drops
Total number of curves 515759
Starting step 178
Analyzing 1 states in spread 34
Analyzing 26 states in spread 35
Analyzing 332 states in spread 36
Analyzing 1963 states in spread 37
Analyzing 13437 states in spread 38
Analyzing 100000 states in spread 39
Analyzing 100000 states in spread 40
Analyzing 100000 states in spread 41
Analyzing 100000 states in spread 42
Finished step 178, minimal spread 34, max spread 43, got 7 drops
Total number of curves 486675
Starting step 179
Analyzing 1 states in spread 34
Analyzing 10 states in spread 35
Analyzing 211 states in spread 36
Analyzing 2018 states in spread 37
Analyzing 11812 states in spread 38
Analyzing 72623 states in spread 39
Analyzing 100000 states in spread 40
Analyzing 100000 states in spread 41
Analyzing 100000 states in spread 42
Analyzing 100000 states in spread 43
Finished step 179, minimal spread 34, max spread 44, got 8 drops
Total number of curves 577506
Starting step 180
Analyzing 1 states in spread 34
Analyzing 10 states in spread 35
Analyzing 97 states in spread 36
Analyzing 1406 states in spread 37
Analyzing 11477 states in spread 38
Analyzing 64515 states in spread 39
Analyzing 100000 states in spread 40
Analyzing 100000 states in spread 41
Analyzing 100000 states in spread 42
Analyzing 100000 states in spread 43
Finished step 180, minimal spread 35, max spread 44, got 10 drops
Total number of curves 570929
Starting step 181
Analyzing 10 states in spread 35
Analyzing 81 states in spread 36
Analyzing 773 states in spread 37
Analyzing 8419 states in spread 38
Analyzing 61646 states in spread 39
Analyzing 100000 states in spread 40
Analyzing 100000 states in spread 41
Analyzing 100000 states in spread 42
Analyzing 100000 states in spread 43
Finished step 181, minimal spread 35, max spread 44, got 11 drops
Total number of curves 552724
Starting step 182
Analyzing 2 states in spread 35
Analyzing 72 states in spread 36
Analyzing 584 states in spread 37
Analyzing 5154 states in spread 38
Analyzing 46912 states in spread 39
Analyzing 100000 states in spread 40
Analyzing 100000 states in spread 41
Analyzing 100000 states in spread 42
Analyzing 100000 states in spread 43
Finished step 182, minimal spread 35, max spread 44, got 10 drops
Total number of curves 535165
Starting step 183
Analyzing 2 states in spread 35
Analyzing 25 states in spread 36
Analyzing 464 states in spread 37
Analyzing 3799 states in spread 38
Analyzing 30875 states in spread 39
Analyzing 100000 states in spread 40
Analyzing 100000 states in spread 41
Analyzing 100000 states in spread 42
Analyzing 100000 states in spread 43
Finished step 183, minimal spread 35, max spread 44, got 11 drops
Total number of curves 525936
Starting step 184
Analyzing 2 states in spread 35
Analyzing 20 states in spread 36
Analyzing 208 states in spread 37
Analyzing 2858 states in spread 38
Analyzing 22848 states in spread 39
Analyzing 100000 states in spread 40
Analyzing 100000 states in spread 41
Analyzing 100000 states in spread 42
Analyzing 100000 states in spread 43
Finished step 184, minimal spread 35, max spread 44, got 8 drops
Total number of curves 518509
Starting step 185
Analyzing 1 states in spread 35
Analyzing 21 states in spread 36
Analyzing 162 states in spread 37
Analyzing 1470 states in spread 38
Analyzing 16855 states in spread 39
Analyzing 100000 states in spread 40
Analyzing 100000 states in spread 41
Analyzing 100000 states in spread 42
Analyzing 100000 states in spread 43
Finished step 185, minimal spread 36, max spread 44, got 9 drops
Total number of curves 498445
Starting step 186
Analyzing 10 states in spread 36
Analyzing 155 states in spread 37
Analyzing 1111 states in spread 38
Analyzing 9400 states in spread 39
Analyzing 87769 states in spread 40
Analyzing 100000 states in spread 41
Analyzing 100000 states in spread 42
Analyzing 100000 states in spread 43
Analyzing 100000 states in spread 44
Finished step 186, minimal spread 36, max spread 45, got 7 drops
Total number of curves 560897
Starting step 187
Analyzing 1 states in spread 36
Analyzing 73 states in spread 37
Analyzing 989 states in spread 38
Analyzing 6983 states in spread 39
Analyzing 52851 states in spread 40
Analyzing 100000 states in spread 41
Analyzing 100000 states in spread 42
Analyzing 100000 states in spread 43
Analyzing 100000 states in spread 44
Finished step 187, minimal spread 36, max spread 45, got 9 drops
Total number of curves 546314
Starting step 188
Analyzing 1 states in spread 36
Analyzing 14 states in spread 37
Analyzing 502 states in spread 38
Analyzing 5960 states in spread 39
Analyzing 39837 states in spread 40
Analyzing 100000 states in spread 41
Analyzing 100000 states in spread 42
Analyzing 100000 states in spread 43
Analyzing 100000 states in spread 44
Finished step 188, minimal spread 36, max spread 45, got 7 drops
Total number of curves 537262
Starting step 189
Analyzing 1 states in spread 36
Analyzing 8 states in spread 37
Analyzing 146 states in spread 38
Analyzing 3288 states in spread 39
Analyzing 33819 states in spread 40
Analyzing 100000 states in spread 41
Analyzing 100000 states in spread 42
Analyzing 100000 states in spread 43
Analyzing 100000 states in spread 44
Finished step 189, minimal spread 37, max spread 45, got 9 drops
Total number of curves 521137
Starting step 190
Analyzing 11 states in spread 37
Analyzing 70 states in spread 38
Analyzing 1283 states in spread 39
Analyzing 19773 states in spread 40
Analyzing 100000 states in spread 41
Analyzing 100000 states in spread 42
Analyzing 100000 states in spread 43
Analyzing 100000 states in spread 44
Finished step 190, minimal spread 37, max spread 45, got 8 drops
Total number of curves 509836
Starting step 191
Analyzing 2 states in spread 37
Analyzing 81 states in spread 38
Analyzing 638 states in spread 39
Analyzing 9115 states in spread 40
Analyzing 100000 states in spread 41
Analyzing 100000 states in spread 42
Analyzing 100000 states in spread 43
Analyzing 100000 states in spread 44
Finished step 191, minimal spread 38, max spread 45, got 4 drops
Total number of curves 457053
Starting step 192
Analyzing 24 states in spread 38
Analyzing 582 states in spread 39
Analyzing 4884 states in spread 40
Analyzing 51563 states in spread 41
Analyzing 100000 states in spread 42
Analyzing 100000 states in spread 43
Analyzing 100000 states in spread 44
Analyzing 100000 states in spread 45
Finished step 192, minimal spread 38, max spread 46, got 2 drops
Total number of curves 534196
Starting step 193
Analyzing 6 states in spread 38
Analyzing 235 states in spread 39
Analyzing 3931 states in spread 40
Analyzing 30024 states in spread 41
Analyzing 100000 states in spread 42
Analyzing 100000 states in spread 43
Analyzing 100000 states in spread 44
Analyzing 100000 states in spread 45
Finished step 193, minimal spread 38, max spread 46, got 5 drops
Total number of curves 525541
Starting step 194
Analyzing 3 states in spread 38
Analyzing 101 states in spread 39
Analyzing 1938 states in spread 40
Analyzing 23499 states in spread 41
Analyzing 100000 states in spread 42
Analyzing 100000 states in spread 43
Analyzing 100000 states in spread 44
Analyzing 100000 states in spread 45
Finished step 194, minimal spread 37, max spread 46, got 7 drops
Total number of curves 514022
Starting step 195
Analyzing 1 states in spread 37
Analyzing 4 states in spread 38
Analyzing 67 states in spread 39
Analyzing 963 states in spread 40
Analyzing 12987 states in spread 41
Analyzing 100000 states in spread 42
Analyzing 100000 states in spread 43
Analyzing 100000 states in spread 44
Analyzing 100000 states in spread 45
Finished step 195, minimal spread 38, max spread 46, got 6 drops
Total number of curves 478672
Starting step 196
Analyzing 10 states in spread 38
Analyzing 53 states in spread 39
Analyzing 677 states in spread 40
Analyzing 6933 states in spread 41
Analyzing 70999 states in spread 42
Analyzing 100000 states in spread 43
Analyzing 100000 states in spread 44
Analyzing 100000 states in spread 45
Analyzing 100000 states in spread 46
Finished step 196, minimal spread 38, max spread 47, got 6 drops
Total number of curves 546185
Starting step 197
Analyzing 1 states in spread 38
Analyzing 77 states in spread 39
Analyzing 453 states in spread 40
Analyzing 4971 states in spread 41
Analyzing 40683 states in spread 42
Analyzing 100000 states in spread 43
Analyzing 100000 states in spread 44
Analyzing 100000 states in spread 45
Analyzing 100000 states in spread 46
Finished step 197, minimal spread 38, max spread 47, got 2 drops
Total number of curves 533954
Starting step 198
Analyzing 1 states in spread 38
Analyzing 23 states in spread 39
Analyzing 506 states in spread 40
Analyzing 3194 states in spread 41
Analyzing 30230 states in spread 42
Analyzing 100000 states in spread 43
Analyzing 100000 states in spread 44
Analyzing 100000 states in spread 45
Analyzing 100000 states in spread 46
Finished step 198, minimal spread 38, max spread 47, got 6 drops
Total number of curves 523175
Starting step 199
Analyzing 1 states in spread 38
Analyzing 16 states in spread 39
Analyzing 202 states in spread 40
Analyzing 3114 states in spread 41
Analyzing 19842 states in spread 42
Analyzing 100000 states in spread 43
Analyzing 100000 states in spread 44
Analyzing 100000 states in spread 45
Analyzing 100000 states in spread 46
Finished step 199, minimal spread 39, max spread 47, got 6 drops
Total number of curves 519866
Starting step 200
Analyzing 10 states in spread 39
Analyzing 136 states in spread 40
Analyzing 1475 states in spread 41
Analyzing 18245 states in spread 42
Analyzing 100000 states in spread 43
Analyzing 100000 states in spread 44
Analyzing 100000 states in spread 45
Analyzing 100000 states in spread 46
Finished step 200, minimal spread 39, max spread 47, got 5 drops
Total number of curves 507513
Starting step 201
Analyzing 1 states in spread 39
Analyzing 79 states in spread 40
Analyzing 1000 states in spread 41
Analyzing 9615 states in spread 42
Analyzing 96818 states in spread 43
Analyzing 100000 states in spread 44
Analyzing 100000 states in spread 45
Analyzing 100000 states in spread 46
Finished step 201, minimal spread 40, max spread 47, got 7 drops
Total number of curves 462488
Starting step 202
Analyzing 17 states in spread 40
Analyzing 593 states in spread 41
Analyzing 6591 states in spread 42
Analyzing 55287 states in spread 43
Analyzing 100000 states in spread 44
Analyzing 100000 states in spread 45
Analyzing 100000 states in spread 46
Analyzing 100000 states in spread 47
Finished step 202, minimal spread 40, max spread 48, got 6 drops
Total number of curves 543252
Starting step 203
Analyzing 3 states in spread 40
Analyzing 180 states in spread 41
Analyzing 4034 states in spread 42
Analyzing 39035 states in spread 43
Analyzing 100000 states in spread 44
Analyzing 100000 states in spread 45
Analyzing 100000 states in spread 46
Analyzing 100000 states in spread 47
Finished step 203, minimal spread 40, max spread 48, got 8 drops
Total number of curves 526260
Starting step 204
Analyzing 2 states in spread 40
Analyzing 66 states in spread 41
Analyzing 1473 states in spread 42
Analyzing 24719 states in spread 43
Analyzing 100000 states in spread 44
Analyzing 100000 states in spread 45
Analyzing 100000 states in spread 46
Analyzing 100000 states in spread 47
Finished step 204, minimal spread 40, max spread 48, got 2 drops
Total number of curves 511068
Starting step 205
Analyzing 1 states in spread 40
Analyzing 40 states in spread 41
Analyzing 687 states in spread 42
Analyzing 10340 states in spread 43
Analyzing 100000 states in spread 44
Analyzing 100000 states in spread 45
Analyzing 100000 states in spread 46
Analyzing 100000 states in spread 47
Finished step 205, minimal spread 41, max spread 48, got 5 drops
Total number of curves 462824
Starting step 206
Analyzing 23 states in spread 41
Analyzing 411 states in spread 42
Analyzing 5487 states in spread 43
Analyzing 56903 states in spread 44
Analyzing 100000 states in spread 45
Analyzing 100000 states in spread 46
Analyzing 100000 states in spread 47
Analyzing 100000 states in spread 48
Finished step 206, minimal spread 40, max spread 49, got 9 drops
Total number of curves 536845
Starting step 207
Analyzing 1 states in spread 40
Analyzing 13 states in spread 41
Analyzing 244 states in spread 42
Analyzing 3361 states in spread 43
Analyzing 33226 states in spread 44
Analyzing 100000 states in spread 45
Analyzing 100000 states in spread 46
Analyzing 100000 states in spread 47
Analyzing 100000 states in spread 48
Finished step 207, minimal spread 40, max spread 49, got 8 drops
Total number of curves 523792
Starting step 208
Analyzing 1 states in spread 40
Analyzing 14 states in spread 41
Analyzing 162 states in spread 42
Analyzing 2057 states in spread 43
Analyzing 21558 states in spread 44
Analyzing 100000 states in spread 45
Analyzing 100000 states in spread 46
Analyzing 100000 states in spread 47
Analyzing 100000 states in spread 48
Finished step 208, minimal spread 40, max spread 49, got 6 drops
Total number of curves 515322
Starting step 209
Analyzing 1 states in spread 40
Analyzing 12 states in spread 41
Analyzing 142 states in spread 42
Analyzing 1386 states in spread 43
Analyzing 13781 states in spread 44
Analyzing 100000 states in spread 45
Analyzing 100000 states in spread 46
Analyzing 100000 states in spread 47
Analyzing 100000 states in spread 48
Finished step 209, minimal spread 41, max spread 49, got 3 drops
Total number of curves 486422
Starting step 210
Analyzing 10 states in spread 41
Analyzing 105 states in spread 42
Analyzing 1120 states in spread 43
Analyzing 9495 states in spread 44
Analyzing 75692 states in spread 45
Analyzing 100000 states in spread 46
Analyzing 100000 states in spread 47
Analyzing 100000 states in spread 48
Analyzing 100000 states in spread 49
Finished step 210, minimal spread 41, max spread 50, got 4 drops
Total number of curves 563221
Starting step 211
Analyzing 2 states in spread 41
Analyzing 71 states in spread 42
Analyzing 785 states in spread 43
Analyzing 7458 states in spread 44
Analyzing 54905 states in spread 45
Analyzing 100000 states in spread 46
Analyzing 100000 states in spread 47
Analyzing 100000 states in spread 48
Analyzing 100000 states in spread 49
Finished step 211, minimal spread 41, max spread 50, got 7 drops
Total number of curves 549484
Starting step 212
Analyzing 3 states in spread 41
Analyzing 26 states in spread 42
Analyzing 499 states in spread 43
Analyzing 5181 states in spread 44
Analyzing 43775 states in spread 45
Analyzing 100000 states in spread 46
Analyzing 100000 states in spread 47
Analyzing 100000 states in spread 48
Analyzing 100000 states in spread 49
Finished step 212, minimal spread 41, max spread 50, got 10 drops
Total number of curves 534609
Starting step 213
Analyzing 2 states in spread 41
Analyzing 30 states in spread 42
Analyzing 246 states in spread 43
Analyzing 3320 states in spread 44
Analyzing 31011 states in spread 45
Analyzing 100000 states in spread 46
Analyzing 100000 states in spread 47
Analyzing 100000 states in spread 48
Analyzing 100000 states in spread 49
Finished step 213, minimal spread 42, max spread 50, got 10 drops
Total number of curves 522476
Starting step 214
Analyzing 20 states in spread 42
Analyzing 226 states in spread 43
Analyzing 1896 states in spread 44
Analyzing 20334 states in spread 45
Analyzing 100000 states in spread 46
Analyzing 100000 states in spread 47
Analyzing 100000 states in spread 48
Analyzing 100000 states in spread 49
Finished step 214, minimal spread 42, max spread 50, got 9 drops
Total number of curves 514200
Starting step 215
Analyzing 3 states in spread 42
Analyzing 158 states in spread 43
Analyzing 1538 states in spread 44
Analyzing 12501 states in spread 45
Analyzing 100000 states in spread 46
Analyzing 100000 states in spread 47
Analyzing 100000 states in spread 48
Analyzing 100000 states in spread 49
Finished step 215, minimal spread 42, max spread 50, got 9 drops
Total number of curves 479571
Starting step 216
Analyzing 2 states in spread 42
Analyzing 44 states in spread 43
Analyzing 1079 states in spread 44
Analyzing 9699 states in spread 45
Analyzing 68747 states in spread 46
Analyzing 100000 states in spread 47
Analyzing 100000 states in spread 48
Analyzing 100000 states in spread 49
Analyzing 100000 states in spread 50
Finished step 216, minimal spread 42, max spread 51, got 10 drops
Total number of curves 561711
Starting step 217
Analyzing 1 states in spread 42
Analyzing 28 states in spread 43
Analyzing 410 states in spread 44
Analyzing 6765 states in spread 45
Analyzing 54507 states in spread 46
Analyzing 100000 states in spread 47
Analyzing 100000 states in spread 48
Analyzing 100000 states in spread 49
Analyzing 100000 states in spread 50
Finished step 217, minimal spread 42, max spread 51, got 6 drops
Total number of curves 542207
Starting step 218
Analyzing 1 states in spread 42
Analyzing 14 states in spread 43
Analyzing 264 states in spread 44
Analyzing 3034 states in spread 45
Analyzing 38894 states in spread 46
Analyzing 100000 states in spread 47
Analyzing 100000 states in spread 48
Analyzing 100000 states in spread 49
Analyzing 100000 states in spread 50
Finished step 218, minimal spread 43, max spread 51, got 3 drops
Total number of curves 521616
Starting step 219
Analyzing 12 states in spread 43
Analyzing 150 states in spread 44
Analyzing 1939 states in spread 45
Analyzing 19515 states in spread 46
Analyzing 100000 states in spread 47
Analyzing 100000 states in spread 48
Analyzing 100000 states in spread 49
Analyzing 100000 states in spread 50
Finished step 219, minimal spread 42, max spread 51, got 11 drops
Total number of curves 513955
Starting step 220
Analyzing 1 states in spread 42
Analyzing 7 states in spread 43
Analyzing 105 states in spread 44
Analyzing 1223 states in spread 45
Analyzing 12619 states in spread 46
Analyzing 100000 states in spread 47
Analyzing 100000 states in spread 48
Analyzing 100000 states in spread 49
Analyzing 100000 states in spread 50
Finished step 220, minimal spread 42, max spread 51, got 9 drops
Total number of curves 478224
Starting step 221
Analyzing 2 states in spread 42
Analyzing 11 states in spread 43
Analyzing 68 states in spread 44
Analyzing 797 states in spread 45
Analyzing 8404 states in spread 46
Analyzing 68942 states in spread 47
Analyzing 100000 states in spread 48
Analyzing 100000 states in spread 49
Analyzing 100000 states in spread 50
Analyzing 100000 states in spread 51
Finished step 221, minimal spread 43, max spread 52, got 7 drops
Total number of curves 554800
Starting step 222
Analyzing 21 states in spread 43
Analyzing 74 states in spread 44
Analyzing 523 states in spread 45
Analyzing 5367 states in spread 46
Analyzing 48815 states in spread 47
Analyzing 100000 states in spread 48
Analyzing 100000 states in spread 49
Analyzing 100000 states in spread 50
Analyzing 100000 states in spread 51
Finished step 222, minimal spread 43, max spread 52, got 7 drops
Total number of curves 536025
Starting step 223
Analyzing 3 states in spread 43
Analyzing 138 states in spread 44
Analyzing 469 states in spread 45
Analyzing 3588 states in spread 46
Analyzing 31827 states in spread 47
Analyzing 100000 states in spread 48
Analyzing 100000 states in spread 49
Analyzing 100000 states in spread 50
Analyzing 100000 states in spread 51
Finished step 223, minimal spread 43, max spread 52, got 9 drops
Total number of curves 525636
Starting step 224
Analyzing 1 states in spread 43
Analyzing 37 states in spread 44
Analyzing 804 states in spread 45
Analyzing 2917 states in spread 46
Analyzing 21877 states in spread 47
Analyzing 100000 states in spread 48
Analyzing 100000 states in spread 49
Analyzing 100000 states in spread 50
Analyzing 100000 states in spread 51
Finished step 224, minimal spread 44, max spread 52, got 8 drops
Total number of curves 522073
Starting step 225
Analyzing 20 states in spread 44
Analyzing 300 states in spread 45
Analyzing 4482 states in spread 46
Analyzing 17271 states in spread 47
Analyzing 100000 states in spread 48
Analyzing 100000 states in spread 49
Analyzing 100000 states in spread 50
Analyzing 100000 states in spread 51
Finished step 225, minimal spread 44, max spread 52, got 5 drops
Total number of curves 517483
Starting step 226
Analyzing 7 states in spread 44
Analyzing 199 states in spread 45
Analyzing 2010 states in spread 46
Analyzing 24266 states in spread 47
Analyzing 91001 states in spread 48
Analyzing 100000 states in spread 49
Analyzing 100000 states in spread 50
Analyzing 100000 states in spread 51
Finished step 226, minimal spread 44, max spread 52, got 7 drops
Total number of curves 513730
Starting step 227
Analyzing 3 states in spread 44
Analyzing 89 states in spread 45
Analyzing 1450 states in spread 46
Analyzing 12188 states in spread 47
Analyzing 100000 states in spread 48
Analyzing 100000 states in spread 49
Analyzing 100000 states in spread 50
Analyzing 100000 states in spread 51
Finished step 227, minimal spread 44, max spread 52, got 7 drops
Total number of curves 476049
Starting step 228
Analyzing 1 states in spread 44
Analyzing 58 states in spread 45
Analyzing 719 states in spread 46
Analyzing 9095 states in spread 47
Analyzing 66176 states in spread 48
Analyzing 100000 states in spread 49
Analyzing 100000 states in spread 50
Analyzing 100000 states in spread 51
Analyzing 100000 states in spread 52
Finished step 228, minimal spread 44, max spread 53, got 3 drops
Total number of curves 556597
Starting step 229
Analyzing 1 states in spread 44
Analyzing 33 states in spread 45
Analyzing 532 states in spread 46
Analyzing 4896 states in spread 47
Analyzing 51135 states in spread 48
Analyzing 100000 states in spread 49
Analyzing 100000 states in spread 50
Analyzing 100000 states in spread 51
Analyzing 100000 states in spread 52
Finished step 229, minimal spread 44, max spread 53, got 8 drops
Total number of curves 533598
Starting step 230
Analyzing 1 states in spread 44
Analyzing 16 states in spread 45
Analyzing 321 states in spread 46
Analyzing 3734 states in spread 47
Analyzing 29526 states in spread 48
Analyzing 100000 states in spread 49
Analyzing 100000 states in spread 50
Analyzing 100000 states in spread 51
Analyzing 100000 states in spread 52
Finished step 230, minimal spread 45, max spread 53, got 7 drops
Total number of curves 525399
Starting step 231
Analyzing 12 states in spread 45
Analyzing 160 states in spread 46
Analyzing 2296 states in spread 47
Analyzing 22931 states in spread 48
Analyzing 100000 states in spread 49
Analyzing 100000 states in spread 50
Analyzing 100000 states in spread 51
Analyzing 100000 states in spread 52
Finished step 231, minimal spread 45, max spread 53, got 6 drops
Total number of curves 515773
Starting step 232
Analyzing 4 states in spread 45
Analyzing 110 states in spread 46
Analyzing 1212 states in spread 47
Analyzing 14447 states in spread 48
Analyzing 100000 states in spread 49
Analyzing 100000 states in spread 50
Analyzing 100000 states in spread 51
Analyzing 100000 states in spread 52
Finished step 232, minimal spread 45, max spread 53, got 6 drops
Total number of curves 485253
Starting step 233
Analyzing 3 states in spread 45
Analyzing 56 states in spread 46
Analyzing 819 states in spread 47
Analyzing 8087 states in spread 48
Analyzing 76288 states in spread 49
Analyzing 100000 states in spread 50
Analyzing 100000 states in spread 51
Analyzing 100000 states in spread 52
Analyzing 100000 states in spread 53
Finished step 233, minimal spread 45, max spread 54, got 6 drops
Total number of curves 552689
Starting step 234
Analyzing 2 states in spread 45
Analyzing 32 states in spread 46
Analyzing 465 states in spread 47
Analyzing 5506 states in spread 48
Analyzing 46684 states in spread 49
Analyzing 100000 states in spread 50
Analyzing 100000 states in spread 51
Analyzing 100000 states in spread 52
Analyzing 100000 states in spread 53
Finished step 234, minimal spread 45, max spread 54, got 10 drops
Total number of curves 536560
Starting step 235
Analyzing 2 states in spread 45
Analyzing 19 states in spread 46
Analyzing 261 states in spread 47
Analyzing 3312 states in spread 48
Analyzing 32966 states in spread 49
Analyzing 100000 states in spread 50
Analyzing 100000 states in spread 51
Analyzing 100000 states in spread 52
Analyzing 100000 states in spread 53
Finished step 235, minimal spread 45, max spread 54, got 16 drops
Total number of curves 522738
Starting step 236
Analyzing 1 states in spread 45
Analyzing 19 states in spread 46
Analyzing 168 states in spread 47
Analyzing 1929 states in spread 48
Analyzing 20621 states in spread 49
Analyzing 100000 states in spread 50
Analyzing 100000 states in spread 51
Analyzing 100000 states in spread 52
Analyzing 100000 states in spread 53
Finished step 236, minimal spread 46, max spread 54, got 9 drops
Total number of curves 513840
Starting step 237
Analyzing 13 states in spread 46
Analyzing 147 states in spread 47
Analyzing 1279 states in spread 48
Analyzing 12401 states in spread 49
Analyzing 100000 states in spread 50
Analyzing 100000 states in spread 51
Analyzing 100000 states in spread 52
Analyzing 100000 states in spread 53
Finished step 237, minimal spread 46, max spread 54, got 8 drops
Total number of curves 476987
Starting step 238
Analyzing 2 states in spread 46
Analyzing 105 states in spread 47
Analyzing 1038 states in spread 48
Analyzing 8382 states in spread 49
Analyzing 67460 states in spread 50
Analyzing 100000 states in spread 51
Analyzing 100000 states in spread 52
Analyzing 100000 states in spread 53
Analyzing 100000 states in spread 54
Finished step 238, minimal spread 46, max spread 55, got 9 drops
Total number of curves 555150
Starting step 239
Analyzing 2 states in spread 46
Analyzing 32 states in spread 47
Analyzing 732 states in spread 48
Analyzing 6643 states in spread 49
Analyzing 47741 states in spread 50
Analyzing 100000 states in spread 51
Analyzing 100000 states in spread 52
Analyzing 100000 states in spread 53
Analyzing 100000 states in spread 54
Finished step 239, minimal spread 46, max spread 55, got 6 drops
Total number of curves 543294
Starting step 240
Analyzing 1 states in spread 46
Analyzing 27 states in spread 47
Analyzing 307 states in spread 48
Analyzing 4659 states in spread 49
Analyzing 38300 states in spread 50
Analyzing 100000 states in spread 51
Analyzing 100000 states in spread 52
Analyzing 100000 states in spread 53
Analyzing 100000 states in spread 54
Finished step 240, minimal spread 46, max spread 55, got 8 drops
Total number of curves 529851
Starting step 241
Analyzing 1 states in spread 46
Analyzing 13 states in spread 47
Analyzing 230 states in spread 48
Analyzing 2294 states in spread 49
Analyzing 27313 states in spread 50
Analyzing 100000 states in spread 51
Analyzing 100000 states in spread 52
Analyzing 100000 states in spread 53
Analyzing 100000 states in spread 54
Finished step 241, minimal spread 47, max spread 55, got 7 drops
Total number of curves 516583
Starting step 242
Analyzing 11 states in spread 47
Analyzing 134 states in spread 48
Analyzing 1621 states in spread 49
Analyzing 14817 states in spread 50
Analyzing 100000 states in spread 51
Analyzing 100000 states in spread 52
Analyzing 100000 states in spread 53
Analyzing 100000 states in spread 54
Finished step 242, minimal spread 47, max spread 55, got 7 drops
Total number of curves 489583
Starting step 243
Analyzing 4 states in spread 47
Analyzing 84 states in spread 48
Analyzing 1033 states in spread 49
Analyzing 10337 states in spread 50
Analyzing 78125 states in spread 51
Analyzing 100000 states in spread 52
Analyzing 100000 states in spread 53
Analyzing 100000 states in spread 54
Analyzing 100000 states in spread 55
Finished step 243, minimal spread 47, max spread 56, got 7 drops
Total number of curves 564783
Starting step 244
Analyzing 3 states in spread 47
Analyzing 43 states in spread 48
Analyzing 616 states in spread 49
Analyzing 6916 states in spread 50
Analyzing 57205 states in spread 51
Analyzing 100000 states in spread 52
Analyzing 100000 states in spread 53
Analyzing 100000 states in spread 54
Analyzing 100000 states in spread 55
Finished step 244, minimal spread 47, max spread 56, got 6 drops
Total number of curves 544922
Starting step 245
Analyzing 2 states in spread 47
Analyzing 34 states in spread 48
Analyzing 335 states in spread 49
Analyzing 4248 states in spread 50
Analyzing 40303 states in spread 51
Analyzing 100000 states in spread 52
Analyzing 100000 states in spread 53
Analyzing 100000 states in spread 54
Analyzing 100000 states in spread 55
Finished step 245, minimal spread 47, max spread 56, got 9 drops
Total number of curves 528794
Starting step 246
Analyzing 1 states in spread 47
Analyzing 23 states in spread 48
Analyzing 276 states in spread 49
Analyzing 2394 states in spread 50
Analyzing 26100 states in spread 51
Analyzing 100000 states in spread 52
Analyzing 100000 states in spread 53
Analyzing 100000 states in spread 54
Analyzing 100000 states in spread 55
Finished step 246, minimal spread 48, max spread 55, got 10 drops
Total number of curves 417504
Starting step 247
Analyzing 15 states in spread 48
Analyzing 194 states in spread 49
Analyzing 1916 states in spread 50
Analyzing 15379 states in spread 51
Analyzing 100000 states in spread 52
Analyzing 100000 states in spread 53
Analyzing 100000 states in spread 54
Analyzing 100000 states in spread 55
Finished step 247, minimal spread 47, max spread 54, got 14 drops
Total number of curves 294139
Starting step 248
Analyzing 1 states in spread 47
Analyzing 8 states in spread 48
Analyzing 129 states in spread 49
Analyzing 1335 states in spread 50
Analyzing 12089 states in spread 51
Analyzing 80577 states in spread 52
Analyzing 100000 states in spread 53
Analyzing 100000 states in spread 54
Finished step 248, minimal spread 47, max spread 53, got 11 drops
Total number of curves 175959
Starting step 249
Analyzing 1 states in spread 47
Analyzing 13 states in spread 48
Analyzing 83 states in spread 49
Analyzing 925 states in spread 50
Analyzing 8365 states in spread 51
Analyzing 66572 states in spread 52
Analyzing 100000 states in spread 53
Finished step 249, minimal spread 47, max spread 52, got 9 drops
Total number of curves 54192
Starting step 250
Analyzing 1 states in spread 47
Analyzing 9 states in spread 48
Analyzing 95 states in spread 49
Analyzing 636 states in spread 50
Analyzing 5949 states in spread 51
Analyzing 47502 states in spread 52
Finished step 250, minimal spread 47, max spread 51, got 7 drops
Total number of curves 4881
Starting step 251
Analyzing 1 states in spread 47
Analyzing 8 states in spread 48
Analyzing 65 states in spread 49
Analyzing 604 states in spread 50
Analyzing 4203 states in spread 51
Finished step 251, minimal spread 48, max spread 50, got 2 drops
Total number of curves 482
Starting step 252
Analyzing 6 states in spread 48
Analyzing 53 states in spread 49
Analyzing 423 states in spread 50
Finished step 252, minimal spread 48, max spread 49, got 0 drops
Total number of curves 38
Starting step 253
Analyzing 1 states in spread 48
Analyzing 37 states in spread 49
Altogether, runtime= 213.91846875
SUMMARY witness_output= logs/a3_mod7_exact_b100k_u500k_u400k_fs12_len300_seed1_20260310_witnesses.txt
SUMMARY found= False
SUMMARY first_depth= None
SUMMARY unique_witnesses= 0
SUMMARY total_hits= 0
SUMMARY accepted_hits= 0
SUMMARY rejected_hits= 0
SUMMARY witness_depth_histogram= {}
CUDA max_memory_allocated_bytes: 16527389184
CUDA max_memory_reserved_bytes: 19541262336
